Entry	PubMed IDs	DOI ID
A0A075FBG7	24990389	10.1111/tpj.12589
A0A0A6ZFY4	25320211; 25769286; 27746309; 29378087; 29509695	10.1093/pcp/pcu147; 10.1016/j.ymben.2015.03.003; 10.1016/j.jbiotec.2016.10.011; 10.1002/bab.1649; 10.3390/molecules23030589
A0A0E3D8M9	26213965	10.3390/toxins7082701
A0A0E3D8P4	26213965	10.3390/toxins7082701
A0A0M3Q1Q3	26750479; 24915411; 28365519; 29785774; 29874939; 33664752; 32448034; 30836858; 32834111; 33855010	10.1107/s2053230x15023043; 10.1080/10408398.2011.653458; 10.1016/j.plaphy.2017.03.016; 10.1002/ptr.6109; 10.1080/14786419.2018.1480618; 10.3389/fpls.2020.601335; 10.1080/07391102.2020.1772112; 10.1080/07391102.2019.1590243; 10.1016/j.molstruc.2020.128823; 10.3389/fchem.2021.642026
A0A0P0ZD79	26546087; 40456796	10.1002/anie.201509263; 10.1038/s41467-025-60537-3
A0A140JWS2	25831977	10.1002/anie.201501072
A0A1D6EFT8	19965430; 18937034; 19936069; 29570233; 30187155	10.1126/science.1178534; 10.1007/s11103-008-9415-4; 10.1371/journal.pgen.1000740; 10.1111/tpj.13901; 10.1007/s00425-018-2999-2
A0A1D6HSP4	19965430; 18937034; 27662898; 30187155	10.1126/science.1178534; 10.1007/s11103-008-9415-4; 10.1105/tpc.15.00919; 10.1007/s00425-018-2999-2
A0A1D6K6U5	16307364; 19965430; 29475898	10.1007/s11103-005-1674-8; 10.1126/science.1178534; 10.1104/pp.17.01351
A0A1D6LTV0	18218975; 19965430; 19936069; 30187155	10.1104/pp.107.109553; 10.1126/science.1178534; 10.1371/journal.pgen.1000740; 10.1007/s00425-018-2999-2
A0A1E1FFL0	27602587; 28759016; 29317628	10.1021/jacs.6b08424; 10.1038/nchembio.2443; 10.1038/s41467-017-02371-w
A0A1L6Z3A0	28096378	10.1073/pnas.1612901114
A0A1S5RW73	28204567; 27865008; 30468448	10.1093/jxb/erw493; 10.1111/tpj.13427; 10.1039/c8np00077h
A0A1V0E492	29248443	10.1016/j.abb.2017.12.011
A0A1V0E4A6	29248443	10.1016/j.abb.2017.12.011
A0A1V0QSF9	28355238	10.1371/journal.pone.0173911
A0A1V0QSG0	28355238	10.1371/journal.pone.0173911
A0A1V0QSG6	28355238	10.1371/journal.pone.0173911
A0A1V0QSH2	28355238	10.1371/journal.pone.0173911
A0A1W6QDI7	28381502; 28445526	10.1104/pp.17.00202; 10.1371/journal.pone.0176507
A0A2K9RFZ2	29315936; 12809367; 30468448	10.1111/tpj.13822; 10.1078/094471103322004866; 10.1039/c8np00077h
A0A2P2GK84	36416740	10.1021/jacs.2c09412
A0A2R4QKX7	29248443	10.1016/j.abb.2017.12.011
A0A348FUE1	28869716; 31978464	10.1002/cbic.201700445; 10.1016/j.jsb.2020.107463
A0A386KZ50	30262498; 10223631; 32457155	10.1126/science.aau0382; 10.1002/(sici)1522-7189(199805/08)6:3/4<153::aid-nt16>3.0.co;2-1; 10.1073/pnas.2001325117
A0A3S5XFG0		10.1039/c8qo01124a
A0A455R4Z0	30952781; 12084465; 12798927; 20688188; 35418536	10.1073/pnas.1819254116; 10.1016/s0925-4439(02)00086-8; 10.1016/s1383-5769(03)00012-6; 10.1016/j.parint.2010.07.006; 10.2323/jgam.2021.08.001
A0A5S9I252	31418991	10.1002/anie.201907964
A0A6P6W6H5	23398891	10.1016/j.phytochem.2013.01.005
A0A858E6N7	32913319	10.1038/s41598-020-71219-z
A0A858E7G0	32913319; 21536894	10.1038/s41598-020-71219-z; 10.1073/pnas.1019315108
A0A8D5M3Y5	35057611	10.1021/acs.jnatprod.1c00973
A0A8H7XP09	34322225; 40318115	10.12688/f1000research.51613.2; 10.1002/cbic.202500167
A0A8H8CMW1	34322225; 37614035	10.12688/f1000research.51613.2; 10.1002/cbic.202300511
A1C8C3	18404212; 23324037; 27116000; 28362483	10.1371/journal.pgen.1000046; 10.1021/ol303408a; 10.1021/acs.orglett.6b00552; 10.1021/acs.biochem.7b00137
A1DN30	18404212; 26332841; 29410538	10.1371/journal.pgen.1000046; 10.1021/jacs.5b08319; 10.1038/s41598-018-20916-x
A2PZA5	17360612; 21299202; 22287087; 22870285; 26734760; 34108468; 36227241; 39365814	10.1073/pnas.0608426104; 10.1021/ja107785u; 10.1002/cbic.201100725; 10.1371/journal.pone.0042090; 10.1021/acschembio.5b00960; 10.1038/s41467-021-23589-9; 10.1021/acs.biochem.2c00509; 10.1073/pnas.2408064121
A4FVP2	9461215; 10617198; 27862469; 11910074; 12624761; 11710601; 12207221; 12566586; 12777052; 16297850; 17905899; 20463089	10.1038/35140; 10.1038/47134; 10.1111/tpj.13415; 10.1126/science.1071006; 10.1007/s00425-002-0924-0; 10.1023/a:1012213116515; 10.1007/s00438-002-0709-y; 10.1105/tpc.007989; 10.1023/a:1023005504702; 10.1016/j.abb.2005.09.019; 10.1105/tpc.106.049981; 10.1104/pp.110.154864
A5A8G0	17064690; 18079367; 29237241; 26248039	10.1016/j.febslet.2006.10.018; 10.1126/science.1150646; 10.1111/tpj.13801; 10.1016/j.plaphy.2015.07.011
A5PHD6	17912413; 29773797; 9262310; 20552126	10.1039/b708614h; 10.1038/s41467-018-04364-9; 10.1039/c0cc01162b
A5Y5L5	17611797	10.1007/s11103-007-9202-7
A6XH05	17557809	10.1105/tpc.106.047779
A6XH06	17557809	10.1105/tpc.106.047779
A7IZZ1	31138625	10.1177/1934578X0700200301; 10.1104/pp.18.01506
A7IZZ2		10.1177/1934578X0700200301
B1W019	18375553; 21693706	10.1128/jb.00204-08; 10.1074/jbc.m111.265652
B2C4D0	18296628; 19965430; 28428873; 29151152; 30187155	10.1105/tpc.107.051672; 10.1126/science.1178534; 10.1002/ece3.2893; 10.1007/s10886-017-0904-2; 10.1007/s00425-018-2999-2
B5HDJ6	23307484; 24890698	10.1002/anie.201209103; 10.1002/anie.201403648
B7FXW1	30478288; 18923393	10.1038/s41564-018-0305-5; 10.1038/nature07410
C5H429	18495659; 23638869; 29703587; 15678372; 19664791; 22195571; 27488942; 30851440; 30468448; 32514287; 32405226	10.1074/jbc.m803090200; 10.1111/nph.12274; 10.1016/j.molp.2018.03.015; 10.1055/s-2005-837749; 10.1016/j.phytochem.2009.07.009; 10.1016/j.plantsci.2011.10.019; 10.1002/anie.201601967; 10.1016/j.molp.2019.02.011; 10.1039/c8np00077h; 10.1186/s13020-020-00336-8; 10.1016/j.phrs.2020.104901
C5I9X1	29703587; 22195571; 23575629; 27488942; 30851440; 30468448; 32514287; 32405226	10.1139/B09-032; 10.1016/j.molp.2018.03.015; 10.1016/j.plantsci.2011.10.019; 10.1038/nature12051; 10.1002/anie.201601967; 10.1016/j.molp.2019.02.011; 10.1039/c8np00077h; 10.1186/s13020-020-00336-8; 10.1016/j.phrs.2020.104901
D5KXD2	20431087; 21813655; 21818683	10.1104/pp.110.157214; 10.1104/pp.111.179648; 10.1007/s11103-011-9813-x
E1XUJ2	22286981; 24952578; 20663876; 21950166; 27062179; 28068311	10.1128/aem.07226-11; 10.1186/1471-2180-14-164; 10.1074/jbc.m109.084244; 10.1515/znc-2011-7-813; 10.1002/1873-3468.12165; 10.1038/nchembio.2271; 10.1021/acscatal.0c02958
E2E2N7	20419468	10.1007/s11103-010-9636-1; 10.1016/j.indcrop.2018.07.006
E2E2P0	20419468; 24915411; 26156773; 27915173; 30231481; 29785774; 29874939; 33664752; 32448034; 30836858; 32834111; 33855010	10.1007/s11103-010-9636-1; 10.1080/10408398.2011.653458; 10.1098/rspb.2015.1111; 10.1016/j.plaphy.2016.11.023; 10.3390/ijms19092805; 10.1002/ptr.6109; 10.1080/14786419.2018.1480618; 10.3389/fpls.2020.601335; 10.1080/07391102.2020.1772112; 10.1080/07391102.2019.1590243; 10.1016/j.molstruc.2020.128823; 10.3389/fchem.2021.642026
E4MYY0	21059706; 24399794	10.1093/dnares/dsq026; 10.1002/cbic.201300708
E9F5E9	21253567; 25368161; 27189118; 34863012	10.1371/journal.pgen.1001264; 10.1073/pnas.1412662111; 10.1038/ja.2016.54; 10.1111/1462-2920.15859
F1CKI6	21385377; 21323772	10.1186/1471-2229-11-43; 10.1111/j.1365-313x.2010.04478.x
F2XF95	21385377	10.1186/1471-2229-11-43
F2XF96	21385377	10.1186/1471-2229-11-43
F2XF99	21385377	10.1186/1471-2229-11-43
F2XFA8	21385377	10.1186/1471-2229-11-43
F2XFB2	21385377; 16415217	10.1186/1471-2229-11-43; 10.1104/pp.105.071803
F8JK18	31034729; 35819825	10.1002/anie.201902950; 10.1002/anie.202209785
G0Y7D3		10.1007/s11295-011-0377-3
G1JUH1	21813655	10.1104/pp.111.179648
G5CV52	21818683; 21813655; 22660326	10.1007/s11103-011-9813-x; 10.1104/pp.111.179648; 10.1038/nature11119
G5CV54	21813655; 22660326; 21818683	10.1104/pp.111.179648; 10.1038/nature11119; 10.1007/s11103-011-9813-x
G8H5M7	21818683	10.1007/s11103-011-9813-x
G8H5M8	21818683	10.1007/s11103-011-9813-x
G8H5M9	21818683	10.1007/s11103-011-9813-x
G8H5N0	21818683	10.1007/s11103-011-9813-x
G8H5N1	21818683	10.1007/s11103-011-9813-x
G9MAN7	22027823; 21551031; 22908266	10.1074/jbc.m111.302703; 10.1126/science.1203810; 10.1073/pnas.1204300109
H1VQB1	22885923; 28851275; 32286350	10.1038/ng.2372; 10.1186/s12864-017-4083-x; 10.1038/s41467-020-15664-4
H1ZV37	22286981; 24952578	10.1128/aem.07226-11; 10.1186/1471-2180-14-164
H1ZV38	22286981; 24952578	10.1128/aem.07226-11; 10.1186/1471-2180-14-164
H2ELN1	21527560	10.1093/mp/ssr021
H3JQW0	22286514; 23524667; 6848481; 22267661	10.1007/s00253-011-3859-1; 10.1128/aem.03958-12; 10.1128/jb.153.1.140-152.1983; 10.1128/aem.07694-11
H6U1I8	23104830; 22385412; 15964038; 29122986; 30468448	10.1105/tpc.112.105031; 10.1111/j.1365-313x.2012.04980.x; 10.1016/j.phytochem.2005.05.005; 10.1104/pp.17.01330; 10.1039/c8np00077h
H6WZF2	21527560	10.1093/mp/ssr021
H8ZM70	22337889	10.1074/jbc.m111.317669
I1RL14	17823352; 20237561; 26198851; 32286350; 37504684	10.1126/science.1143708; 10.1038/nature08850; 10.1186/s12864-015-1756-1; 10.1038/s41467-020-15664-4; 10.3390/jof9070695
I7H727	23072391; 21818683	10.2174/138920112804724864; 10.1007/s11103-011-9813-x
J7FIX8	23468653; 29457197	10.1371/journal.pgen.1003323; 10.1007/s00253-018-8807-x
K7WDL7	23172143; 30531909; 26768532; 26868105; 26551396	10.1038/nature11692; 10.1038/s41589-018-0185-2; 10.1002/anie.201508310; 10.1016/j.jsb.2016.02.010; 10.1038/nchembio.1955
K7WQ45	23757397; 23134568; 22660326; 25786135	10.1105/tpc.113.111013; 10.1111/tpj.12063; 10.1038/nature11119; 10.1371/journal.pone.0119302
N4V6D4	23252678; 30893003	10.1111/nph.12085; 10.1094/mpmi-12-18-0352-a; 10.1016/j.tetlet.2018.02.022
O48651	15356323; 15493471; 15821288; 15538577; 19857882; 23232757; 23467002; 24198659; 27746309; 29378087; 29509695; 30577538	10.1034/j.1399-3054.2003.00124.x; 10.1093/pcp/pch126; 10.1360/03yc0074; 10.1093/pcp/pci103; 10.1007/s00299-004-0845-4; 10.1016/j.phytochem.2009.09.031; 10.1007/s00128-012-0891-5; 10.1016/j.jbiotec.2013.02.012; 10.5142/jgr.2013.37.332; 10.1016/j.procbio.2013.05.019; 10.1016/j.jbiotec.2016.10.011; 10.1002/bab.1649; 10.3390/molecules23030589; 10.3390/molecules24010014
O48666	15356323; 25642758; 15493471; 15821288; 15538577; 23467002; 27746309; 29378087; 29509695; 30577538	10.1093/pcp/pch126; 10.3390/ijms16023035; 10.1034/j.1399-3054.2003.00124.x; 10.1360/03yc0074; 10.1093/pcp/pci103; 10.1007/s00299-004-0845-4; 10.1007/s11240-009-9535-9; 10.1016/j.jbiotec.2013.02.012; 10.1016/j.procbio.2013.05.019; 10.1016/j.jbiotec.2016.10.011; 10.1002/bab.1649; 10.3390/molecules23030589; 10.3390/molecules24010014
O50406	9634230; 15719101; 19618417; 21969609	10.1038/31159; 10.1039/b415346d; 10.1002/cbic.200900248; 10.1074/mcp.m111.011445
O64961	9482865; 11090225; 21813655; 21818683	10.1073/pnas.95.5.2216; 10.1105/tpc.12.11.2283; 10.1104/pp.111.179648; 10.1007/s11103-011-9813-x
O81192	9614092; 12432096	10.1074/jbc.273.24.14891; 10.1073/pnas.232591099
O82140	9746369; 15356323; 15821288; 15538577; 23232757; 24198659; 29378087; 29509695; 30577538	10.1046/j.1432-1327.1998.2560238.x; 10.1093/pcp/pch126; 10.1093/pcp/pci103; 10.1007/s00299-004-0845-4; 10.1007/s00128-012-0891-5; 10.5142/jgr.2013.37.332; 10.1002/bab.1649; 10.3390/molecules23030589; 10.3390/molecules24010014
P0C565	11287653; 23104830; 15964038; 25378387; 29122986; 30468448	10.1073/pnas.071543598; 10.1105/tpc.112.105031; 10.1016/j.phytochem.2005.05.005; 10.1074/jbc.m114.623348; 10.1104/pp.17.01330; 10.1039/c8np00077h
P0DI76	15299125; 10907853; 10819329; 27862469; 19423640; 12207221; 12566586; 12777052	10.1104/pp.104.044388; 10.1093/dnares/7.3.217; 10.1093/dnares/7.2.131; 10.1111/tpj.13415; 10.1093/dnares/dsp009; 10.1007/s00438-002-0709-y; 10.1105/tpc.007989; 10.1023/a:1023005504702
P0DI77	15299125; 10907853; 27862469; 19423640; 12207221; 12566586; 12777052	10.1104/pp.104.044388; 10.1093/dnares/7.3.217; 10.1111/tpj.13415; 10.1093/dnares/dsp009; 10.1007/s00438-002-0709-y; 10.1105/tpc.007989; 10.1023/a:1023005504702
P0DO35	24915411; 26156773; 28365519; 30231481; 29785774; 29874939; 33664752; 32448034; 30836858; 32834111; 33855010	10.1080/10408398.2011.653458; 10.1098/rspb.2015.1111; 10.1016/j.plaphy.2017.03.016; 10.1016/j.indcrop.2018.07.006; 10.3390/ijms19092805; 10.1002/ptr.6109; 10.1080/14786419.2018.1480618; 10.3389/fpls.2020.601335; 10.1080/07391102.2020.1772112; 10.1080/07391102.2019.1590243; 10.1016/j.molstruc.2020.128823; 10.3389/fchem.2021.642026
P0DO38	24915411; 28365519; 29785774; 29874939; 33664752; 32448034; 30836858; 32834111; 33855010	10.1080/10408398.2011.653458; 10.1016/j.plaphy.2017.03.016; 10.1002/ptr.6109; 10.1080/14786419.2018.1480618; 10.3389/fpls.2020.601335; 10.1080/07391102.2020.1772112; 10.1080/07391102.2019.1590243; 10.1016/j.molstruc.2020.128823; 10.3389/fchem.2021.642026
P0DO39	24915411; 26156773; 27915173; 30231481; 29785774; 29874939; 33664752; 32448034; 30836858; 32834111; 33855010	10.1080/10408398.2011.653458; 10.1098/rspb.2015.1111; 10.1016/j.plaphy.2016.11.023; 10.1016/j.indcrop.2018.07.006; 10.3390/ijms19092805; 10.1002/ptr.6109; 10.1080/14786419.2018.1480618; 10.3389/fpls.2020.601335; 10.1080/07391102.2020.1772112; 10.1080/07391102.2019.1590243; 10.1016/j.molstruc.2020.128823; 10.3389/fchem.2021.642026
P0DO41	24915411; 30231481; 29785774; 29874939; 33664752; 32448034; 30836858; 32834111; 33855010	10.1080/10408398.2011.653458; 10.1016/j.indcrop.2018.07.006; 10.3390/ijms19092805; 10.1002/ptr.6109; 10.1080/14786419.2018.1480618; 10.3389/fpls.2020.601335; 10.1080/07391102.2020.1772112; 10.1080/07391102.2019.1590243; 10.1016/j.molstruc.2020.128823; 10.3389/fchem.2021.642026
P0DO42	24915411; 29785774; 29874939; 33664752; 32448034; 30836858; 32834111; 33855010	10.1080/10408398.2011.653458; 10.1002/ptr.6109; 10.1080/14786419.2018.1480618; 10.3389/fpls.2020.601335; 10.1080/07391102.2020.1772112; 10.1080/07391102.2019.1590243; 10.1016/j.molstruc.2020.128823; 10.3389/fchem.2021.642026
P11712	2827463; 3697070; 14702039; 15164054; 15489334; 2963808; 3032244; 3196692; 1445376; 3079764; 3243766; 1857342; 8809086; 8215449; 7574697; 9866708; 9435160; 11950794; 12865317; 15766564; 19965576; 21576599; 24275569; 12861225; 8946475; 9110362; 10739176; 11455026; 11926893; 15469410; 21451434; 23582453; 24956244; 25994031	10.1093/nar/15.23.10053; 10.1038/ng1285; 10.1038/nature02462; 10.1101/gr.2596504; 10.1093/oxfordjournals.jbchem.a122145; 10.1021/bi00378a016; 10.1021/bi00418a039; 10.1016/s0021-9258(17)36183-5; 10.1093/oxfordjournals.jbchem.a122582; 10.1016/s0026-895x(25)12858-7; 10.1006/abbi.1996.0414; 10.1006/abbi.1993.1536; 10.1006/abbi.1995.1438; 10.1006/abio.1998.2897; 10.1016/s0022-3565(24)37230-1; 10.1124/dmd.30.5.602; 10.1210/en.2003-0192; 10.1016/j.bbrc.2005.02.103; 10.1194/jlr.m003061; 10.1194/jlr.m014084; 10.1016/j.jprot.2013.11.014; 10.1038/nature01862; 10.1097/00008571-199610000-00007; 10.1097/00008571-199702000-00007; 10.1097/00008571-200002000-00011; 10.1124/mol.60.2.382; 10.1001/jama.287.13.1690; 10.1517/14622416.5.7.895; 10.1097/fpc.0b013e328344c340; 10.1016/j.thromres.2013.03.019; 10.2217/pgs.14.47; 10.1124/dmd.115.063412
P13513	2777086; 11352533; 3800398; 2817906; 16347944; 2317042; 7873527; 7651333; 8593041; 8823172; 9435078; 10583973; 12039755; 12135578; 12620849; 12732543; 14532047; 16917519; 11698643; 11827517; 16171386; 15835903; 17678871; 17996718	10.1016/0378-1119(89)90098-x; 10.1006/fgbi.2001.1256; 10.1016/0003-9861(86)90386-3; 10.1016/0003-9861(89)90353-6; 10.1128/aem.55.6.1500-1503.1989; 10.1128/aem.56.3.702-706.1990; 10.1021/bi00008a011; 10.1007/bf02456618; 10.1128/aem.62.2.353-359.1996; 10.1021/bi961344y; 10.1128/aem.64.1.221-225.1998; 10.1128/aem.65.12.5252-5256.1999; 10.1128/aem.68.6.2959-2964.2002; 10.1016/s1087-1845(02)00021-x; 10.1128/aem.69.3.1607-1613.2003; 10.1128/aem.69.5.2731-2736.2003; 10.1128/aem.69.10.5935-5940.2003; 10.1139/w06-011; 10.1073/pnas.231313098; 10.1021/bi011960g; 10.1021/bi0510476; 10.1021/bi050059o; 10.1016/j.abb.2007.06.016; 10.1016/j.abb.2007.10.015
P29704	1807826; 2068081; 8091229; 24374639; 8323279; 8663358; 9742963; 10209263; 14562095; 14562106; 32679672	10.1007/bf00317063; 10.1073/pnas.88.14.6038; 10.1126/science.8091229; 10.1534/g3.113.008995; 10.1006/abbi.1993.1331; 10.1074/jbc.271.28.16927; 10.1016/s0014-5793(98)01019-9; 10.1016/s0167-4781(99)00035-4; 10.1038/nature02026; 10.1038/nature02046; 10.3390/genes11070795
P32476	1743514; 9169869; 24374639; 8358382; 9450962; 14562106; 12872131; 14557538; 15995173; 16847258; 22106047; 32679672	10.1016/0378-1119(91)90310-8; 10.1038/387s081; 10.1534/g3.113.008995; 10.1248/bpb.16.349; 10.1091/mbc.9.2.375; 10.1038/nature02046; 10.1038/nbt849; 10.1073/pnas.2135500100; 10.1194/jlr.m500153-jlr200; 10.1073/pnas.0604075103; 10.1002/pmic.201100166; 10.3390/genes11070795
P33247	1729216; 9532806; 2253626; 9295270; 9931258; 12031670; 12747780; 15113001	10.1128/jb.174.1.298-302.1992; 10.1271/bbb.62.407; 10.1111/j.1432-1033.1990.tb19429.x; 10.1016/0304-4165(86)90027-9; 10.1126/science.277.5333.1811; 10.1006/jmbi.1998.2470; 10.1016/s1074-5521(02)00138-2; 10.1021/jm0211218; 10.1016/j.chembiol.2003.12.013
P33261	2009263; 8095407; 15164054; 8215410; 11950794; 18577768; 19965576; 20972997; 23959307; 24275569; 28378927; 23118231; 8195181; 7969038; 9103550; 9732415; 10022751; 10411572; 12464799; 15499191; 15469410; 16141610	10.1021/bi00227a012; 10.1021/bi00056a025; 10.1038/nature02462; 10.1006/abbi.1993.1506; 10.1124/dmd.30.5.602; 10.1194/jlr.m800199-jlr200; 10.1194/jlr.m003061; 10.1002/rcm.4760; 10.1128/aac.00843-13; 10.1016/j.jprot.2013.11.014; 10.1002/cpt.690; 10.1074/jbc.m112.424895; 10.1016/s0021-9258(17)40694-6; 10.1016/s0026-895x(25)09788-3; 10.1016/s0022-3565(24)36606-6; 10.1016/s0022-3565(24)37748-1; 10.1097/00008571-199804000-00006; 10.1016/s0022-3565(24)34944-4; 10.1097/00008571-200212000-00004; 10.2133/dmpk.19.236; 10.1517/14622416.5.7.895; 10.2133/dmpk.20.300
P36596	8474436; 11859360; 8586261; 17016471; 16823372; 18310029	10.1128/mcb.13.5.2706-2717.1993; 10.1038/nature724; 10.1111/j.1574-6968.1995.tb07929.x; 10.1038/sj.emboj.7601329; 10.1038/nbt1222; 10.1099/mic.0.2007/011155-0
P37268	8474436; 7685352; 8294001; 7864626; 14702039; 16421571; 15489334; 21269460; 24275569; 25944712; 29909962; 10896663; 24531458; 18350552	10.1128/mcb.13.5.2706-2717.1993; 10.1016/s0021-9258(18)31461-3; 10.1016/0378-1119(93)90462-c; 10.1006/abbi.1995.1095; 10.1038/ng1285; 10.1038/nature04406; 10.1101/gr.2596504; 10.1186/1752-0509-5-17; 10.1016/j.jprot.2013.11.014; 10.1002/pmic.201400617; 10.1016/j.ajhg.2018.05.004; 10.1074/jbc.m004132200; 10.1107/s1399004713026230; 10.1002/humu.20702
P38604	8134375; 8041797; 8091229; 24374639; 17322287; 1731628; 11706015; 12842197; 14562095; 14562106; 16235265; 22814378; 32679672	10.1073/pnas.91.6.2211; 10.1073/pnas.91.15.7370; 10.1126/science.8091229; 10.1534/g3.113.008995; 10.1101/gr.6037607; 10.1016/0003-9861(92)90374-6; 10.1074/jbc.m104195200; 10.1016/s1388-1981(03)00088-x; 10.1038/nature02026; 10.1038/nature02046; 10.1002/cbic.200500107; 10.1073/pnas.1210303109; 10.3390/genes11070795
P38605	7505443; 10617197; 27862469; 14593172; 11247608; 12465912; 12081472; 15515077; 16531458; 18287026	10.1073/pnas.90.24.11628; 10.1038/45471; 10.1111/tpj.13415; 10.1126/science.1088305; 10.1021/ja0013226; 10.1023/a:1006476123930; 10.1021/ol0269897; 10.1021/bi0200920; 10.1002/cbic.200400086; 10.1093/pcp/pcj031; 10.1073/pnas.0712190105
P48449	7639730; 8593458; 14702039; 10598817; 10830953; 15489334; 14766201; 8655142; 21269460; 22814378; 24275569; 26200341; 25944712; 29016354; 30401459; 30723320; 15525992	10.1006/bbrc.1995.2110; 10.1248/bpb.18.1459; 10.1038/ng1285; 10.1007/s004390051135; 10.1038/35012518; 10.1101/gr.2596504; 10.1016/j.bbrc.2004.01.052; 10.1007/bf02281872; 10.1186/1752-0509-5-17; 10.1073/pnas.1210303109; 10.1016/j.jprot.2013.11.014; 10.1038/nature14650; 10.1002/pmic.201400617; 10.1515/jpem-2017-0101; 10.1016/j.ajhg.2018.09.011; 10.1038/s41436-019-0445-x; 10.1038/nature02993
P48450	7568116; 7735243; 16440058	10.1073/pnas.92.20.9274; 10.1248/bpb.18.195; 10.1172/jci20797
P49350	8682304; 10814821; 29703587; 19664791; 22195571; 24689216; 27488942; 30468448; 32514287; 32405226	10.1016/0378-1119(96)00054-6; 10.1016/s0168-9452(00)00217-x; 10.1016/j.molp.2018.03.015; 10.1111/j.1744-7909.2006.00208.x; 10.1016/j.phytochem.2009.07.009; 10.1007/s11240-010-9775-8; 10.1007/s10725-010-9510-9; 10.1016/j.plantsci.2011.10.019; 10.1177/1934578x1400900320; 10.1002/anie.201601967; 10.1039/c8np00077h; 10.1186/s13020-020-00336-8; 10.1016/j.phrs.2020.104901
P52019	7873613; 15489334	10.1016/0167-4781(94)00245-x; 10.1101/gr.2596504
P52020	7814369; 15489334; 17112472	10.1074/jbc.270.1.17; 10.1101/gr.2596504; 10.1016/j.bbrc.2006.11.014
P53798	7999794; 16141072; 15489334; 10521476; 21183079	10.1016/0167-4781(94)00178-6; 10.1126/science.1112014; 10.1101/gr.2596504; 10.1074/jbc.274.43.30843; 10.1016/j.cell.2010.12.001
P62623	11818558; 2011499; 1630901; 9278503; 16738553; 8432714; 11418107; 11717301; 12198182; 12706830; 12571359; 15469281; 22012762; 19569147; 20080550; 22687151; 22137895; 22948824; 23307751	10.1073/pnas.032658999; 10.1093/nar/19.1.180; 10.1093/nar/20.13.3305; 10.1126/science.277.5331.1453; 10.1038/msb4100049; 10.1128/jb.175.4.1203-1205.1993; 10.1016/s0014-5793(01)02516-9; 10.1128/jb.183.24.7403-7407.2001; 10.1073/pnas.182412599; 10.1016/s0014-5793(03)00317-x; 10.1073/pnas.0337742100; 10.1021/ja0471727; 10.1002/anie.201104562; 10.1002/anie.200900548; 10.1073/pnas.0913045107; 10.1021/ja303445z; 10.1016/j.jmb.2011.11.033; 10.1038/ncomms2052; 10.1002/anie.201208469
P82679	10769172	10.1042/0264-6021:3470693
P84466	14678783	10.1016/j.abb.2003.09.036
P9WEQ2	30090271; 30123464	10.1039/c5sc01965f; 10.1039/c6sc90012g
P9WEW0	22745431; 24166732; 26239156	10.1126/science.1221748; 10.1002/cbic.201300349; 10.1002/cbic.201500308
P9WEW1	22745431; 24166732; 26239156	10.1126/science.1221748; 10.1002/cbic.201300349; 10.1002/cbic.201500308
P9WEW2	22745431; 24166732; 26239156	10.1126/science.1221748; 10.1002/cbic.201300349; 10.1002/cbic.201500308
P9WEW8	22992219; 32286350	10.1186/1471-2164-13-493; 10.1038/s41467-020-15664-4
P9WEX3	32286350	10.1038/s41467-020-15664-4
P9WEX9	25263348; 32286350	10.1186/1471-2164-15-822; 10.1038/s41467-020-15664-4
Q02769	1569107; 1400448; 15489334; 8509416; 9575210; 16440058	10.1016/s0021-9258(18)42489-1; 10.1016/s0021-9258(19)36619-0; 10.1101/gr.2596504; 10.1016/s0021-9258(18)31462-5; 10.1074/jbc.273.20.12515; 10.1172/jci20797
Q03471	8440737; 16345540; 15186158; 24239699; 26274339; 27921136; 10825154	10.1016/S0021-9258(18)53644-9; 10.1128/aem.39.4.770-776.1980; 10.1021/ja0499593; 10.1016/j.fgb.2013.10.009; 10.1002/anie.201506128; 10.1007/s00253-016-7995-5; 10.1074/jbc.m000433200
Q08IT1	16962103; 17088293; 23484102; 23232757; 23467002; 24198659; 24889095; 25981048; 27746309; 29378087; 29509695; 30577538	10.1016/j.febslet.2006.08.044; 10.1093/pcp/pcl032; 10.1155/2013/285740; 10.1007/s00128-012-0891-5; 10.1016/j.jbiotec.2013.02.012; 10.5142/jgr.2013.37.332; 10.1016/j.procbio.2013.05.019; 10.1002/bab.1256; 10.1007/s00299-015-1806-9; 10.1016/j.jbiotec.2016.10.011; 10.1002/bab.1649; 10.3390/molecules23030589; 10.3390/molecules24010014
Q0JA81	25824047; 12447439; 16100779; 18089549; 24280374; 15685292; 17141283; 23944972	10.1016/j.bbrc.2015.03.104; 10.1038/nature01183; 10.1038/nature03895; 10.1093/nar/gkm978; 10.1186/1939-8433-6-4; 10.1371/journal.pbio.0030038; 10.1016/j.phytochem.2006.10.016; 10.1111/plb.12069
Q0JF02	15341631; 12447439; 16100779; 18089549; 24280374; 12869764; 15255861; 23621683	10.1111/j.1365-313x.2004.02175.x; 10.1038/nature01183; 10.1038/nature03895; 10.1093/nar/gkm978; 10.1186/1939-8433-6-4; 10.1126/science.1081288; 10.1111/j.1365-313x.2004.02137.x; 10.1111/ppl.12066
Q14534	9286711; 10666321; 14702039; 17974005; 16421571; 15489334; 8626488; 21269460; 24449766; 26434806; 25944712; 28972164; 29765154; 30626872	10.1006/geno.1997.4825; 10.1006/abbi.1999.1629; 10.1038/ng1285; 10.1186/1471-2164-8-399; 10.1038/nature04406; 10.1101/gr.2596504; 10.1074/jbc.271.14.8053; 10.1186/1752-0509-5-17; 10.1128/mcb.01140-13; 10.1074/jbc.m115.675181; 10.1002/pmic.201400617; 10.1074/jbc.m117.794230; 10.1038/s41388-018-0281-5; 10.1038/s41467-018-07928-x
Q1EG72	15980197; 18524777; 19965430; 28931629; 30187155	10.1104/pp.105.061200; 10.1074/jbc.m802682200; 10.1126/science.1178534; 10.1104/pp.17.00879; 10.1007/s00425-018-2999-2
Q1PS23	16612385; 18816428; 22986332; 23246612; 23638869; 29703587; 16458889; 19664791; 20351109; 21388533; 22195571; 22247290; 23575629; 27488942; 30851440; 30468448; 32514287; 32405226	10.1038/nature04640; 10.1055/s-2008-1081333; 10.1016/j.gene.2012.09.015; 10.1016/j.febslet.2012.11.031; 10.1111/nph.12274; 10.1016/j.molp.2018.03.015; 10.1016/j.febslet.2006.01.065; 10.1139/B09-032; 10.1016/j.phytochem.2009.07.009; 10.1074/jbc.m110.111757; 10.1186/1471-2229-11-45; 10.1007/s10725-010-9510-9; 10.1016/j.plantsci.2011.10.019; 10.1073/pnas.1110740109; 10.1038/nature12051; 10.1002/anie.201601967; 10.1016/j.molp.2019.02.011; 10.1039/c8np00077h; 10.1186/s13020-020-00336-8; 10.1016/j.phrs.2020.104901
Q29VN2	27662898; 19965430; 26378100; 30187155	10.1105/tpc.15.00919; 10.1126/science.1178534; 10.1104/pp.15.01039; 10.1007/s00425-018-2999-2
Q29VN3	19965430; 21607717; 30187155	10.1126/science.1178534; 10.1007/s10886-011-9967-7; 10.1007/s00425-018-2999-2
Q2NM15	16418295; 18296628; 19646721; 21607717; 30187155	10.1073/pnas.0508027103; 10.1105/tpc.107.051672; 10.1016/j.phytochem.2009.06.011; 10.1007/s10886-011-9967-7; 10.1007/s00425-018-2999-2
Q38710	8798524; 11404343; 9539701; 11112547; 10814381; 11552804; 11827528; 11805316; 12614165; 18052062; 20430888; 22219188	10.1074/jbc.271.38.23262; 10.1093/genetics/158.2.811; 10.1073/pnas.95.8.4126; 10.1021/bi001997l; 10.1021/ol991230p; 10.1021/ja010670k; 10.1021/bi011879d; 10.1073/pnas.022627099; 10.1021/bi020492n; 10.1021/ja074977g; 10.1074/jbc.m110.123307; 10.1074/jbc.m111.337592
Q38802	7994182; 10617198; 27862469; 12207221; 12566586; 12777052; 17457817; 20430888; 21602811	10.1105/tpc.6.10.1509; 10.1038/47134; 10.1111/tpj.13415; 10.1007/s00438-002-0709-y; 10.1105/tpc.007989; 10.1023/a:1023005504702; 10.1002/cbic.200700045; 10.1074/jbc.m110.123307; 10.1038/nchembio.578
Q40577	1438319; 16375847; 20201526; 9295271; 20175559; 25897591; 26378620; 27328867	10.1073/pnas.89.22.11088; 10.1021/ja993584h; 10.1016/j.abb.2005.10.028; 10.1021/ja909886q; 10.1126/science.277.5333.1815; 10.1021/cb900295g; 10.1021/acschembio.5b00145; 10.1021/acschembio.5b00539; 10.1038/ja.2016.68
Q41771	7696880; 19965430; 16307364	10.1105/tpc.7.1.75; 10.1126/science.1178534; 10.1007/s11103-005-1674-8
Q49SP3	16970904; 3038029; 2171435; 20148554	10.1016/j.abb.2006.08.006; 10.1016/0003-9861(87)90425-5; 10.1016/0003-9861(90)90086-e; 10.1021/ja909251r
Q4KSH9	15965019; 27862469; 12207221; 12566586; 12777052; 15918888	10.1104/pp.105.059386; 10.1111/tpj.13415; 10.1007/s00438-002-0709-y; 10.1105/tpc.007989; 10.1023/a:1023005504702; 10.1111/j.1365-313x.2005.02417.x
Q4U3F6	19580670; 30468448	10.1186/1471-2229-9-86; 10.1039/c8np00077h
Q4WBI4	16372009; 37860661	10.1038/nature04332; 10.1039/d3sc02226a
Q4WR16	16372009; 17432932; 19415934; 19216560; 19951700; 25311525; 29158519; 39964163	10.1038/nature04332; 10.1371/journal.ppat.0030050; 10.1021/ja8095976; 10.1021/ol802696a; 10.1016/j.bbrc.2009.11.160; 10.1186/1471-2164-15-894; 10.1038/s41467-017-01813-9; 10.1128/mbio.03874-24
Q50L36	15848197	10.1016/j.febslet.2005.03.066
Q55012	8180213; 21284395; 9295272; 12083921	10.1021/bi00185a024; 10.1021/ja111279h; 10.1021/ja983657h; 10.1126/science.277.5333.1820; 10.1021/ja026058q
Q56RZ3	15991026; 16765617; 20519633; 22750140; 30731202	10.1007/s00438-005-1130-0; 10.1016/j.fgb.2006.04.004; 10.1104/pp.110.158451; 10.1016/j.febslet.2012.06.035; 10.1016/j.fgb.2019.02.001
Q56RZ7	15991026; 16765617; 20519633; 22750140; 30731202	10.1007/s00438-005-1130-0; 10.1016/j.fgb.2006.04.004; 10.1104/pp.110.158451; 10.1016/j.febslet.2012.06.035; 10.1016/j.fgb.2019.02.001
Q5AR34	16372000; 19146970; 22234162; 22329759; 23865690; 29317628; 29076725	10.1038/nature04341; 10.1016/j.fgb.2008.12.003; 10.1021/cb200455u; 10.1021/ja209809t; 10.1021/ja405518u; 10.1038/s41467-017-02371-w; 10.1021/acschembio.7b00814
Q5ATJ7	16372000; 19146970; 21658102; 22234162; 22329759; 23865690; 23368695; 29076725	10.1038/nature04341; 10.1016/j.fgb.2008.12.003; 10.1111/j.1574-6968.2011.02327.x; 10.1021/cb200455u; 10.1021/ja209809t; 10.1021/ja405518u; 10.1021/ol303328t; 10.1021/acschembio.7b00814
Q5GJ59	19965430; 18937034; 27421723; 30187155	10.1126/science.1178534; 10.1007/s11103-008-9415-4; 10.1007/s00425-016-2570-y; 10.1007/s00425-018-2999-2
Q5GJ60	15980197; 18524777; 19965430; 28931629; 30187155	10.1104/pp.105.061200; 10.1074/jbc.m802682200; 10.1126/science.1178534; 10.1104/pp.17.00879; 10.1007/s00425-018-2999-2
Q5UB07	15660362; 19249223	10.1002/arch.20037; 10.1016/j.plaphy.2009.01.008
Q672V6	15528556; 19801473; 16988822; 25087641	10.1128/aem.70.11.6875-6883.2004; 10.1128/aem.02146-08; 10.1007/s00253-006-0581-5; 10.1002/cbic.201402195
Q6JD70	15075399; 21607717; 25940560; 30187155	10.1105/tpc.019877; 10.1007/s10886-011-9967-7; 10.1039/c5ob00711a; 10.1007/s00425-018-2999-2
Q6JD73	15075399; 19965430; 25940560; 30187155	10.1105/tpc.019877; 10.1126/science.1178534; 10.1039/c5ob00711a; 10.1007/s00425-018-2999-2
Q6USK1	14657409	10.1104/pp.103.032946
Q6XDB5	12970502; 19181671	10.1104/pp.103.022723; 10.1074/jbc.m807140200
Q84KL3	12623076	10.1016/s0003-9861(02)00746-4
Q84KL6	12623076	10.1016/s0003-9861(02)00746-4
Q84LB2	14740213; 17140613; 19181671	10.1007/s00425-003-1191-4; 10.1016/j.phytochem.2006.10.017; 10.1074/jbc.m807140200
Q84ND0	12724546	10.1105/tpc.011015
Q84UU4	12566586; 12805595; 9628582; 27862469; 12207221; 12777052; 15918888; 18400103	10.1105/tpc.007989; 10.1104/pp.102.017798; 10.1093/dnares/5.1.41; 10.1111/tpj.13415; 10.1007/s00438-002-0709-y; 10.1023/a:1023005504702; 10.1111/j.1365-313x.2005.02417.x; 10.1186/1471-2164-9-154
Q84ZW8	12481088; 19965430; 22683264; 26620527; 30187155	10.1104/pp.008326; 10.1126/science.1178534; 10.1016/j.cub.2012.04.065; 10.1104/pp.15.01727; 10.1007/s00425-018-2999-2
Q8BLN5	16141072; 15489334; 21183079	10.1126/science.1112014; 10.1101/gr.2596504; 10.1016/j.cell.2010.12.001
Q8GUE4	15680985	10.1016/j.phytochem.2004.12.004
Q8VQF6	12016226; 15260491; 18270198; 22775403	10.1074/jbc.m203382200; 10.1021/bi049293p; 10.1074/jbc.m709722200; 10.1021/bi300666u
Q8VZQ2	11130712; 27862469; 14593172; 9839469; 16005292; 19401413; 22708996; 23741471; 28207974	10.1038/35048500; 10.1111/tpj.13415; 10.1126/science.1088305; 10.1046/j.1365-313x.1998.00278.x; 10.1016/j.cub.2005.06.041; 10.1093/jxb/erp102; 10.1111/j.1469-8137.2012.04201.x; 10.1371/journal.pone.0065132; 10.1111/tpj.13509
Q92206	9161422; 15123810; 17419877; 24025428; 6378256; 3877503; 15845783	10.1016/s0378-1119(96)00844-x; 10.1073/pnas.0401648101; 10.1186/gb-2007-8-4-r52; 10.1186/gb-2013-14-9-r97; 10.1016/0005-2760(84)90013-4; 10.1042/bj2300765; 10.1093/jac/dki112
Q93YV0	12566586; 11130712; 27862469; 14593172; 12572612; 12207221; 12777052; 16021335; 18400103; 18842097; 18398052; 21088219; 21334702	10.1105/tpc.007989; 10.1038/35048500; 10.1111/tpj.13415; 10.1126/science.1088305; 10.1093/oxfordjournals.molbev.a025876; 10.1007/s00438-002-0709-y; 10.1023/a:1023005504702; 10.1007/s11103-005-7306-5; 10.1186/1471-2164-9-154; 10.1094/mpmi-21-11-1482; 10.1105/tpc.106.049478; 10.1073/pnas.1009975107; 10.1016/j.phytochem.2011.01.019
Q94FM7	11556809; 12504906; 15522862; 17715131	10.1006/abbi.2001.2483; 10.1016/s0003-9861(02)00613-6; 10.1074/jbc.m411870200; 10.1074/jbc.m703378200
Q9AJE3	11567009; 12138123	10.1128/jb.183.20.6085-6094.2001; 10.1074/jbc.m206382200
Q9AR04	11032404; 11185551; 11289612; 20975893; 27273626; 29703587; 10626375; 16612385; 19664791; 22195571; 22247290; 23575629; 27488942; 30851440; 30468448; 32514287; 32405226	10.1006/abbi.2000.1962; 10.1006/abbi.2000.2061; 10.1007/s004250000428; 10.6026/97320630004421; 10.1093/pcp/pcw094; 10.1016/j.molp.2018.03.015; 10.1016/s0031-9422(99)00206-x; 10.1038/nature04640; 10.1016/j.phytochem.2009.07.009; 10.1007/s10725-010-9510-9; 10.1016/j.plantsci.2011.10.019; 10.1073/pnas.1110740109; 10.1038/nature12051; 10.1002/anie.201601967; 10.1016/j.molp.2019.02.011; 10.1039/c8np00077h; 10.1186/s13020-020-00336-8; 10.1016/j.phrs.2020.104901
Q9C1W3	11859360; 16823372; 8586261; 16537923; 18310029; 33223513	10.1038/nature724; 10.1038/nbt1222; 10.1111/j.1574-6968.1995.tb07929.x; 10.1128/mcb.26.7.2817-2831.2006; 10.1099/mic.0.2007/011155-0; 10.4062/biomolther.2020.166
Q9C446	11169115; 23949005; 16494875; 19529962; 23311903	10.1046/j.1365-2958.2001.02265.x; 10.3390/toxins5081422; 10.1016/j.febslet.2006.02.008; 10.1007/s00438-009-0463-5; 10.1021/ja3116636
Q9C5M3	9883589; 11247608; 11130712; 27862469; 14593172; 10930257; 17107079	10.1016/s0031-9422(98)00366-5; 10.1023/a:1006476123930; 10.1038/35048500; 10.1111/tpj.13415; 10.1126/science.1088305; 10.1021/ol006016b; 10.1351/pac200375020369; 10.1021/ol062310d
Q9FI37	10470850; 27862469; 11247608; 15125655; 18356490; 21252258	10.1093/dnares/6.3.183; 10.1111/tpj.13415; 10.1023/a:1006476123930; 10.1021/ja0318784; 10.1126/science.1154990; 10.1093/jxb/erq468
Q9FT37	34267359; 37897038; 38271490; 38780282	10.1038/s41477-021-00963-5; 10.1016/j.molp.2023.10.016; 10.1126/science.adj3484; 10.1093/jxb/erae240
Q9I2A0	10984043; 19459965; 19597963	10.1038/35023079; 10.1111/j.1574-6968.2009.01624.x; 10.1007/s11033-009-9611-6
Q9K498	12000953; 18234666; 19858213	10.1038/417141a; 10.1074/jbc.m710421200; 10.1074/jbc.m109.064683
Q9LRZ6	12566586; 10819329; 27862469; 12207221; 12777052	10.1105/tpc.007989; 10.1093/dnares/7.2.131; 10.1111/tpj.13415; 10.1007/s00438-002-0709-y; 10.1023/a:1023005504702
Q9LSF8	10819329; 27862469; 14993207; 21088219; 21334702; 26699853; 29271603; 30967019	10.1093/dnares/7.2.131; 10.1111/tpj.13415; 10.1101/gr.1515604; 10.1073/pnas.1009975107; 10.1016/j.phytochem.2011.01.019; 10.1371/journal.pone.0145124; 10.1111/mpp.12654; 10.1098/rstb.2018.0319
Q9M9E1	11130712; 27862469; 12430018; 14526118; 15923333; 16506311; 18299247; 19245862; 20935463; 20133880; 22525244; 26517905; 26011556; 26334616; 26820136	10.1038/35048500; 10.1111/tpj.13415; 10.1007/s00425-002-0889-z; 10.1104/pp.103.024182; 10.1104/pp.104.058107; 10.1016/j.febslet.2005.12.043; 10.1016/j.tplants.2008.02.001; 10.1016/j.jprot.2009.02.004; 10.4161/psb.5.9.12566; 10.1073/pnas.0909222107; 10.1016/j.plantsci.2012.03.001; 10.1042/bst20150106; 10.1094/mpmi-02-15-0025-r; 10.1038/ncomms9113; 10.1007/s11103-016-0441-3
Q9RA05	10473585	10.1074/jbc.274.37.26296
Q9SAK2	9536043; 11130712; 27862469; 12207221; 12566586; 12777052; 17456599	10.1104/pp.116.4.1271; 10.1038/35048500; 10.1111/tpj.13415; 10.1007/s00438-002-0709-y; 10.1105/tpc.007989; 10.1023/a:1023005504702; 10.1073/pnas.0611454104
Q9SM02	10548732; 11130712; 27862469; 21810963; 14593172; 17426032; 19309460; 19847116	10.1016/s0378-1119(99)00403-5; 10.1038/35048500; 10.1111/tpj.13415; 10.1104/pp.111.181990; 10.1126/science.1088305; 10.1074/jbc.m611831200; 10.1111/j.1365-313x.2009.03849.x; 10.4161/psb.4.9.9425
Q9T0J9	10617198; 27862469; 12207221; 12566586; 12777052; 16297850	10.1038/47134; 10.1111/tpj.13415; 10.1007/s00438-002-0709-y; 10.1105/tpc.007989; 10.1023/a:1023005504702; 10.1016/j.abb.2005.09.019
Q9T0K1	10617198; 27862469; 12207221; 12566586; 12777052; 16297850	10.1038/47134; 10.1111/tpj.13415; 10.1007/s00438-002-0709-y; 10.1105/tpc.007989; 10.1023/a:1023005504702; 10.1016/j.abb.2005.09.019
Q9X839	12000953; 12556563; 12563033; 14995166; 16787064	10.1038/417141a; 10.1073/pnas.0337625100; 10.1073/pnas.0337542100; 10.1021/ja039929k; 10.1021/ja062669x
Q9ZUH4	10617197; 27862469; 10700382; 11710601; 12207221; 12624761; 12566586; 12777052; 16021335; 16297850; 18400103	10.1038/45471; 10.1111/tpj.13415; 10.1006/abbi.1999.1669; 10.1023/a:1012213116515; 10.1007/s00438-002-0709-y; 10.1007/s00425-002-0924-0; 10.1105/tpc.007989; 10.1023/a:1023005504702; 10.1007/s11103-005-7306-5; 10.1016/j.abb.2005.09.019; 10.1186/1471-2164-9-154
R4YXW8	23398891	10.1016/j.phytochem.2013.01.005
R4YZC3	23398891	10.1016/j.phytochem.2013.01.005
R9QMQ9	23679205	10.1186/1471-2229-13-80
R9QMR0	23679205	10.1186/1471-2229-13-80
R9QMR3	23679205	10.1186/1471-2229-13-80
R9QMR5	23679205	10.1186/1471-2229-13-80
R9QMW1	23679205	10.1186/1471-2229-13-80
R9QMW5	23679205	10.1186/1471-2229-13-80
R9QMY8	23679205	10.1186/1471-2229-13-80
R9QMY9	23679205	10.1186/1471-2229-13-80
R9QMZ0	23679205	10.1186/1471-2229-13-80
T1RR71	24943828	10.1111/ppl.12241
T1RR72	24943828	10.1111/ppl.12241
T1RRI5	24943828	10.1111/ppl.12241
T1RRI8	24943828	10.1111/ppl.12241
T1RRJ4	24943828	10.1111/ppl.12241
T1RRJ6	24943828	10.1111/ppl.12241
T1RRL8	24943828	10.1111/ppl.12241
T1RRR9	24943828	10.1111/ppl.12241
T1RRS0	24943828	10.1111/ppl.12241
U5PZT6	25056927	10.1007/s00425-014-2127-x
W6HUT3	25056927	10.1007/s00425-014-2127-x
W6Q4Q9	24407037; 8440737; 16345540; 15186158; 24239699; 26274339; 27921136	10.1038/ncomms3876; 10.1016/S0021-9258(18)53644-9; 10.1128/aem.39.4.770-776.1980; 10.1021/ja0499593; 10.1016/j.fgb.2013.10.009; 10.1002/anie.201506128; 10.1007/s00253-016-7995-5
W8X092	24952578; 29716998	10.1186/1471-2180-14-164; 10.1074/jbc.ra117.001557
W8X9R6	24952578; 29716998	10.1186/1471-2180-14-164; 10.1074/jbc.ra117.001557
A0A060KY90	24884371; 22660326; 15231736; 30518626	10.1186/1471-2164-15-402; 10.1038/nature11119; 10.1101/gad.297704; 10.1105/tpc.18.00571
A0A067Z9B6	24568283; 16372009; 14913169; 9177176; 12075057; 18209961; 23488861; 24116213; 24082142; 30251593	10.1021/ja500881e; 10.1038/nature04332; 10.1126/science.115.2977.71; 10.1073/pnas.94.12.6099; 10.1056/nejmoa012924; 10.1007/s00011-007-7075-5; 10.1021/ja312503y; 10.1371/journal.pone.0077147; 10.1073/pnas.1313258110; 10.1080/21505594.2018.1526528
A0A098D1J7	17823352; 20237561; 26198851; 19880637; 26673640	10.1126/science.1143708; 10.1038/nature08850; 10.1186/s12864-015-1756-1; 10.1128/aem.02017-09; 10.1021/acs.jnatprod.5b00676
A0A0A6ZFR4	25320211; 27746309; 29378087; 29509695	10.1093/pcp/pcu147; 10.1016/j.jbiotec.2016.10.011; 10.1002/bab.1649; 10.3390/molecules23030589
A0A0D5ZDC8	25769286; 29509695	10.1016/j.ymben.2015.03.003; 10.3390/molecules23030589
A0A0E0SP71	17823352; 20237561; 26198851; 22947191; 23442154	10.1126/science.1143708; 10.1038/nature08850; 10.1186/s12864-015-1756-1; 10.1111/j.1364-3703.2012.00829.x; 10.1111/nph.12193
A0A0E3D8K9	26213965	10.3390/toxins7082701
A0A0E3D8P0	26213965	10.3390/toxins7082701
A0A0F7U103	26337871; 27602587; 29076725	10.1128/genomea.00724-15; 10.1021/jacs.6b08424; 10.1021/acschembio.7b00814
A0A0P0ZEM1	26351860	10.1021/acs.orglett.5b02404
A0A0U4ZX08	26966204; 34468074	10.1128/genomea.00102-16; 10.1002/anie.202108970
A0A0U5CJT8	26966204; 28233494; 29076725	10.1128/genomea.00102-16; 10.1021/acschembio.7b00003; 10.1021/acschembio.7b00814
A0A0U5G0B1	26966204; 32725018	10.1128/genomea.00102-16; 10.1039/d0ob01470b
A0A0U5GFS8	26966204; 28233494; 29076725	10.1128/genomea.00102-16; 10.1021/acschembio.7b00003; 10.1021/acschembio.7b00814
A0A0U5GRB4	26966204; 34468074	10.1128/genomea.00102-16; 10.1002/anie.202108970
A0A142BX70	26858282	10.1093/pcp/pcw019
A0A169T193	27038368	10.1002/anie.201601448
A0A178U9Y5	27354520; 27933080	10.1073/pnas.1607532113; 10.3389/fpls.2016.01761
A0A1B7YCC9	22885923; 28851275; 32286350	10.1038/ng.2372; 10.1186/s12864-017-4083-x; 10.1038/s41467-020-15664-4
A0A1C7AAN2	27801964	10.1111/tpj.13410
A0A1C9J6A7	28272875; 28272876	10.1021/acs.biochem.7b00143; 10.1021/acs.biochem.7b00144
A0A1D6F9Y9	19965430; 19936069; 27662898; 30187155	10.1126/science.1178534; 10.1371/journal.pgen.1000740; 10.1105/tpc.15.00919; 10.1007/s00425-018-2999-2
A0A1D6GQ67	19965430; 29475898	10.1126/science.1178534; 10.1104/pp.17.01351
A0A1D6KUI6	19965430; 19936069; 29475898	10.1126/science.1178534; 10.1371/journal.pgen.1000740; 10.1104/pp.17.01351
A0A1D8PI71	15123810; 17419877; 24025428; 14653518; 22265407	10.1073/pnas.0401648101; 10.1186/gb-2007-8-4-r52; 10.1186/gb-2013-14-9-r97; 10.1080/1369378031000137233; 10.1016/j.cell.2011.10.048
A0A1E1FFN4	27602587; 28759016; 29317628	10.1021/jacs.6b08424; 10.1038/nchembio.2443; 10.1038/s41467-017-02371-w
A0A1E1FFN8	27602587; 28759016; 29317628	10.1021/jacs.6b08424; 10.1038/nchembio.2443; 10.1038/s41467-017-02371-w
A0A1L2D3T3	27231873	10.1016/j.plaphy.2016.05.023
A0A1L7VFX3	28040774; 30545017; 34357940; 37124719	10.1093/gbe/evw259; 10.3390/molecules23123288; 10.3390/toxins13070468; 10.3389/fphar.2022.881182
A0A1L9UKS1	28196534; 31476106	10.1186/s13059-017-1151-0; 10.1002/cbic.201900462
A0A1L9WQI2	28196534; 38261827	10.1186/s13059-017-1151-0; 10.1016/j.apsb.2023.08.025
A0A1L9WUS5	28196534; 31618514	10.1186/s13059-017-1151-0; 10.1002/anie.201910200
A0A1L9WUV2	28196534; 31618514	10.1186/s13059-017-1151-0; 10.1002/anie.201910200
A0A1L9WUW3	28196534; 31618514	10.1186/s13059-017-1151-0; 10.1002/anie.201910200
A0A1L9WVI3	28196534; 31618514	10.1186/s13059-017-1151-0; 10.1002/anie.201910200
A0A1P7Y0A8	25642758; 27746309; 29378087; 29509695	10.3390/ijms16023035; 10.1016/j.jbiotec.2016.10.011; 10.1002/bab.1649; 10.3390/molecules23030589
A0A1P7Y0D0	25642758; 27746309; 29378087; 29509695	10.3390/ijms16023035; 10.1016/j.jbiotec.2016.10.011; 10.1002/bab.1649; 10.3390/molecules23030589
A0A1U8QHE3	16372000; 19146970; 22506079; 27098256	10.1038/nature04341; 10.1016/j.fgb.2008.12.003; 10.1371/journal.pone.0035450; 10.1007/s00253-016-7517-5
A0A1V0QSF3	28355238	10.1371/journal.pone.0173911
A0A1V0QSF4	28355238	10.1371/journal.pone.0173911
A0A1V0QSF6	28355238	10.1371/journal.pone.0173911
A0A1V0QSH7	28355238	10.1371/journal.pone.0173911
A0A1V1FVQ6	27116000	10.1021/acs.orglett.6b00552
A0A1W6GW06	28487717	10.3389/fpls.2017.00627
A0A1W6GW18	28487717	10.3389/fpls.2017.00627
A0A1W6GW32	28487717	10.3389/fpls.2017.00627
A0A1W6QDJ1	28381502; 28445526	10.1104/pp.17.00202; 10.1371/journal.pone.0176507
A0A1X9IRP7	28381502	10.1104/pp.17.00202
A0A1X9IRQ7	28381502; 28445526	10.1104/pp.17.00202; 10.1371/journal.pone.0176507
A0A1X9ISH5	28381502; 28445526	10.1104/pp.17.00202; 10.1371/journal.pone.0176507
A0A1X9ISN9	28445526; 28381502	10.1371/journal.pone.0176507; 10.1104/pp.17.00202
A0A1X9ISP7	28381502	10.1104/pp.17.00202
A0A1Y0BRF1	28529508	10.3389/fmicb.2017.00813
A0A1Y0BRF2	28529508	10.3389/fmicb.2017.00813
A0A1Y0BRF9	28529508	10.3389/fmicb.2017.00813
A0A1Y1C7Q5	27447198	10.1021/jacs.6b05799
A0A1Z3GBK8	28381502	10.1104/pp.17.00202
A0A1Z3GC64	28381502	10.1104/pp.17.00202
A0A1Z3GCD1	28381502	10.1104/pp.17.00202
A0A291LSD6	28931629; 30187155	10.1104/pp.17.00879; 10.1007/s00425-018-2999-2
A0A2I1BSU0	29317534; 29968715	10.1073/pnas.1715954115; 10.1038/s41467-018-04983-2
A0A2I1BSV1	29317534; 29968715	10.1073/pnas.1715954115; 10.1038/s41467-018-04983-2
A0A2I1BSV7	29317534; 29968715	10.1073/pnas.1715954115; 10.1038/s41467-018-04983-2
A0A2I1BSV9	29317534; 29968715	10.1073/pnas.1715954115; 10.1038/s41467-018-04983-2
A0A2I1BSW0	29317534; 29968715	10.1073/pnas.1715954115; 10.1038/s41467-018-04983-2
A0A2I1BSW6	29317534; 29968715	10.1073/pnas.1715954115; 10.1038/s41467-018-04983-2
A0A2I1BSW8	29317534; 29968715	10.1073/pnas.1715954115; 10.1038/s41467-018-04983-2
A0A2I1BSZ6	29317534; 29968715	10.1073/pnas.1715954115; 10.1038/s41467-018-04983-2
A0A2I1BT01	29317534; 29968715	10.1073/pnas.1715954115; 10.1038/s41467-018-04983-2
A0A2I1BT09	29317534; 29968715	10.1073/pnas.1715954115; 10.1038/s41467-018-04983-2
A0A2K9RFZ7	29315936; 12809367; 30468448	10.1111/tpj.13822; 10.1078/094471103322004866; 10.1039/c8np00077h
A0A2K9RFZ9	29315936; 12809367; 30468448	10.1111/tpj.13822; 10.1078/094471103322004866; 10.1039/c8np00077h
A0A2L0VXR0	27143514; 29388775	10.1038/srep25202; 10.1021/acs.orglett.8b00121
A0A2P1DP74	28926261	10.1021/acs.orglett.7b02653
A0A2P1DP91	28926261	10.1021/acs.orglett.7b02653
A0A2U8U2L0	29773797; 9262310; 17912413; 20552126	10.1038/s41467-018-04364-9; 10.1039/b708614h; 10.1039/c0cc01162b
A0A2U8U2L6	29773797; 9262310; 17912413; 20552126	10.1038/s41467-018-04364-9; 10.1039/b708614h; 10.1039/c0cc01162b
A0A2Z4HPY4	30051576	10.1111/1462-2920.14333
A0A2Z4HPY5	30051576	10.1111/1462-2920.14333
A0A2Z6AQX6	28671289; 32378547	10.1002/chem.201702766; 10.1248/cpb.c20-00037
A0A2Z6AQX7	28671289	10.1002/chem.201702766
A0A2Z6FZ31	29185768	10.1021/acs.orglett.7b03418; 10.1016/j.tetlet.2018.02.022
A0A343W969	30139915	10.1073/pnas.1800008115
A0A343W970	30139915	10.1073/pnas.1800008115
A0A348B779	30105900	10.1111/1751-7915.13304
A0A348B780	30105900	10.1111/1751-7915.13304
A0A348DU52	30179018	10.1021/acs.orglett.8b02284
A0A385AJM6	30254228; 21356102	10.1038/s41598-018-32639-0; 10.1186/gb-2011-12-2-r20
A0A386JV86	30267360	10.1007/s10886-018-1019-0
A0A386KZI3	30262498; 10223631	10.1126/science.aau0382; 10.1002/(sici)1522-7189(199805/08)6:3/4<153::aid-nt16>3.0.co;2-1
A0A3G1QTS7	30496917	10.1016/j.phytochem.2018.11.015
A0A3G1QTU5	30496917	10.1016/j.phytochem.2018.11.015
A0A3G9GNK2	30417647; 26115570; 25902139	10.1021/acs.orglett.8b03268; 10.1016/j.bmcl.2015.06.026; 10.1371/journal.pone.0122629
A0A3G9GQ29	30417647; 26115570; 25902139	10.1021/acs.orglett.8b03268; 10.1016/j.bmcl.2015.06.026; 10.1371/journal.pone.0122629
A0A3L6G2C1	30061735	10.1038/s41588-018-0182-0
A0A3Q7GFB5	20409007; 22660326; 24884371	10.1111/j.1365-313x.2010.04232.x; 10.1038/nature11119; 10.1186/1471-2164-15-402
A0A3Q9FEJ4	30548032	10.1039/c8ob02832j
A0A3Q9FFM1	30548032	10.1039/c8ob02832j
A0A3S9NM20	30548032	10.1039/c8ob02832j
A0A455LLW3	29797385	10.1002/anie.201804317
A0A455M7S4	29797385	10.1002/anie.201804317
A0A455R4X0	30952781; 12084465; 12798927; 20688188	10.1073/pnas.1819254116; 10.1016/s0925-4439(02)00086-8; 10.1016/s1383-5769(03)00012-6; 10.1016/j.parint.2010.07.006
A0A455R5H4	30952781; 12084465; 12798927; 20688188; 35418536	10.1073/pnas.1819254116; 10.1016/s0925-4439(02)00086-8; 10.1016/s1383-5769(03)00012-6; 10.1016/j.parint.2010.07.006; 10.2323/jgam.2021.08.001
A0A455R5P9	30952781; 12084465; 12798927; 20688188; 35418536	10.1073/pnas.1819254116; 10.1016/s0925-4439(02)00086-8; 10.1016/s1383-5769(03)00012-6; 10.1016/j.parint.2010.07.006; 10.2323/jgam.2021.08.001
A0A455R624	30952781; 12084465; 12798927; 20688188; 35418536	10.1073/pnas.1819254116; 10.1016/s0925-4439(02)00086-8; 10.1016/s1383-5769(03)00012-6; 10.1016/j.parint.2010.07.006; 10.2323/jgam.2021.08.001
A0A4D6Q415	31004005	10.1104/pp.19.00254
A0A4P8GHJ1	30980906; 8360103; 18095654	10.1016/j.fgb.2019.04.004; 10.7164/antibiotics.46.1082; 10.1021/np070513k; 10.1016/j.phytol.2008.09.008
A0A4V1E8I5	30980906; 8360103; 18095654	10.1016/j.fgb.2019.04.004; 10.7164/antibiotics.46.1082; 10.1021/np070513k; 10.1016/j.phytol.2008.09.008
A0A4Y5QZ62	31138625	10.1104/pp.18.01506
A0A5Q0QP64	32233445; 29334897	10.1021/acschembio.0c00155; 10.1186/s12864-017-4430-y
A0A5Q0QRJ3	32233445; 29334897	10.1021/acschembio.0c00155; 10.1186/s12864-017-4430-y
A0A5Q0QU70	32233445; 29334897	10.1021/acschembio.0c00155; 10.1186/s12864-017-4430-y
A0A7C9FSB8	28355238	10.1371/journal.pone.0173911
A0A7G5KLV0	25956881	10.1093/jxb/erv196
A0A7G5KLV1	25956881	10.1093/jxb/erv196
A0A7J6F8C5	28355238	10.1371/journal.pone.0173911
A0A7J6HWR9	28355238	10.1371/journal.pone.0173911
A0A858E4Y8	32913319; 21536894	10.1038/s41598-020-71219-z; 10.1073/pnas.1019315108
A0A8H4CUY8	32202483; 35650436	10.1094/phyto-12-19-0452-r; 10.1038/s41586-022-04773-3
A0A8H7XQ49	34322225; 40318115	10.12688/f1000research.51613.2; 10.1002/cbic.202500167
A0A8H8CFI5	34322225; 40318115	10.12688/f1000research.51613.2; 10.1002/cbic.202500167
A0A8K1AY78	36126322	10.1021/acs.orglett.2c02904
A0AA38CJ97	34267359	10.1038/s41477-021-00963-5
A0AAW1L0L7	39043959	10.1038/s41589-024-01681-7
A1DN29	18404212; 26332841; 29410538	10.1371/journal.pgen.1000046; 10.1021/jacs.5b08319; 10.1038/s41598-018-20916-x
A4DA41	16372009; 37860661	10.1038/nature04332; 10.1039/d3sc02226a
A4KAG7	17141283; 15685292; 17456599	10.1016/j.phytochem.2006.10.016; 10.1371/journal.pbio.0030038; 10.1073/pnas.0611454104
A4KAG8	17141283; 16100779; 18089549; 24280374; 15668792; 16861806; 17456599	10.1016/j.phytochem.2006.10.016; 10.1038/nature03895; 10.1093/nar/gkm978; 10.1186/1939-8433-6-4; 10.1007/s00299-004-0896-6; 10.1271/bbb.60044; 10.1073/pnas.0611454104
A8NE23	20547848; 19400802; 20889795	10.1073/pnas.1003391107; 10.1111/j.1365-2958.2009.06717.x; 10.1128/aem.01811-10
A8NU13	20547848; 20419721	10.1073/pnas.1003391107; 10.1002/cbic.200900671
B0FGA9	19580670; 30468448	10.1186/1471-2229-9-86; 10.1039/c8np00077h
B1B1U4	18242187; 15586673	10.1016/j.febslet.2008.01.020; 10.1023/b:joec.0000042400.14451.08
B2KSJ5	18264780	10.1007/s11103-008-9296-6
B2KSJ6	18264780	10.1007/s11103-008-9296-6
B3TPQ6	18467455	10.1104/pp.108.115824
B3TPQ7	18467455	10.1104/pp.108.115824
B4FVP3	19965430; 19936069; 26471326	10.1126/science.1178534; 10.1371/journal.pgen.1000740; 10.1016/j.phytochem.2015.10.003
B5GMG2	20624727; 21726035; 28144299; 28966840	10.1093/gbe/evq013; 10.1002/cbic.201100330; 10.3762/bjoc.12.225; 10.1021/acscatal.7b01924
B6HFX8	18820685; 30343633	10.1038/nbt.1498; 10.1080/09168451.2018.1536518
B6HV32	18820685	10.1038/nbt.1498; 10.1016/j.tet.2013.07.029
B6K412	21511999; 34353908	10.1126/science.1203357; 10.1073/pnas.2105225118
B7TWW5	19857882; 29378087; 29509695	10.1016/j.phytochem.2009.09.031; 10.1002/bab.1649; 10.3390/molecules23030589
B8NHD6	25883274; 34849826; 31885262	10.1128/genomea.00168-15; 10.1093/g3journal/jkab213; 10.1021/jacs.9b13046
B8PD44	30105900; 19193860	10.1111/1751-7915.13304; 10.1073/pnas.0809575106
B8PQ84	19905026; 26077765; 21082262; 22291132	10.1021/ol902051v; 10.1104/pp.15.00695; 10.1007/s11033-010-0383-9; 10.1093/jxb/err466
B8XA41	19155349	10.1105/tpc.107.057885
B9RXW0	22459969; 20729833	10.1016/j.phytochem.2012.02.022; 10.1038/nbt.1674
B9S9Z3	22459969; 20729833	10.1016/j.phytochem.2012.02.022; 10.1038/nbt.1674
B9SIL7	20729833; 24810014	10.1038/nbt.1674; 10.1016/j.phytochem.2014.04.005
B9SIM2	20729833; 24810014	10.1038/nbt.1674; 10.1016/j.phytochem.2014.04.005
B9SIM3	20729833; 24810014	10.1038/nbt.1674; 10.1016/j.phytochem.2014.04.005
C0KWV3	20447664	10.1016/j.phytochem.2010.04.006
C0KWV4	20447664	10.1016/j.phytochem.2010.04.006
C0KWV5	20447664	10.1016/j.phytochem.2010.04.006
C0KWV6	20447664	10.1016/j.phytochem.2010.04.006
C0KWV7	20447664	10.1016/j.phytochem.2010.04.006
C0PPM5	18854048; 21385377	10.1186/1471-2164-9-484; 10.1186/1471-2229-11-43
C0PPR1	16415217; 18854048; 21385377	10.1104/pp.105.071803; 10.1186/1471-2164-9-484; 10.1186/1471-2229-11-43
C0PT35	18854048; 21385377	10.1186/1471-2164-9-484; 10.1186/1471-2229-11-43
C0PTH8	18854048; 21385377	10.1186/1471-2164-9-484; 10.1186/1471-2229-11-43
C1K5M2	19487664; 23757397; 23134568	10.1073/pnas.0904113106; 10.1105/tpc.113.111013; 10.1111/tpj.12063
C3RSF5		10.1515/HF.2009.019
C5YHH7	21880075; 19189423; 29161754	10.1111/j.1365-313x.2011.04771.x; 10.1038/nature07723; 10.1111/tpj.13781
C5YHI2	21880075; 19189423; 29161754	10.1111/j.1365-313x.2011.04771.x; 10.1038/nature07723; 10.1111/tpj.13781
C8VE79	16372000; 19146970; 22234162; 22329759; 23865690; 29076725	10.1038/nature04341; 10.1016/j.fgb.2008.12.003; 10.1021/cb200455u; 10.1021/ja209809t; 10.1021/ja405518u; 10.1021/acschembio.7b00814
C8VE82	16372000; 19146970; 22234162; 22329759; 23865690; 29076725	10.1038/nature04341; 10.1016/j.fgb.2008.12.003; 10.1021/cb200455u; 10.1021/ja209809t; 10.1021/ja405518u; 10.1021/acschembio.7b00814
C8VN91	16372000; 19146970; 22506079; 27098256	10.1038/nature04341; 10.1016/j.fgb.2008.12.003; 10.1371/journal.pone.0035450; 10.1007/s00253-016-7517-5
C8VQ93	16372000; 19146970; 22234162; 22329759; 23865690; 29076725	10.1038/nature04341; 10.1016/j.fgb.2008.12.003; 10.1021/cb200455u; 10.1021/ja209809t; 10.1021/ja405518u; 10.1021/acschembio.7b00814
C8VQ98	16372000; 19146970; 22234162; 22329759; 23865690; 29076725	10.1038/nature04341; 10.1016/j.fgb.2008.12.003; 10.1021/cb200455u; 10.1021/ja209809t; 10.1021/ja405518u; 10.1021/acschembio.7b00814
C9K1X5	19635410; 24914964	10.1016/j.chembiol.2009.06.007; 10.1107/s1399004714005513
C9K2Q3	19097780; 19700326; 21299202	10.1016/j.bmcl.2008.11.108; 10.1016/j.bmcl.2009.08.026; 10.1021/ja107785u
D0UZK2	14617067; 21818683; 23072391	10.1046/j.1365-313x.2003.01910.x; 10.1007/s11103-011-9813-x; 10.2174/138920112804724864
D0VMR6	20959422	10.1104/pp.110.161828
D0VMR7	20959422	10.1104/pp.110.161828
D0VMR8	20959422	10.1104/pp.110.161828
D5SL78	20624727; 28966840	10.1093/gbe/evq013; 10.1021/acscatal.7b01924
D7PHY9	20534346; 19168978; 24161266; 27049441	10.1016/j.chembiol.2010.03.015; 10.1038/ja.2008.84; 10.1021/ja408966t; 10.1038/ja.2016.35
D7PHZ2	20534346; 19168978; 24161266; 27049441	10.1016/j.chembiol.2010.03.015; 10.1038/ja.2008.84; 10.1021/ja408966t; 10.1038/ja.2016.35
D7PHZ5	20534346; 19168978; 24161266; 27049441	10.1016/j.chembiol.2010.03.015; 10.1038/ja.2008.84; 10.1021/ja408966t; 10.1038/ja.2016.35
D7PHZ6	20534346; 19168978; 24161266; 27049441	10.1016/j.chembiol.2010.03.015; 10.1038/ja.2008.84; 10.1021/ja408966t; 10.1038/ja.2016.35
E2E2N3	20419468	10.1007/s11103-010-9636-1; 10.1016/j.indcrop.2018.07.006
E2E2N4	20419468; 27915173	10.1007/s11103-010-9636-1; 10.1016/j.plaphy.2016.11.023; 10.1016/j.indcrop.2018.07.006
E2E2N5	20419468	10.1007/s11103-010-9636-1; 10.1016/j.indcrop.2018.07.006
E2E2P1	20419468	10.1007/s11103-010-9636-1; 10.1016/j.indcrop.2018.07.006
E2E2P2	20419468	10.1007/s11103-010-9636-1; 10.1016/j.indcrop.2018.07.006
E2IHE0	20595348; 30468448	10.1104/pp.110.159566; 10.1039/c8np00077h
E7DN64	21059824	10.1104/pp.110.162883
F1CKI8	21323772	10.1111/j.1365-313x.2010.04478.x
F1CKI9	21323772	10.1111/j.1365-313x.2010.04478.x
F1CKJ1	21323772	10.1111/j.1365-313x.2010.04478.x
F1SWA0	21668645	10.1111/j.1742-4658.2011.08211.x
F2XF92	21385377	10.1186/1471-2229-11-43
F2XF93	21385377	10.1186/1471-2229-11-43
F2XF94	21385377	10.1186/1471-2229-11-43
F2XF97	21385377	10.1186/1471-2229-11-43
F2XF98	21385377	10.1186/1471-2229-11-43
F2XFA0	21385377	10.1186/1471-2229-11-43
F2XFA1	21385377	10.1186/1471-2229-11-43
F2XFA2	21385377; 26017574	10.1186/1471-2229-11-43; 10.1111/tpj.12886
F2XFA4	21385377	10.1186/1471-2229-11-43
F2XFA5	21385377	10.1186/1471-2229-11-43
F2XFA6	21385377	10.1186/1471-2229-11-43
F6M8I0	21454632; 18541135	10.1074/jbc.m111.231787; 10.1016/j.abb.2008.05.008
G0Y7D1		10.1007/s11295-011-0377-3
G0Y7D2		10.1007/s11295-011-0377-3
G3CCC0	22672125; 30468448	10.1111/j.1365-313x.2012.05068.x; 10.1039/c8np00077h
G3CCC1	22672125; 23757397; 30468448	10.1111/j.1365-313x.2012.05068.x; 10.1105/tpc.113.111013; 10.1039/c8np00077h
G3E4M4	22284743	10.1016/j.phytochem.2011.12.021
G3E4M6	22284743	10.1016/j.phytochem.2011.12.021
G5CV45	21813655; 22660326	10.1104/pp.111.179648; 10.1038/nature11119
G5CV46	21818683; 21813655	10.1007/s11103-011-9813-x; 10.1104/pp.111.179648
G8GJ94	22834731; 23113661; 30468448	10.1186/1471-2229-12-119; 10.1021/ja307404u; 10.1039/c8np00077h
G8GJ95	23113661; 22959531; 30468448	10.1021/ja307404u; 10.1016/j.phytochem.2012.07.019; 10.1039/c8np00077h
G8GJ96	22834731; 23113661; 30468448	10.1186/1471-2229-12-119; 10.1021/ja307404u; 10.1039/c8np00077h
H8ZM73	22337889	10.1074/jbc.m111.317669
H9L9E5		10.1515/HF.2011.135
I1M2G5	24124526; 20075913	10.1371/journal.pone.0075972; 10.1038/nature08670
I1RL11	17823352; 20237561; 26198851; 32286350; 36294594; 37504684	10.1126/science.1143708; 10.1038/nature08850; 10.1186/s12864-015-1756-1; 10.1038/s41467-020-15664-4; 10.3390/jof8101030; 10.3390/jof9070695
I1RQ76	17823352; 20237561; 26198851; 23442154	10.1126/science.1143708; 10.1038/nature08850; 10.1186/s12864-015-1756-1; 10.1111/nph.12193
I1S104	17823352; 20237561; 26198851; 19880637; 27324634; 26673640	10.1126/science.1143708; 10.1038/nature08850; 10.1186/s12864-015-1756-1; 10.1128/aem.02017-09; 10.1007/s00894-016-3021-1; 10.1021/acs.jnatprod.5b00676
I1ZHA5		10.1515/hf-2011-0224
I7GPX8	23072391	10.2174/138920112804724864
J7FJH2	23468653; 29457197	10.1371/journal.pgen.1003323; 10.1007/s00253-018-8807-x
J7LP58	22867794	10.1016/j.abb.2012.07.010
K2SUY0	22992219; 35650436	10.1186/1471-2164-13-493; 10.1038/s41586-022-04773-3
L0HAM7	23246843	10.1016/j.abb.2012.12.003
L0HB77	23246843	10.1016/j.abb.2012.12.003
L0N065	22870285; 17360612; 21299202; 22287087	10.1371/journal.pone.0042090; 10.1073/pnas.0608426104; 10.1021/ja107785u; 10.1002/cbic.201100725
M1V9Q0	23386483	10.1002/cbic.201200651
M1VDX3	23386483	10.1002/cbic.201200651
M2U578	23236275; 23357949; 29185768; 29417814	10.1371/journal.ppat.1003037; 10.1371/journal.pgen.1003233; 10.1021/acs.orglett.7b03418; 10.1021/acs.joc.7b03220
M2V8C1	23236275; 23357949; 27116000	10.1371/journal.ppat.1003037; 10.1371/journal.pgen.1003233; 10.1021/acs.orglett.6b00552
M4HXU6	23370714	10.1104/pp.112.208546
M4HY05	23370714	10.1104/pp.112.208546
M4HYC6	23370714	10.1104/pp.112.208546
M4I1C6	26138978	10.1126/science.aab0696
M4VQY9	23488861; 16372009; 14913169; 9177176; 12075057; 18209961; 24116213; 24082142; 24568283; 30251593; 34829223	10.1021/ja312503y; 10.1038/nature04332; 10.1126/science.115.2977.71; 10.1073/pnas.94.12.6099; 10.1056/nejmoa012924; 10.1007/s00011-007-7075-5; 10.1371/journal.pone.0077147; 10.1073/pnas.1313258110; 10.1021/ja500881e; 10.1080/21505594.2018.1526528; 10.3390/jof7110936
O22340	9268308; 11404343; 9539701	10.1074/jbc.272.35.21784; 10.1093/genetics/158.2.811; 10.1073/pnas.95.8.4126
O23390	9461215; 10617198; 27862469; 11247608; 17705488	10.1038/35140; 10.1038/47134; 10.1111/tpj.13415; 10.1023/a:1006476123930; 10.1021/ja073133u
O24474	9268308; 9539701; 11404343	10.1074/jbc.272.35.21784; 10.1073/pnas.95.8.4126; 10.1093/genetics/158.2.811
O24475	9268308; 11404343; 9539701	10.1074/jbc.272.35.21784; 10.1093/genetics/158.2.811; 10.1073/pnas.95.8.4126
O48935	9371761; 16083926	10.1073/pnas.94.24.12833; 10.1016/j.phytochem.2005.06.012
O64404	9442047; 11404343; 9539701	10.1074/jbc.273.4.2078; 10.1093/genetics/158.2.811; 10.1073/pnas.95.8.4126
O64405	9442047; 9539701; 11404343	10.1074/jbc.273.4.2078; 10.1073/pnas.95.8.4126; 10.1093/genetics/158.2.811
O65323	9816674	10.1093/oxfordjournals.pcp.a029452
O65435	10617198; 27862469; 12207221; 12777052; 23512856	10.1038/47134; 10.1111/tpj.13415; 10.1007/s00438-002-0709-y; 10.1023/a:1023005504702; 10.1105/tpc.112.100057
O81000	10617197; 27862469; 17426032	10.1038/45471; 10.1111/tpj.13415; 10.1074/jbc.m611831200
O81086	9618485; 11404343; 9539701; 22153510	10.1073/pnas.95.12.6756; 10.1093/genetics/158.2.811; 10.1073/pnas.95.8.4126; 10.1016/j.str.2011.09.013
O82139	9746369; 24198659	10.1046/j.1432-1327.1998.2560238.x; 10.5142/jgr.2013.37.332
P00183	3003058; 2613690; 7130171; 3813557; 2578028; 1610873; 12237225; 4066706; 9357977; 9649301; 10557259; 10698731; 11098139; 11258878; 11606730; 12464241; 9315686	10.1016/s0021-9258(17)36068-4; 10.1093/oxfordjournals.jbchem.a122939; 10.1016/s0021-9258(18)33562-2; 10.1016/0003-9861(87)90642-4; 10.1021/bi00428a035; 10.1016/0005-2728(92)90078-g; 10.1016/s0162-0134(02)00467-1; 10.1016/s0021-9258(17)36209-9; 10.1016/s0014-5793(97)01135-6; 10.1021/bi980189f; 10.1073/pnas.96.23.12987; 10.1126/science.287.5458.1615; 10.1093/oxfordjournals.jbchem.a022848; 10.1021/bi002225s; 10.1073/pnas.221297998; 10.1016/s0003-9861(02)00555-6; 10.1016/s0014-5793(97)00995-2
P0CJ43	12207221; 12566586; 12777052; 20463089	10.1007/s00438-002-0709-y; 10.1105/tpc.007989; 10.1023/a:1023005504702; 10.1104/pp.110.154864
P0CV94	15522848; 14630967	10.1105/tpc.104.023895; 10.1105/tpc.016253
P0CV95	15522848	10.1105/tpc.104.023895
P0DL13	21148562; 29085064; 21376582; 23864890; 25746621; 26952552; 27592257; 29614282; 30963893; 31488037; 31746694	10.1074/jbc.m110.165845; 10.1038/s41559-017-0347-8; 10.1016/j.bmcl.2011.02.026; 10.1155/2013/459271; 10.1615/intjmedmushrooms.v17.i2.70; 10.1016/j.jep.2016.02.044; 10.1007/s13277-016-5208-6; 10.1016/j.cub.2018.01.026; 10.1098/rspb.2018.2233; 10.1142/s0192415x19500708; 10.1094/pdis-06-19-1147-re
P0DO37	24915411; 26156773; 30231481; 29785774; 29874939; 33664752; 32448034; 30836858; 32834111; 33855010	10.1080/10408398.2011.653458; 10.1098/rspb.2015.1111; 10.1016/j.indcrop.2018.07.006; 10.3390/ijms19092805; 10.1002/ptr.6109; 10.1080/14786419.2018.1480618; 10.3389/fpls.2020.601335; 10.1080/07391102.2020.1772112; 10.1080/07391102.2019.1590243; 10.1016/j.molstruc.2020.128823; 10.3389/fchem.2021.642026
P0DO40	24915411; 29785774; 29874939; 33664752; 32448034; 30836858; 32834111; 33855010	10.1080/10408398.2011.653458; 10.1002/ptr.6109; 10.1080/14786419.2018.1480618; 10.3389/fpls.2020.601335; 10.1080/07391102.2020.1772112; 10.1080/07391102.2019.1590243; 10.1016/j.molstruc.2020.128823; 10.3389/fchem.2021.642026
P16640	2613690; 2180940; 3003058; 12011076; 11524002; 15716266; 15095867; 20179327	10.1093/oxfordjournals.jbchem.a122939; 10.1016/s0021-9258(19)39292-0; 10.1016/s0021-9258(17)36068-4; 10.1074/jbc.m201110200; 10.1021/bi010874d; 10.1074/jbc.m500771200; 10.1016/j.jmb.2003.12.067; 10.1074/jbc.m110.104968
P53799	7892265; 9363754; 10617198; 27862469; 14593172; 18236008; 22223895	10.1073/pnas.92.6.2328; 10.1111/j.1432-1033.1997.00061.x; 10.1038/47134; 10.1111/tpj.13415; 10.1126/science.1088305; 10.1007/s11103-008-9299-3; 10.1074/mcp.m111.015131
P59287	8078910; 20729833; 8954576	10.1073/pnas.91.18.8497; 10.1038/nbt.1674; 10.1006/abbi.1996.0559
P77735	9278503; 16738553; 15292217; 25326299	10.1126/science.277.5331.1453; 10.1038/msb4100049; 10.1074/jbc.m404284200; 10.1128/aem.02920-14
P93665	8728715	10.1016/0031-9422(95)00771-7
P9WEG9	38654452	10.1021/jacs.4c02415
P9WEH1	38654452	10.1021/jacs.4c02415
P9WEP0	33480256	10.1021/acs.orglett.0c03996
P9WEQ0	30090271; 30123464	10.1039/c5sc01965f; 10.1039/c6sc90012g
P9WEQ1	30090271; 30123464	10.1039/c5sc01965f; 10.1039/c6sc90012g
P9WEQ6	30090271; 30123464	10.1039/c5sc01965f; 10.1039/c6sc90012g
P9WEQ9	30090271; 30123464	10.1039/c5sc01965f; 10.1039/c6sc90012g
P9WER6	34085529	10.1021/acs.orglett.1c01361
P9WEV2	28604695; 34085529	10.1038/nchembio.2408; 10.1021/acs.orglett.1c01361
P9WEV3	28604695; 34085529	10.1038/nchembio.2408; 10.1021/acs.orglett.1c01361
P9WEV6	19161275; 28270685	10.1021/jo802319e; 10.1038/ja.2017.27
P9WEV7	30277637	10.1002/anie.201809954
P9WEY7	31839833	10.3762/bjoc.15.281
Q00870	7655061; 1366757	10.1094/mpmi-8-0388; 10.1016/0031-9422(90)87088-c
Q00909	8589414; 11425709; 12080147; 17823352; 20237561; 26198851	10.1094/mpmi-8-0593; 10.1128/aem.67.7.2966-2972.2001; 10.1073/pnas.142307199; 10.1126/science.1143708; 10.1038/nature08850; 10.1186/s12864-015-1756-1
Q00G37	16956633; 15685292; 17141283	10.1016/j.phytochem.2006.08.009; 10.1371/journal.pbio.0030038; 10.1016/j.phytochem.2006.10.016
Q04782	8486282; 15123810; 17419877; 24025428; 2185141; 15473366; 15820985	10.1016/0378-1119(93)90631-c; 10.1073/pnas.0401648101; 10.1186/gb-2007-8-4-r52; 10.1186/gb-2013-14-9-r97; 10.1016/0378-1119(90)90299-7; 10.1080/13693780410001712016; 10.1093/jac/dki088
Q0C8A1	22549923; 22782788; 23116177; 25671343; 28759016	10.1002/cbic.201200124; 10.1002/cbic.201200369; 10.1021/ol302682z; 10.1021/jacs.5b00570; 10.1038/nchembio.2443
Q0C8A2	22549923; 22782788; 23116177; 25671343; 28759016	10.1002/cbic.201200124; 10.1002/cbic.201200369; 10.1021/ol302682z; 10.1021/jacs.5b00570; 10.1038/nchembio.2443
Q0C8A4	22549923; 22782788; 23116177; 25671343; 28759016	10.1002/cbic.201200124; 10.1002/cbic.201200369; 10.1021/ol302682z; 10.1021/jacs.5b00570; 10.1038/nchembio.2443
Q0CRW6	28604695; 34085529	10.1038/nchembio.2408; 10.1021/acs.orglett.1c01361
Q0CRW7	28604695; 34085529	10.1038/nchembio.2408; 10.1021/acs.orglett.1c01361
Q0E088	14675427; 16100779; 18089549; 24280374; 15685292; 15668792	10.1046/j.1365-313x.2003.01926.x; 10.1038/nature03895; 10.1093/nar/gkm978; 10.1186/1939-8433-6-4; 10.1371/journal.pbio.0030038; 10.1007/s00299-004-0896-6
Q0JA82	15668792; 12447439; 16100779; 18089549; 24280374; 17456599	10.1007/s00299-004-0896-6; 10.1038/nature01183; 10.1038/nature03895; 10.1093/nar/gkm978; 10.1186/1939-8433-6-4; 10.1073/pnas.0611454104
Q0JEZ8	15388982; 15668792; 12447439; 16100779; 18089549; 24280374; 15685292; 18366162	10.1271/bbb.68.2001; 10.1007/s00299-004-0896-6; 10.1038/nature01183; 10.1038/nature03895; 10.1093/nar/gkm978; 10.1186/1939-8433-6-4; 10.1371/journal.pbio.0030038; 10.1021/ja710524w
Q0WQ07	9461215; 10617198; 27862469; 23570231; 25724638	10.1038/35140; 10.1038/47134; 10.1111/tpj.13415; 10.1021/ja401535g; 10.1105/tpc.114.132209
Q10231	8604986; 11859360; 8586261; 18310029	10.1006/bbrc.1996.0232; 10.1038/nature724; 10.1111/j.1574-6968.1995.tb07929.x; 10.1099/mic.0.2007/011155-0
Q15FB4	16765617; 15991026; 20519633; 22750140; 30731202	10.1016/j.fgb.2006.04.004; 10.1007/s00438-005-1130-0; 10.1104/pp.110.158451; 10.1016/j.febslet.2012.06.035; 10.1016/j.fgb.2019.02.001
Q15FB6	16765617; 15991026; 20519633; 22750140; 32677206	10.1016/j.fgb.2006.04.004; 10.1007/s00438-005-1130-0; 10.1104/pp.110.158451; 10.1016/j.febslet.2012.06.035; 10.1002/anie.202007280
Q15FB7	16765617; 15991026; 20519633; 22750140; 29718548	10.1016/j.fgb.2006.04.004; 10.1007/s00438-005-1130-0; 10.1104/pp.110.158451; 10.1016/j.febslet.2012.06.035; 10.1002/cbic.201800187
Q1AHB2	16256063; 15685292	10.1016/j.abb.2005.09.001; 10.1371/journal.pbio.0030038
Q1G1A4	16445886; 16531458; 11130713; 27862469	10.1016/j.abb.2005.12.010; 10.1093/pcp/pcj031; 10.1038/35048706; 10.1111/tpj.13415
Q1XBU5	17440821; 21813655; 22660326	10.1007/s11103-007-9149-8; 10.1104/pp.111.179648; 10.1038/nature11119
Q20HU7	16415217	10.1104/pp.105.071803
Q24FB1	16933976; 1892870; 32561581; 34303845	10.1371/journal.pbio.0040286; 10.1016/0304-4165(91)90080-z; 10.1128/aem.00672-20; 10.1016/j.ymben.2021.07.006
Q2QQJ5	16956633; 16188032; 16100779; 18089549; 24280374; 15388982; 16861806; 17141283; 21323642	10.1016/j.phytochem.2006.08.009; 10.1186/1741-7007-3-20; 10.1038/nature03895; 10.1093/nar/gkm978; 10.1186/1939-8433-6-4; 10.1271/bbb.68.2001; 10.1271/bbb.60044; 10.1016/j.phytochem.2006.10.016; 10.1042/bj20101429
Q308N0	17187833	10.1016/j.phytochem.2006.11.006
Q32KR6		
Q39548	8771778; 12228665	10.1046/j.1365-313x.1996.10020203.x; 10.1104/pp.109.4.1239
Q39761	8554317; 19489610	10.1006/abbi.1995.0038; 10.1021/bi900483b
Q41594	8621577; 11404343; 7574719; 21160477	10.1074/jbc.271.16.9201; 10.1093/genetics/158.2.811; 10.1006/abbi.1995.1486; 10.1038/nature09628
Q43714	8904844	10.1021/np960344w
Q49SP4	16970904	10.1016/j.abb.2006.08.006
Q49SP5	16970904	10.1016/j.abb.2006.08.006
Q49SP6	16970904	10.1016/j.abb.2006.08.006
Q49SP7	16970904	10.1016/j.abb.2006.08.006
Q4JHG3	17187833	10.1016/j.phytochem.2006.11.006
Q4U3F7	19580670; 30468448	10.1186/1471-2229-9-86; 10.1039/c8np00077h
Q4WAY3	23488861; 16372009; 14913169; 9177176; 12075057; 18209961; 24116213; 24082142; 24568283; 30251593	10.1021/ja312503y; 10.1038/nature04332; 10.1126/science.115.2977.71; 10.1073/pnas.94.12.6099; 10.1056/nejmoa012924; 10.1007/s00011-007-7075-5; 10.1371/journal.pone.0077147; 10.1073/pnas.1313258110; 10.1021/ja500881e; 10.1080/21505594.2018.1526528
Q4WAY4	16372009; 14913169; 9177176; 12075057; 18209961; 23488861; 24116213; 24082142; 24568283	10.1038/nature04332; 10.1126/science.115.2977.71; 10.1073/pnas.94.12.6099; 10.1056/nejmoa012924; 10.1007/s00011-007-7075-5; 10.1021/ja312503y; 10.1371/journal.pone.0077147; 10.1073/pnas.1313258110; 10.1021/ja500881e
Q4WAY7	16372009; 14913169; 9177176; 12075057; 18209961; 24116213; 23488861; 24082142; 24568283	10.1038/nature04332; 10.1126/science.115.2977.71; 10.1073/pnas.94.12.6099; 10.1056/nejmoa012924; 10.1007/s00011-007-7075-5; 10.1371/journal.pone.0077147; 10.1021/ja312503y; 10.1073/pnas.1313258110; 10.1021/ja500881e
Q4WAZ3	16372009; 14913169; 9177176; 12075057; 18209961; 23488861; 24116213; 24082142; 24568283; 30251593	10.1038/nature04332; 10.1126/science.115.2977.71; 10.1073/pnas.94.12.6099; 10.1056/nejmoa012924; 10.1007/s00011-007-7075-5; 10.1021/ja312503y; 10.1371/journal.pone.0077147; 10.1073/pnas.1313258110; 10.1021/ja500881e; 10.1080/21505594.2018.1526528
Q4WAZ4	16372009; 14913169; 9177176; 12075057; 18209961; 23488861; 24116213; 24082142; 24568283	10.1038/nature04332; 10.1126/science.115.2977.71; 10.1073/pnas.94.12.6099; 10.1056/nejmoa012924; 10.1007/s00011-007-7075-5; 10.1021/ja312503y; 10.1371/journal.pone.0077147; 10.1073/pnas.1313258110; 10.1021/ja500881e
Q4WAZ6	16372009; 14913169; 9177176; 12075057; 18209961; 23488861; 24116213; 24082142; 24568283; 30251593	10.1038/nature04332; 10.1126/science.115.2977.71; 10.1073/pnas.94.12.6099; 10.1056/nejmoa012924; 10.1007/s00011-007-7075-5; 10.1021/ja312503y; 10.1371/journal.pone.0077147; 10.1073/pnas.1313258110; 10.1021/ja500881e; 10.1080/21505594.2018.1526528
Q4WBH9	16372009; 37860661	10.1038/nature04332; 10.1039/d3sc02226a
Q4WLD1	16372009; 8534106; 18997389; 19571395; 20861902; 21224862; 26019565	10.1038/nature04332; 10.1128/aem.61.12.4429-4435.1995; 10.1038/ja.2008.67; 10.1248/bpb.32.1261; 10.1038/nchem.764; 10.1038/ja.2010.162; 10.1080/13102818.2014.960140
Q4WLD4	16372009; 8534106; 18997389; 19571395; 20861902; 21224862; 26019565	10.1038/nature04332; 10.1128/aem.61.12.4429-4435.1995; 10.1038/ja.2008.67; 10.1248/bpb.32.1261; 10.1038/nchem.764; 10.1038/ja.2010.162; 10.1080/13102818.2014.960140
Q50EK2	15911762; 16497345	10.1073/pnas.0500825102; 10.1016/j.phytochem.2006.01.011
Q54TW4	27790999; 15875012; 28696553	10.1073/pnas.1610379113; 10.1038/nature03481; 10.1002/chem.201702704
Q54YE2	27790999; 15875012; 31621716	10.1073/pnas.1610379113; 10.1038/nature03481; 10.1039/c9cc07681f
Q56RZ1	15991026; 16765617; 20519633; 22750140	10.1007/s00438-005-1130-0; 10.1016/j.fgb.2006.04.004; 10.1104/pp.110.158451; 10.1016/j.febslet.2012.06.035
Q56RZ5	15991026; 16765617; 20519633; 22750140	10.1007/s00438-005-1130-0; 10.1016/j.fgb.2006.04.004; 10.1104/pp.110.158451; 10.1016/j.febslet.2012.06.035
Q5AR21	16372000; 19146970; 22234162; 22329759; 23865690; 29076725	10.1038/nature04341; 10.1016/j.fgb.2008.12.003; 10.1021/cb200455u; 10.1021/ja209809t; 10.1021/ja405518u; 10.1021/acschembio.7b00814
Q5AR27	16372000; 19146970; 22234162; 22329759; 23865690; 29076725	10.1038/nature04341; 10.1016/j.fgb.2008.12.003; 10.1021/cb200455u; 10.1021/ja209809t; 10.1021/ja405518u; 10.1021/acschembio.7b00814
Q5AR32	16372000; 19146970; 22234162; 22329759; 23865690; 29076725	10.1038/nature04341; 10.1016/j.fgb.2008.12.003; 10.1021/cb200455u; 10.1021/ja209809t; 10.1021/ja405518u; 10.1021/acschembio.7b00814
Q5ATK1	16372000; 19146970; 22234162; 22329759; 23865690; 29076725	10.1038/nature04341; 10.1016/j.fgb.2008.12.003; 10.1021/cb200455u; 10.1021/ja209809t; 10.1021/ja405518u; 10.1021/acschembio.7b00814
Q5KSN5	15712669; 17148547	10.7164/antibiotics.57.739; 10.1093/jb/mvm004
Q5MQ85	15542489; 15685292	10.1104/pp.104.050567; 10.1371/journal.pbio.0030038
Q5R6U3		
Q66QH3	15299118; 15685292	10.1104/pp.104.045971; 10.1371/journal.pbio.0030038
Q672F7	15310830	10.1104/pp.104.042929
Q675L4	15310829	10.1104/pp.104.042028
Q675L5	15310829	10.1104/pp.104.042028
Q6BDZ9	15280039; 16188032; 16100779; 18089549; 24280374	10.1016/j.febslet.2004.07.002; 10.1186/1741-7007-3-20; 10.1038/nature03895; 10.1093/nar/gkm978; 10.1186/1939-8433-6-4
Q6E7D7	15255861; 15685292	10.1111/j.1365-313x.2004.02137.x; 10.1371/journal.pbio.0030038
Q6ET36	16100779; 18089549; 24280374; 15341631; 15322373; 15542489	10.1038/nature03895; 10.1093/nar/gkm978; 10.1186/1939-8433-6-4; 10.1111/j.1365-313x.2004.02175.x; 10.1271/bbb.68.1814; 10.1104/pp.104.050567
Q6JD72	15075399; 19965430; 30187155	10.1105/tpc.019877; 10.1126/science.1178534; 10.1007/s00425-018-2999-2
Q6Q3H2	15464152; 19359488	10.1016/j.phytochem.2004.08.017; 10.1073/pnas.0901387106
Q6Q3H3	15464152; 17721507; 18094749	10.1016/j.phytochem.2004.08.017; 10.1038/nature06148; 10.1371/journal.pone.0001326
Q6STM1	22267661; 23524667; 3944058; 8515237; 21906366	10.1128/aem.07694-11; 10.1128/aem.03958-12; 10.1128/jb.165.2.489-497.1986; 10.1099/00221287-139-4-797; 10.1186/2191-0855-1-13
Q6WAU0	13679086; 14623962	10.1016/s0003-9861(03)00390-4; 10.1073/pnas.2436325100
Q6WAU1	13679086	10.1016/s0003-9861(03)00390-4
Q6WP50	14651630; 15986930; 19035644; 19476353; 27529428; 27721016; 28617493	10.1046/j.1365-2958.2003.03798.x; 10.1094/mpmi-18-0602; 10.1021/cb800225v; 10.1021/ja9021649; 10.1021/acschembio.6b00581; 10.1016/j.fgb.2016.10.003; 10.1039/c7ob01088e
Q6Z5I0	15341631; 16100779; 18089549; 24280374; 15685292; 15542489	10.1111/j.1365-313x.2004.02175.x; 10.1038/nature03895; 10.1093/nar/gkm978; 10.1186/1939-8433-6-4; 10.1371/journal.pbio.0030038; 10.1104/pp.104.050567
Q6ZH94	16100779; 18089549; 24280374; 12869764; 23889289	10.1038/nature03895; 10.1093/nar/gkm978; 10.1186/1939-8433-6-4; 10.1126/science.1081288; 10.1111/pce.12169
Q796C3	9384377; 20713508; 21627333	10.1038/36786; 10.1101/gad.1945010; 10.1021/ja203779h
Q82IY3	11572948; 12692562; 17017767; 21250661	10.1073/pnas.211433198; 10.1038/nbt820; 10.1021/ja0639214; 10.1021/bi1019786
Q82IY4	11572948; 12692562; 16681390; 21250661	10.1073/pnas.211433198; 10.1038/nbt820; 10.1021/bi060419n; 10.1021/bi1019786
Q84KL4	12623076	10.1016/s0003-9861(02)00746-4
Q84NC8	12724546	10.1105/tpc.011015
Q84NC9	12724546	10.1105/tpc.011015
Q84SM8	12602896	10.1023/a:1020714403780
Q84UU9	11130712; 27862469; 14593172; 12207221; 12566586; 12777052; 27933080	10.1038/35048500; 10.1111/tpj.13415; 10.1126/science.1088305; 10.1007/s00438-002-0709-y; 10.1105/tpc.007989; 10.1023/a:1023005504702; 10.3389/fpls.2016.01761
Q84UV0	12566586; 11130712; 27862469; 12207221; 12777052	10.1105/tpc.007989; 10.1038/35048500; 10.1111/tpj.13415; 10.1007/s00438-002-0709-y; 10.1023/a:1023005504702
Q86II4	27790999; 12097910; 15875012	10.1073/pnas.1610379113; 10.1038/nature00847; 10.1038/nature03481
Q8H2B4	12176064	10.1016/s0003-9861(02)00348-x
Q8L5K4	12084056	10.1046/j.1432-1033.2002.02985.x
Q8L7G4	12566586; 10617198; 27862469; 14593172; 12207221; 12777052; 27933080	10.1105/tpc.007989; 10.1038/47134; 10.1111/tpj.13415; 10.1126/science.1088305; 10.1007/s00438-002-0709-y; 10.1023/a:1023005504702; 10.3389/fpls.2016.01761
Q8LSC3	12011345; 9701594	10.1104/pp.001024; 10.1104/pp.117.4.1381
Q8RWT0	11130712; 27862469; 14593172; 11247608	10.1038/35048500; 10.1111/tpj.13415; 10.1126/science.1088305; 10.1023/a:1006476123930
Q8SA63	12409018; 21388533	10.1016/s0031-9422(02)00265-0; 10.1186/1471-2229-11-45
Q8VYH2	10617198; 27862469; 14593172; 17426032	10.1038/47134; 10.1111/tpj.13415; 10.1126/science.1088305; 10.1074/jbc.m611831200
Q947C4	11488601; 15310829; 16497345; 16534728	10.1006/abbi.2001.2438; 10.1104/pp.104.042028; 10.1016/j.phytochem.2006.01.011; 10.1055/s-2005-916180
Q96WT2	11457369; 14745177; 21897020	10.1021/ja015747j; 10.1271/bbb.68.146; 10.1271/bbb.110366
Q9AJE4	11567009; 12138123	10.1128/jb.183.20.6085-6094.2001; 10.1074/jbc.m206382200
Q9AR86	11506373; 20624401	10.1007/s004250100557; 10.1016/j.jmb.2010.07.009
Q9C447	11169115; 23949005; 16494875; 23311903; 40308950	10.1046/j.1365-2958.2001.02265.x; 10.3390/toxins5081422; 10.1016/j.febslet.2006.02.008; 10.1021/ja3116636; 10.1039/d5sc02009c
Q9C449	11169115; 23949005; 12884010; 17428785; 23311903	10.1046/j.1365-2958.2001.02265.x; 10.3390/toxins5081422; 10.1007/s00438-003-0887-2; 10.1074/jbc.m701626200; 10.1021/ja3116636
Q9C450	11169115; 23949005; 12884010; 17428785; 23311903	10.1046/j.1365-2958.2001.02265.x; 10.3390/toxins5081422; 10.1007/s00438-003-0887-2; 10.1074/jbc.m701626200; 10.1021/ja3116636
Q9C8E3	11130712; 27862469; 11910074; 14593172; 12207221; 12566586; 12777052; 27933080	10.1038/35048500; 10.1111/tpj.13415; 10.1126/science.1071006; 10.1126/science.1088305; 10.1007/s00438-002-0709-y; 10.1105/tpc.007989; 10.1023/a:1023005504702; 10.3389/fpls.2016.01761
Q9FR95	11247608; 16774269; 9461215; 10617198; 27862469; 17474751	10.1023/a:1006476123930; 10.1021/ol060973p; 10.1038/35140; 10.1038/47134; 10.1111/tpj.13415; 10.1021/ol070709b
Q9FXY7	10996256; 15896363	10.1016/s0168-9452(00)00322-8; 10.1016/j.phytochem.2005.03.027
Q9K499	12000953; 16669656	10.1038/417141a; 10.1021/ja061292s
Q9LIA1	12566586; 10907853; 27862469; 14993207; 12207221; 12777052; 27933080	10.1105/tpc.007989; 10.1093/dnares/7.3.217; 10.1111/tpj.13415; 10.1101/gr.1515604; 10.1007/s00438-002-0709-y; 10.1023/a:1023005504702; 10.3389/fpls.2016.01761
Q9LLR9	10486139; 10486140; 10996256	10.1006/abbi.1999.1357; 10.1006/abbi.1999.1358; 10.1016/s0168-9452(00)00322-8
Q9LQ27	11130712; 27862469; 12207221; 12566586; 12777052; 27933080	10.1038/35048500; 10.1111/tpj.13415; 10.1007/s00438-002-0709-y; 10.1105/tpc.007989; 10.1023/a:1023005504702; 10.3389/fpls.2016.01761
Q9M7C9	10441373; 9539701; 11404343	10.1006/abbi.1999.1332; 10.1073/pnas.95.8.4126; 10.1093/genetics/158.2.811
Q9SPN0	10562427	10.1006/abbi.1999.1466
Q9SPN1	10562427	10.1006/abbi.1999.1466
Q9SYN1	11130712; 27862469; 17263431; 11247608	10.1038/35048500; 10.1111/tpj.13415; 10.1021/ja066873w; 10.1023/a:1006476123930; 10.1351/pac200375020369
Q9UR08	10775423; 15186158; 17261032; 18385128	10.1006/abbi.2000.1734; 10.1021/ja0499593; 10.1021/bi0622524; 10.1074/jbc.m800659200
Q9UVY5	10803977; 9745028	10.1271/bbb.64.660; 10.1007/s002940050392
Q9XEH9	10504563	10.1046/j.1365-313x.1999.00531.x
Q9XEI0	10504563	10.1046/j.1365-313x.1999.00531.x
Q9ZAG3	9827564; 9748436; 12773375	10.1016/s0014-5793(98)01322-2; 10.1128/jb.180.19.5052-5057.1998; 10.1093/emboj/cdg275
R4JGL8	23624978; 24915411; 29785774; 29874939; 33664752; 32448034; 30836858; 32834111; 33855010	10.1007/s00425-013-1884-2; 10.1080/10408398.2011.653458; 10.1002/ptr.6109; 10.1080/14786419.2018.1480618; 10.3389/fpls.2020.601335; 10.1080/07391102.2020.1772112; 10.1080/07391102.2019.1590243; 10.1016/j.molstruc.2020.128823; 10.3389/fchem.2021.642026
R4JJJ1	23624978	10.1007/s00425-013-1884-2
R4JND9	23624978; 24915411; 29785774; 29874939; 33664752; 32448034; 30836858; 32834111; 33855010	10.1007/s00425-013-1884-2; 10.1080/10408398.2011.653458; 10.1002/ptr.6109; 10.1080/14786419.2018.1480618; 10.3389/fpls.2020.601335; 10.1080/07391102.2020.1772112; 10.1080/07391102.2019.1590243; 10.1016/j.molstruc.2020.128823; 10.3389/fchem.2021.642026
R4JQS2	23624978	10.1007/s00425-013-1884-2
R4JQT5	23624978; 24915411; 29785774; 29874939; 33664752; 32448034; 30836858; 32834111; 33855010	10.1007/s00425-013-1884-2; 10.1080/10408398.2011.653458; 10.1002/ptr.6109; 10.1080/14786419.2018.1480618; 10.3389/fpls.2020.601335; 10.1080/07391102.2020.1772112; 10.1080/07391102.2019.1590243; 10.1016/j.molstruc.2020.128823; 10.3389/fchem.2021.642026
R9QMR1	23679205	10.1186/1471-2229-13-80
R9QMR4	23679205	10.1186/1471-2229-13-80
R9QMR6	23679205	10.1186/1471-2229-13-80
R9QMW2	23679205	10.1186/1471-2229-13-80
R9QMW3	23679205	10.1186/1471-2229-13-80
R9QMW4	23679205	10.1186/1471-2229-13-80
R9QMW7	23679205	10.1186/1471-2229-13-80
R9QMW8	23679205	10.1186/1471-2229-13-80
S0EA85	23825955; 9745028; 9917370; 10347043; 10803977; 11472927; 11320210; 11943776; 12750377; 15925394	10.1371/journal.ppat.1003475; 10.1007/s002940050392; 10.1006/fgbi.1998.1095; 10.1128/aem.65.6.2558-2564.1999; 10.1271/bbb.64.660; 10.1128/aem.67.8.3514-3522.2001; 10.1073/pnas.091096298; 10.1074/jbc.m201651200; 10.1074/jbc.m301927200; 10.1016/j.phytochem.2005.04.012
S0ECT9	23825955; 23335243	10.1371/journal.ppat.1003475; 10.1002/cbic.201200695
U3LVL5	24078339	10.1007/s11103-013-0131-3
U3LW50	24078339	10.1007/s11103-013-0131-3
W6QAE7	24407037; 30343633	10.1038/ncomms3876; 10.1080/09168451.2018.1536518
A0A067DDU9	31371503	10.1073/pnas.1906083116
A0A067ECN5	31371503	10.1073/pnas.1906083116
A0A067FI21	31371503	10.1073/pnas.1906083116
A0A067SEC9	24958869; 32233445	10.1073/pnas.1400592111; 10.1021/acschembio.0c00155
A0A075F9Z3	24990389	10.1111/tpj.12589
A0A075FA51	24990389	10.1111/tpj.12589
A0A075FAK4	24990389	10.1111/tpj.12589
A0A075FBT3	24990389	10.1111/tpj.12589
A0A084R1H6	25015739	10.1186/1471-2164-15-590
A0A084R1J1	25015739	10.1186/1471-2164-15-590
A0A084R1J2	25015739	10.1186/1471-2164-15-590
A0A084R1M6	25015739	10.1186/1471-2164-15-590
A0A084R1M7	25015739	10.1186/1471-2164-15-590
A0A097ZPC9	25216349	10.1021/ja508127q
A0A097ZPD4	25216349	10.1021/ja508127q
A0A097ZPD5	25216349	10.1021/ja508127q
A0A097ZPD9	25216349	10.1021/ja508127q
A0A097ZPE0	25216349	10.1021/ja508127q
A0A097ZPE3	25216349	10.1021/ja508127q
A0A097ZPE4	25216349	10.1021/ja508127q
A0A097ZPE8	25216349	10.1021/ja508127q
A0A097ZPF7	25216349	10.1021/ja508127q
A0A097ZPG2	25216349	10.1021/ja508127q
A0A098DME4	17823352; 20237561; 26198851; 32286350	10.1126/science.1143708; 10.1038/nature08850; 10.1186/s12864-015-1756-1; 10.1038/s41467-020-15664-4
A0A0A2JB87	25338147; 35506591	10.1094/mpmi-09-14-0261-fi; 10.1021/acs.jafc.2c01885
A0A0A2JP58	25338147; 35506591	10.1094/mpmi-09-14-0261-fi; 10.1021/acs.jafc.2c01885
A0A0A2K6S6	25338147; 40683721	10.1094/mpmi-09-14-0261-fi; 10.1016/j.fm.2025.104841
A0A0B2XGM8	21253567; 25368161; 27189118; 34863012	10.1371/journal.pgen.1001264; 10.1073/pnas.1412662111; 10.1038/ja.2016.54; 10.1111/1462-2920.15859
A0A0B4FWC3	25368161; 31239482	10.1073/pnas.1412662111; 10.1038/s41598-019-45532-1
A0A0B4G3Q7	25368161; 31239482	10.1073/pnas.1412662111; 10.1038/s41598-019-45532-1
A0A0B4GN88	25368161; 31239482	10.1073/pnas.1412662111; 10.1038/s41598-019-45532-1
A0A0B4IF96	25368161; 31239482	10.1073/pnas.1412662111; 10.1038/s41598-019-45532-1
A0A0C3FBR2	32233445	10.1021/acschembio.0c00155
A0A0C9VD04	32233445	10.1021/acschembio.0c00155
A0A0D2L718	32233445	10.1021/acschembio.0c00155
A0A0D4D912	26858282	10.1093/pcp/pcw019
A0A0E3D8L2	26213965	10.3390/toxins7082701
A0A0E3D8L3	26213965	10.3390/toxins7082701
A0A0E3D8L5	26213965	10.3390/toxins7082701
A0A0E3D8L6	26213965	10.3390/toxins7082701
A0A0E3D8L9	26213965	10.3390/toxins7082701
A0A0E3D8M1	26213965	10.3390/toxins7082701
A0A0E3D8M5	26213965; 27632559	10.3390/toxins7082701; 10.1021/acs.orglett.6b02482
A0A0E3D8M6	26213965	10.3390/toxins7082701
A0A0E3D8N1	26213965	10.3390/toxins7082701
A0A0E3D8N3	26213965; 27632559	10.3390/toxins7082701; 10.1021/acs.orglett.6b02482
A0A0E3D8N7	26213965; 27632559	10.3390/toxins7082701; 10.1021/acs.orglett.6b02482
A0A0E3D8P5	26213965	10.3390/toxins7082701
A0A0E3D8P8	26213965	10.3390/toxins7082701
A0A0F7TN11	26337871; 27602587; 29076725	10.1128/genomea.00724-15; 10.1021/jacs.6b08424; 10.1021/acschembio.7b00814
A0A0F7TN16	26337871; 27602587; 29076725	10.1128/genomea.00724-15; 10.1021/jacs.6b08424; 10.1021/acschembio.7b00814
A0A0F7TN60	26337871; 27602587; 29076725	10.1128/genomea.00724-15; 10.1021/jacs.6b08424; 10.1021/acschembio.7b00814
A0A0F7TQP2	26337871; 27602587; 29076725	10.1128/genomea.00724-15; 10.1021/jacs.6b08424; 10.1021/acschembio.7b00814
A0A0F7TSZ5	26337871; 27602587; 29076725	10.1128/genomea.00724-15; 10.1021/jacs.6b08424; 10.1021/acschembio.7b00814
A0A0F7TWX5	26337871; 39511739	10.1128/genomea.00724-15; 10.1021/acs.jafc.4c08468
A0A0F7TXA0	26337871; 27602587; 29076725	10.1128/genomea.00724-15; 10.1021/jacs.6b08424; 10.1021/acschembio.7b00814
A0A0F7TXA1	26337871; 27602587; 29076725	10.1128/genomea.00724-15; 10.1021/jacs.6b08424; 10.1021/acschembio.7b00814
A0A0F7TXA5	26337871; 27602587; 29076725	10.1128/genomea.00724-15; 10.1021/jacs.6b08424; 10.1021/acschembio.7b00814
A0A0F7TXA8	26337871; 27602587; 29076725	10.1128/genomea.00724-15; 10.1021/jacs.6b08424; 10.1021/acschembio.7b00814
A0A0F7TZD6	26337871; 27602587; 29076725	10.1128/genomea.00724-15; 10.1021/jacs.6b08424; 10.1021/acschembio.7b00814
A0A0F7U0K0	26337871; 39511739	10.1128/genomea.00724-15; 10.1021/acs.jafc.4c08468
A0A0F7U1Z1	26337871; 27602587; 29076725	10.1128/genomea.00724-15; 10.1021/jacs.6b08424; 10.1021/acschembio.7b00814
A0A0F7U1Z8	26337871; 27602587; 29076725	10.1128/genomea.00724-15; 10.1021/jacs.6b08424; 10.1021/acschembio.7b00814
A0A0H5BB17	26507838	10.1007/s10295-015-1694-6
A0A0H5BN61	26507838	10.1007/s10295-015-1694-6
A0A0M4M0T9	26749264	10.1002/anie.201510650
A0A0M5L832	26749264	10.1002/anie.201510650
A0A0M8MW83	29880868; 26976598	10.1038/s41467-018-04520-1; 10.1073/pnas.1518501113
A0A0M9VUG7	29880868; 26976598	10.1038/s41467-018-04520-1; 10.1073/pnas.1518501113
A0A0M9VUP1	29880868; 26976598	10.1038/s41467-018-04520-1; 10.1073/pnas.1518501113
A0A0N0RTK4	29880868; 26976598	10.1038/s41467-018-04520-1; 10.1073/pnas.1518501113
A0A0P0ZEA9	26351860	10.1021/acs.orglett.5b02404
A0A0S2IHL6	29186583	10.1093/pcp/pcx188
A0A0U2D9C5	26077765; 22291132	10.1104/pp.15.00695; 10.1093/jxb/err466
A0A0U2U4F3	26333142; 29603041	10.1111/tpj.13012; 10.1007/s11103-018-0723-z
A0A0U3LQ20	26077765; 26971881	10.1104/pp.15.00695; 10.1038/srep23057
A0A0U4CDK4	26971881	10.1038/srep23057
A0A0U4ZPJ7	26966204; 28233494; 29076725	10.1128/genomea.00102-16; 10.1021/acschembio.7b00003; 10.1021/acschembio.7b00814
A0A0U4ZPL6	26966204; 28233494; 29076725	10.1128/genomea.00102-16; 10.1021/acschembio.7b00003; 10.1021/acschembio.7b00814
A0A0U5CJM3	26966204; 28233494; 29076725	10.1128/genomea.00102-16; 10.1021/acschembio.7b00003; 10.1021/acschembio.7b00814
A0A0U5CJU2	26966204; 28233494; 29076725	10.1128/genomea.00102-16; 10.1021/acschembio.7b00003; 10.1021/acschembio.7b00814
A0A0U5CJU6	26966204; 28233494; 29076725	10.1128/genomea.00102-16; 10.1021/acschembio.7b00003; 10.1021/acschembio.7b00814
A0A0U5CJV1	26966204; 28233494; 29076725	10.1128/genomea.00102-16; 10.1021/acschembio.7b00003; 10.1021/acschembio.7b00814
A0A0U5CNN8	26966204; 34468074	10.1128/genomea.00102-16; 10.1002/anie.202108970
A0A0U5CNP2	26966204; 34468074	10.1128/genomea.00102-16; 10.1002/anie.202108970
A0A0U5GFQ6	26966204; 28233494; 29076725	10.1128/genomea.00102-16; 10.1021/acschembio.7b00003; 10.1021/acschembio.7b00814
A0A0U5GFR4	26966204; 28233494; 29076725	10.1128/genomea.00102-16; 10.1021/acschembio.7b00003; 10.1021/acschembio.7b00814
A0A0U5GGX2	26966204; 28233494; 29076725	10.1128/genomea.00102-16; 10.1021/acschembio.7b00003; 10.1021/acschembio.7b00814
A0A0U5GHD4	26966204; 28233494; 29076725	10.1128/genomea.00102-16; 10.1021/acschembio.7b00003; 10.1021/acschembio.7b00814
A0A0U5GHG9	26966204; 28233494; 29076725	10.1128/genomea.00102-16; 10.1021/acschembio.7b00003; 10.1021/acschembio.7b00814
A0A0U5GHU6	26966204; 28233494; 29076725	10.1128/genomea.00102-16; 10.1021/acschembio.7b00003; 10.1021/acschembio.7b00814
A0A0U5GIM7	26966204; 28233494; 29076725	10.1128/genomea.00102-16; 10.1021/acschembio.7b00003; 10.1021/acschembio.7b00814
A0A0U5GIU9	26966204; 28233494; 29076725	10.1128/genomea.00102-16; 10.1021/acschembio.7b00003; 10.1021/acschembio.7b00814
A0A0U5GJ41	26966204; 28233494; 29076725	10.1128/genomea.00102-16; 10.1021/acschembio.7b00003; 10.1021/acschembio.7b00814
A0A0U5GK88	26966204; 28233494; 29076725	10.1128/genomea.00102-16; 10.1021/acschembio.7b00003; 10.1021/acschembio.7b00814
A0A0U5GNT1	26966204; 34468074	10.1128/genomea.00102-16; 10.1002/anie.202108970
A0A0U5GQ05	26966204; 34468074	10.1128/genomea.00102-16; 10.1002/anie.202108970
A0A0U5HAQ4	26966204; 28233494; 29076725	10.1128/genomea.00102-16; 10.1021/acschembio.7b00003; 10.1021/acschembio.7b00814
A0A125SXN1	26663356	10.1002/cbic.201500663
A0A125SXN2	26663356	10.1002/cbic.201500663
A0A125SXN3	26663356	10.1002/cbic.201500663
A0A140JWS5	25831977	10.1002/anie.201501072
A0A140JWT0	25831977	10.1002/anie.201501072
A0A140JWT1	25831977	10.1002/anie.201501072
A0A140JWT3	25831977	10.1002/anie.201501072
A0A140JWT4	25831977	10.1002/anie.201501072
A0A140JWT5	25831977	10.1002/anie.201501072
A0A140JWT6	25831977	10.1002/anie.201501072
A0A140JWT8	25831977	10.1002/anie.201501072
A0A140JWT9	25831977	10.1002/anie.201501072
A0A140JWU1	25831977	10.1002/anie.201501072
A0A140KFG9	26744017	10.1007/s00425-015-2454-6
A0A142BX74	26858282	10.1093/pcp/pcw019
A0A159AKG3	29785774; 29874939; 32834111; 33855010	10.1002/ptr.6109; 10.1080/14786419.2018.1480618; 10.1016/j.molstruc.2020.128823; 10.3389/fchem.2021.642026
A0A167V661	30127518	10.1038/s41598-018-30653-w
A0A1B4XBG5	27072286	10.1038/ja.2016.40
A0A1B7YCK2	22885923; 28851275; 32286350	10.1038/ng.2372; 10.1186/s12864-017-4083-x; 10.1038/s41467-020-15664-4
A0A1B7YCL6	22885923; 28851275; 32286350	10.1038/ng.2372; 10.1186/s12864-017-4083-x; 10.1038/s41467-020-15664-4
A0A1B7YCX1	28851275; 32286350	10.1186/s12864-017-4083-x; 10.1038/s41467-020-15664-4
A0A1E1FFL1	27602587; 29317628; 28759016	10.1021/jacs.6b08424; 10.1038/s41467-017-02371-w; 10.1038/nchembio.2443
A0A1E1FFL4	27602587; 28759016; 29317628	10.1021/jacs.6b08424; 10.1038/nchembio.2443; 10.1038/s41467-017-02371-w
A0A1E1FFL6	27602587; 28759016; 29317628	10.1021/jacs.6b08424; 10.1038/nchembio.2443; 10.1038/s41467-017-02371-w
A0A1E1FFM3	27602587; 28759016; 29317628	10.1021/jacs.6b08424; 10.1038/nchembio.2443; 10.1038/s41467-017-02371-w
A0A1E1FFM8	27602587; 28759016; 29317628	10.1021/jacs.6b08424; 10.1038/nchembio.2443; 10.1038/s41467-017-02371-w
A0A1E1FFN3	27602587; 28759016; 29317628	10.1021/jacs.6b08424; 10.1038/nchembio.2443; 10.1038/s41467-017-02371-w
A0A1E1FFN7	27602587; 28759016; 29317628	10.1021/jacs.6b08424; 10.1038/nchembio.2443; 10.1038/s41467-017-02371-w
A0A1E1FFP5	27602587; 28759016; 29317628	10.1021/jacs.6b08424; 10.1038/nchembio.2443; 10.1038/s41467-017-02371-w
A0A1G9UQQ0	29758116	10.1002/anie.201803800
A0A1G9VRW7	29758116	10.1002/anie.201803800
A0A1L5YKS7	27650333	10.1105/tpc.16.00062
A0A1L6Z3A5	28096378	10.1073/pnas.1612901114
A0A1L7U8F2	28040774; 27294564	10.1093/gbe/evw259; 10.1002/anie.201603782
A0A1L7VEQ6	28040774; 30545017; 34357940; 37124719	10.1093/gbe/evw259; 10.3390/molecules23123288; 10.3390/toxins13070468; 10.3389/fphar.2022.881182
A0A1L7VEQ8	28040774; 30545017; 34357940; 37124719	10.1093/gbe/evw259; 10.3390/molecules23123288; 10.3390/toxins13070468; 10.3389/fphar.2022.881182
A0A1L7VET6	28040774; 30545017; 34357940; 37124719	10.1093/gbe/evw259; 10.3390/molecules23123288; 10.3390/toxins13070468; 10.3389/fphar.2022.881182
A0A1L7VI12	28040774; 30545017; 34357940; 37124719	10.1093/gbe/evw259; 10.3390/molecules23123288; 10.3390/toxins13070468; 10.3389/fphar.2022.881182
A0A1L7VZE7	28040774; 27294564	10.1093/gbe/evw259; 10.1002/anie.201603782
A0A1L9WQK2	28196534; 38261827	10.1186/s13059-017-1151-0; 10.1016/j.apsb.2023.08.025
A0A1L9WUI2	28196534; 31618514	10.1186/s13059-017-1151-0; 10.1002/anie.201910200
A0A1L9WUI4	28196534; 31618514	10.1186/s13059-017-1151-0; 10.1002/anie.201910200
A0A1L9WUM2	28196534; 31618514	10.1186/s13059-017-1151-0; 10.1002/anie.201910200
A0A1L9WUX8	28196534; 31618514	10.1186/s13059-017-1151-0; 10.1002/anie.201910200
A0A1P7Y0A2	25642758; 29378087; 29509695	10.3390/ijms16023035; 10.1002/bab.1649; 10.3390/molecules23030589
A0A1P7Y0C9	25642758; 27746309; 29378087; 29509695	10.3390/ijms16023035; 10.1016/j.jbiotec.2016.10.011; 10.1002/bab.1649; 10.3390/molecules23030589
A0A1P7Y0D4	25642758; 29378087; 29509695	10.3390/ijms16023035; 10.1002/bab.1649; 10.3390/molecules23030589
A0A1U8QGE6	16372000; 19146970; 22234162; 22329759; 23865690; 29076725	10.1038/nature04341; 10.1016/j.fgb.2008.12.003; 10.1021/cb200455u; 10.1021/ja209809t; 10.1021/ja405518u; 10.1021/acschembio.7b00814
A0A1V0QSF8	28355238	10.1371/journal.pone.0173911
A0A1V0QSG1	28355238	10.1371/journal.pone.0173911
A0A1V0QSG9	28355238	10.1371/journal.pone.0173911
A0A1V0QSH1	28355238	10.1371/journal.pone.0173911
A0A1V1FNM9	27116000	10.1021/acs.orglett.6b00552
A0A1V1FNZ5	27116000	10.1021/acs.orglett.6b00552
A0A1V6NYL5	28368369; 34093475	10.1038/nmicrobiol.2017.44; 10.3389/fmicb.2021.660871
A0A1W6QDI6	28445526	10.1371/journal.pone.0176507
A0A1Y0BRF3	28529508	10.3389/fmicb.2017.00813
A0A1Y0BRF4	28529508	10.3389/fmicb.2017.00813
A0A1Y0BRF5	28529508	10.3389/fmicb.2017.00813
A0A1Y0BRF7	28529508	10.3389/fmicb.2017.00813
A0A1Y0BRF8	28529508	10.3389/fmicb.2017.00813
A0A1Y0BRG0	28529508	10.3389/fmicb.2017.00813
A0A1Y1C7S2	27447198	10.1021/jacs.6b05799
A0A284RNH4	29085064; 21376582; 23864890; 25746621; 26952552; 27592257; 29614282; 31488037; 31746694	10.1038/s41559-017-0347-8; 10.1016/j.bmcl.2011.02.026; 10.1155/2013/459271; 10.1615/intjmedmushrooms.v17.i2.70; 10.1016/j.jep.2016.02.044; 10.1007/s13277-016-5208-6; 10.1016/j.cub.2018.01.026; 10.1142/s0192415x19500708; 10.1094/pdis-06-19-1147-re
A0A2B7YDW3	29540755; 36602159	10.1038/s41598-018-22816-6; 10.1039/d2ob02158g
A0A2I1BSX0	29317534; 29968715	10.1073/pnas.1715954115; 10.1038/s41467-018-04983-2
A0A2I1BT15	29317534; 29968715	10.1073/pnas.1715954115; 10.1038/s41467-018-04983-2
A0A2I1BT56	29317534; 29968715	10.1073/pnas.1715954115; 10.1038/s41467-018-04983-2
A0A2I6PIZ2	29283570; 11318575	10.1021/jacs.7b10909; 10.1645/0022-3395(2001)087[0419:seonaa]2.0.co;2
A0A2I6PIZ8	29283570; 11318575; 36199176	10.1021/jacs.7b10909; 10.1645/0022-3395(2001)087[0419:seonaa]2.0.co;2; 10.1002/anie.202213364
A0A2I6PIZ9	29283570; 11318575; 36199176	10.1021/jacs.7b10909; 10.1645/0022-3395(2001)087[0419:seonaa]2.0.co;2; 10.1002/anie.202213364
A0A2I6PJ00	29283570; 11318575; 36199176	10.1021/jacs.7b10909; 10.1645/0022-3395(2001)087[0419:seonaa]2.0.co;2; 10.1002/anie.202213364
A0A2I6PJ01	29283570; 11318575; 36199176	10.1021/jacs.7b10909; 10.1645/0022-3395(2001)087[0419:seonaa]2.0.co;2; 10.1002/anie.202213364
A0A2I6PJ07	29283570; 11318575	10.1021/jacs.7b10909; 10.1645/0022-3395(2001)087[0419:seonaa]2.0.co;2
A0A2I6PJ08	29283570; 11318575	10.1021/jacs.7b10909; 10.1645/0022-3395(2001)087[0419:seonaa]2.0.co;2
A0A2I6PJ12	29283570; 11318575; 36199176	10.1021/jacs.7b10909; 10.1645/0022-3395(2001)087[0419:seonaa]2.0.co;2; 10.1002/anie.202213364
A0A2I6PJ13	29283570; 11318575	10.1021/jacs.7b10909; 10.1645/0022-3395(2001)087[0419:seonaa]2.0.co;2
A0A2K9RFY0	29315936; 12809367; 30468448	10.1111/tpj.13822; 10.1078/094471103322004866; 10.1039/c8np00077h
A0A2K9RFZ8	29315936; 12809367; 30468448	10.1111/tpj.13822; 10.1078/094471103322004866; 10.1039/c8np00077h
A0A2K9RG07	29315936; 12809367; 30468448	10.1111/tpj.13822; 10.1078/094471103322004866; 10.1039/c8np00077h
A0A2P1DP75	28926261	10.1021/acs.orglett.7b02653
A0A2P1DP77	28926261	10.1021/acs.orglett.7b02653
A0A2P1DP87	28926261	10.1021/acs.orglett.7b02653
A0A2P1DP89	28926261	10.1021/acs.orglett.7b02653
A0A2P1DP90	28926261	10.1021/acs.orglett.7b02653
A0A2P1DP94	28926261	10.1021/acs.orglett.7b02653
A0A2P1DP98	28926261	10.1021/acs.orglett.7b02653
A0A2P1DPA5	28926261	10.1021/acs.orglett.7b02653
A0A2U8U2K8	29773797; 9262310; 17912413; 20552126	10.1038/s41467-018-04364-9; 10.1039/b708614h; 10.1039/c0cc01162b
A0A2U8U2L3	29773797; 9262310; 17912413; 20552126	10.1038/s41467-018-04364-9; 10.1039/b708614h; 10.1039/c0cc01162b
A0A2U8U2L4	29773797; 9262310; 17912413; 20552126	10.1038/s41467-018-04364-9; 10.1039/b708614h; 10.1039/c0cc01162b
A0A2U8U2L5	29773797; 9262310; 17912413; 20552126	10.1038/s41467-018-04364-9; 10.1039/b708614h; 10.1039/c0cc01162b
A0A2U8U2M1	29773797; 9262310; 17912413; 20552126	10.1038/s41467-018-04364-9; 10.1039/b708614h; 10.1039/c0cc01162b
A0A2U8U2M8	29773797; 9262310; 17912413; 20552126	10.1038/s41467-018-04364-9; 10.1039/b708614h; 10.1039/c0cc01162b
A0A2Z4HPY0	30051576	10.1111/1462-2920.14333
A0A2Z4HPZ0	30051576	10.1111/1462-2920.14333
A0A2Z4HPZ5	30051576	10.1111/1462-2920.14333
A0A2Z4HPZ6	30051576	10.1111/1462-2920.14333
A0A2Z4HPZ7	30051576	10.1111/1462-2920.14333
A0A2Z6E8J2	29718548	10.1002/cbic.201800187
A0A2Z6E914	29718548	10.1002/cbic.201800187
A0A2Z6E9B9	29718548	10.1002/cbic.201800187
A0A2Z6E9C0	29718548	10.1002/cbic.201800187
A0A2Z6FZ19	29185768	10.1021/acs.orglett.7b03418; 10.1016/j.tetlet.2018.02.022
A0A2Z6FZ20	29185768	10.1021/acs.orglett.7b03418; 10.1016/j.tetlet.2018.02.022
A0A2Z6FZX4	29185768	10.1021/acs.orglett.7b03418; 10.1016/j.tetlet.2018.02.022
A0A345BJQ0	28605916	10.1021/acs.orglett.7b01534
A0A348AUV5	30127518	10.1038/s41598-018-30653-w
A0A348AUV6	30127518	10.1038/s41598-018-30653-w
A0A348AUV7	30127518	10.1038/s41598-018-30653-w
A0A348AUV9	30127518	10.1038/s41598-018-30653-w
A0A348AUW0	30127518	10.1038/s41598-018-30653-w
A0A348AUW1	30127518	10.1038/s41598-018-30653-w
A0A348B781	30105900; 19193860	10.1111/1751-7915.13304; 10.1073/pnas.0809575106
A0A348B782	30105900	10.1111/1751-7915.13304
A0A348B784	30105900	10.1111/1751-7915.13304
A0A348B785	30105900	10.1111/1751-7915.13304
A0A348B788	30105900	10.1111/1751-7915.13304
A0A348B790	30105900	10.1111/1751-7915.13304
A0A385AJN0	30254228; 21356102; 31621716	10.1038/s41598-018-32639-0; 10.1186/gb-2011-12-2-r20; 10.1039/c9cc07681f
A0A3G1DJL2	27056201	10.1039/c6cc02130a
A0A3G1QTT3	30496917	10.1016/j.phytochem.2018.11.015
A0A3G9GNJ4	30417647; 26115570; 25902139	10.1021/acs.orglett.8b03268; 10.1016/j.bmcl.2015.06.026; 10.1371/journal.pone.0122629
A0A3G9GR23	30417647; 26115570; 25902139	10.1021/acs.orglett.8b03268; 10.1016/j.bmcl.2015.06.026; 10.1371/journal.pone.0122629
A0A3G9GUR6	30417647; 26115570; 25902139	10.1021/acs.orglett.8b03268; 10.1016/j.bmcl.2015.06.026; 10.1371/journal.pone.0122629
A0A3G9GX61	30417647; 26115570; 25902139	10.1021/acs.orglett.8b03268; 10.1016/j.bmcl.2015.06.026; 10.1371/journal.pone.0122629
A0A3G9H185	30417647; 26115570; 25902139	10.1021/acs.orglett.8b03268; 10.1016/j.bmcl.2015.06.026; 10.1371/journal.pone.0122629
A0A3G9H8P0	30417647; 26115570; 25902139	10.1021/acs.orglett.8b03268; 10.1016/j.bmcl.2015.06.026; 10.1371/journal.pone.0122629
A0A3G9HAL8	30417647; 26115570; 25902139	10.1021/acs.orglett.8b03268; 10.1016/j.bmcl.2015.06.026; 10.1371/journal.pone.0122629
A0A3L6G998	30061735	10.1038/s41588-018-0182-0
A0A3T0ZHJ0		10.1039/c8qo01124a
A0A3T0ZHK6		10.1039/c8qo01124a
A0A3T0ZHK9		10.1039/c8qo01124a
A0A3T0ZHL2		10.1039/c8qo01124a
A0A3T0ZHL4		10.1039/c8qo01124a
A0A455LLV4	29797385	10.1002/anie.201804317
A0A455LLV8	29797385	10.1002/anie.201804317
A0A455LLW0	29797385	10.1002/anie.201804317
A0A455LLW7	29797385	10.1002/anie.201804317
A0A455LLW9	29797385	10.1002/anie.201804317
A0A455LLX1	29797385	10.1002/anie.201804317
A0A455LLX2	29797385	10.1002/anie.201804317
A0A455LLX4	29797385	10.1002/anie.201804317
A0A455LM21	29797385	10.1002/anie.201804317
A0A455LM26	29797385	10.1002/anie.201804317
A0A455LM27	29797385	10.1002/anie.201804317
A0A455LN84	29797385	10.1002/anie.201804317
A0A455LN86	29797385	10.1002/anie.201804317
A0A455LRW3	29797385	10.1002/anie.201804317
A0A455LRX2	29797385	10.1002/anie.201804317
A0A455LXK0	29797385	10.1002/anie.201804317
A0A455M2Y3	29797385	10.1002/anie.201804317
A0A455M7R7	29797385	10.1002/anie.201804317
A0A455R413	30952781; 12084465; 12798927; 20688188; 35418536	10.1073/pnas.1819254116; 10.1016/s0925-4439(02)00086-8; 10.1016/s1383-5769(03)00012-6; 10.1016/j.parint.2010.07.006; 10.2323/jgam.2021.08.001
A0A455R5K2	30952781; 12084465; 12798927; 20688188; 35418536	10.1073/pnas.1819254116; 10.1016/s0925-4439(02)00086-8; 10.1016/s1383-5769(03)00012-6; 10.1016/j.parint.2010.07.006; 10.2323/jgam.2021.08.001
A0A455R7E6	30952781; 12084465; 12798927; 20688188; 35418536	10.1073/pnas.1819254116; 10.1016/s0925-4439(02)00086-8; 10.1016/s1383-5769(03)00012-6; 10.1016/j.parint.2010.07.006; 10.2323/jgam.2021.08.001
A0A455R7M0	30952781; 12084465; 12798927; 20688188; 35418536	10.1073/pnas.1819254116; 10.1016/s0925-4439(02)00086-8; 10.1016/s1383-5769(03)00012-6; 10.1016/j.parint.2010.07.006; 10.2323/jgam.2021.08.001
A0A455RAK9	30952781; 12084465; 12798927; 20688188	10.1073/pnas.1819254116; 10.1016/s0925-4439(02)00086-8; 10.1016/s1383-5769(03)00012-6; 10.1016/j.parint.2010.07.006
A0A484FVL2	23252678; 30893003	10.1111/nph.12085; 10.1094/mpmi-12-18-0352-a; 10.1016/j.tetlet.2018.02.022
A0A484FXR4	23252678; 30893003	10.1111/nph.12085; 10.1094/mpmi-12-18-0352-a; 10.1016/j.tetlet.2018.02.022
A0A4D6IA24	30995339; 10223631; 32457155	10.1002/anie.201902910; 10.1002/(sici)1522-7189(199805/08)6:3/4<153::aid-nt16>3.0.co;2-1; 10.1073/pnas.2001325117
A0A4P8GEA3	30980906; 8360103; 18095654	10.1016/j.fgb.2019.04.004; 10.7164/antibiotics.46.1082; 10.1021/np070513k; 10.1016/j.phytol.2008.09.008
A0A4P8GEB4	30980906; 8360103; 18095654	10.1016/j.fgb.2019.04.004; 10.7164/antibiotics.46.1082; 10.1021/np070513k; 10.1016/j.phytol.2008.09.008
A0A4P8GEE8	30980906; 8360103; 18095654	10.1016/j.fgb.2019.04.004; 10.7164/antibiotics.46.1082; 10.1021/np070513k; 10.1016/j.phytol.2008.09.008
A0A4P8GF19	30980906; 8360103; 18095654	10.1016/j.fgb.2019.04.004; 10.7164/antibiotics.46.1082; 10.1021/np070513k; 10.1016/j.phytol.2008.09.008
A0A4P8GFV8	30980906; 8360103; 18095654	10.1016/j.fgb.2019.04.004; 10.7164/antibiotics.46.1082; 10.1021/np070513k; 10.1016/j.phytol.2008.09.008
A0A4P8GG75	30980906; 8360103; 18095654	10.1016/j.fgb.2019.04.004; 10.7164/antibiotics.46.1082; 10.1021/np070513k; 10.1016/j.phytol.2008.09.008
A0A4S8MAF3	30886374; 32233445	10.1038/s41559-019-0834-1; 10.1021/acschembio.0c00155
A0A4Y5L9K3	31138625	10.1104/pp.18.01506
A0A4Y5QVX6	31138625	10.1104/pp.18.01506
A0A4Y5QWA6	31138625	10.1104/pp.18.01506
A0A4Y5QWK5	31138625	10.1104/pp.18.01506
A0A516F405	30908782	10.1002/anie.201813722
A0A5B8NBE6	31371503	10.1073/pnas.1906083116
A0A5B8NBN0	26335498; 31371503	10.1186/s12870-015-0593-3; 10.1073/pnas.1906083116
A0A5P8DHZ6		
A0A5P8DI06		
A0A5P8DI07		
A0A5P8DI15		
A0A5Q0QMX0	32233445; 29334897	10.1021/acschembio.0c00155; 10.1186/s12864-017-4430-y
A0A5Q0QMX1	32233445; 29334897	10.1021/acschembio.0c00155; 10.1186/s12864-017-4430-y
A0A5Q0QN66	32233445; 29334897	10.1021/acschembio.0c00155; 10.1186/s12864-017-4430-y
A0A5Q0QNH9	32233445; 29334897	10.1021/acschembio.0c00155; 10.1186/s12864-017-4430-y
A0A5Q0QNJ2	32233445; 29334897	10.1021/acschembio.0c00155; 10.1186/s12864-017-4430-y
A0A5Q0QSI8	32233445; 29334897	10.1021/acschembio.0c00155; 10.1186/s12864-017-4430-y
A0A6S6QR11	28924980	10.1002/cbic.201700434
A0A7D0AGU9	31801241	10.3390/biom9120808
A0A7G5KLV2	25956881	10.1093/jxb/erv196
A0A7G5KLV3	25956881	10.1093/jxb/erv196
A0A7J6EK66	28355238	10.1371/journal.pone.0173911
A0A7J6G7L9	28355238	10.1371/journal.pone.0173911
A0A7J6H013	28355238	10.1371/journal.pone.0173911
A0A7J6HK32	28355238	10.1371/journal.pone.0173911
A0A803NI27	28355238	10.1371/journal.pone.0173911
A0A803PDZ0	28355238	10.1371/journal.pone.0173911
A0A858E4Y6	32913319; 21536894	10.1038/s41598-020-71219-z; 10.1073/pnas.1019315108
A0A858E7J4	32913319	10.1038/s41598-020-71219-z
A0A858E899	32913319	10.1038/s41598-020-71219-z
A0A858EAD5	32913319	10.1038/s41598-020-71219-z
A0A8D5M3V0	35057611	10.1021/acs.jnatprod.1c00973
A0A8D5M692	35057611	10.1021/acs.jnatprod.1c00973
A0A8D5M6H6	35057611	10.1021/acs.jnatprod.1c00973
A0A8D5M7V9	35057611	10.1021/acs.jnatprod.1c00973
A0A8D5M8I1	35057611	10.1021/acs.jnatprod.1c00973
A0A8D5RWG4	35057611	10.1021/acs.jnatprod.1c00973
A0A8D5RY40	35057611	10.1021/acs.jnatprod.1c00973
A0A8D5RZ52	35057611	10.1021/acs.jnatprod.1c00973
A0A8H5Z7W4	38417166	10.1021/acs.jnatprod.3c01161
A0A8H7XMX0	34322225; 40318115	10.12688/f1000research.51613.2; 10.1002/cbic.202500167
A0A8K1AW51	36126322	10.1021/acs.orglett.2c02904
A0A8K1AW54	36126322	10.1021/acs.orglett.2c02904
A0A8K1AWG4	36126322	10.1021/acs.orglett.2c02904
A0SJQ5	18051320; 20460708; 29476632; 30821132	10.1271/bbb.90833; 10.1002/bit.26583; 10.1111/1751-7915.13381
A1C8C2	18404212; 23324037; 27116000	10.1371/journal.pgen.1000046; 10.1021/ol303408a; 10.1021/acs.orglett.6b00552
A1C8C5	18404212; 23324037; 27116000	10.1371/journal.pgen.1000046; 10.1021/ol303408a; 10.1021/acs.orglett.6b00552
A4D9R2	16372009; 8534106; 18997389; 19571395; 20861902; 21224862; 26019565	10.1038/nature04332; 10.1128/aem.61.12.4429-4435.1995; 10.1038/ja.2008.67; 10.1248/bpb.32.1261; 10.1038/nchem.764; 10.1038/ja.2010.162; 10.1080/13102818.2014.960140
A4D9R3	16372009; 8534106; 18997389; 19571395; 20861902; 21224862; 26019565	10.1038/nature04332; 10.1128/aem.61.12.4429-4435.1995; 10.1038/ja.2008.67; 10.1248/bpb.32.1261; 10.1038/nchem.764; 10.1038/ja.2010.162; 10.1080/13102818.2014.960140
A7NH01	23307484; 27666571; 27829890	10.1002/anie.201209103; 10.1002/anie.201608042; 10.3762/bjoc.12.173
A8C980	17803686	10.1111/j.1742-4658.2007.06025.x
A8C981	17803686	10.1111/j.1742-4658.2007.06025.x
A8CDT2	17803686	10.1111/j.1742-4658.2007.06025.x
A8CDT3	17803686	10.1111/j.1742-4658.2007.06025.x
A9AWD5	22675585; 25694050	10.4056/sigs.2194987; 10.1002/cbic.201402652
A9FZ87	17965706; 25504914	10.1038/nbt1354; 10.1002/cbic.201402443
A9JPE0	19801473; 25087641; 28442441	10.1128/aem.02146-08; 10.1002/cbic.201402195; 10.1016/j.fgb.2017.04.006
A9JPE1	19801473; 24038699; 25087641; 26686623; 28442441	10.1128/aem.02146-08; 10.1128/aem.02496-13; 10.1002/cbic.201402195; 10.1016/j.micres.2015.08.007; 10.1016/j.fgb.2017.04.006
A9JPE2	19801473; 25087641; 28442441	10.1128/aem.02146-08; 10.1002/cbic.201402195; 10.1016/j.fgb.2017.04.006
B0Y565	18404212; 30977375	10.1371/journal.pgen.1000046; 10.1021/acs.orglett.9b00984
B1B1U3	18273640	10.1007/s00425-008-0700-x
B2DBF0	18391465	10.1271/bbb.70790
B2DBF1	18391465	10.1271/bbb.70790
B2J4A4	23463784; 18658271	10.1104/pp.112.213116; 10.1128/jb.00759-08
B5A434	18541135	10.1016/j.abb.2008.05.008
B5A435	18541135	10.1016/j.abb.2008.05.008
B5GW45	20624727; 21276937	10.1093/gbe/evq013; 10.1016/j.chembiol.2010.11.008
B5H7H3	27403888	10.1002/anie.201605425
B6EXY6	18977664; 11130712; 27862469; 11247608; 31138208	10.1016/j.plaphy.2008.09.007; 10.1038/35048500; 10.1111/tpj.13415; 10.1023/a:1006476123930; 10.1186/s12934-019-1138-5
B6H063	18820685; 24239699	10.1038/nbt.1498; 10.1016/j.fgb.2013.10.009
B6HFX9	18820685; 30343633	10.1038/nbt.1498; 10.1080/09168451.2018.1536518
B6HUQ4	18820685	10.1038/nbt.1498; 10.1016/j.tet.2013.07.029
B6HV34	18820685	10.1038/nbt.1498; 10.1016/j.tet.2013.07.029
B6HV35	18820685	10.1038/nbt.1498; 10.1016/j.tet.2013.07.029
B6HV36	18820685	10.1038/nbt.1498; 10.1016/j.tet.2013.07.029
B6HV37	18820685	10.1038/nbt.1498; 10.1016/j.tet.2013.07.029
B6HV38	18820685	10.1038/nbt.1498; 10.1016/j.tet.2013.07.029
B6HV39	18820685	10.1038/nbt.1498; 10.1016/j.tet.2013.07.029
B6SCF3	18775972	10.1104/pp.108.125187
B6SCF4	18775972	10.1104/pp.108.125187
B6SCF5	18775972	10.1104/pp.108.125187
B6SCF6	18775972	10.1104/pp.108.125187
B8NHD7	25883274; 34849826; 31885262	10.1128/genomea.00168-15; 10.1093/g3journal/jkab213; 10.1021/jacs.9b13046
B8NHD8	25883274; 34849826; 31885262	10.1128/genomea.00168-15; 10.1093/g3journal/jkab213; 10.1021/jacs.9b13046
B8NHD9	25883274; 34849826; 31885262	10.1128/genomea.00168-15; 10.1093/g3journal/jkab213; 10.1021/jacs.9b13046
B8NHE0	25883274; 34849826; 31885262	10.1128/genomea.00168-15; 10.1093/g3journal/jkab213; 10.1021/jacs.9b13046
B8NHE1	25883274; 34849826; 31885262; 36037799	10.1128/genomea.00168-15; 10.1093/g3journal/jkab213; 10.1021/jacs.9b13046; 10.1021/acs.biochem.2c00335
B8NHE2	25883274; 34849826; 31885262	10.1128/genomea.00168-15; 10.1093/g3journal/jkab213; 10.1021/jacs.9b13046
B8NHE3	25883274; 34849826; 31885262	10.1128/genomea.00168-15; 10.1093/g3journal/jkab213; 10.1021/jacs.9b13046
B8NHE4	25883274; 34849826; 31885262	10.1128/genomea.00168-15; 10.1093/g3journal/jkab213; 10.1021/jacs.9b13046
B9SBU9	22459969; 20729833	10.1016/j.phytochem.2012.02.022; 10.1038/nbt.1674
B9T536	22459969; 20729833	10.1016/j.phytochem.2012.02.022; 10.1038/nbt.1674
B9T625	20729833; 24810014	10.1038/nbt.1674; 10.1016/j.phytochem.2014.04.005
B9X0J1	18850716	10.1021/ol802072y
C1K5M3	19487664	10.1073/pnas.0904113106
C7ASI9	19656416	10.1186/1471-2229-9-106
C7E5V7	19646721	10.1016/j.phytochem.2009.06.011
C7E5V8	19646721	10.1016/j.phytochem.2009.06.011
C7E5V9	19646721	10.1016/j.phytochem.2009.06.011
C7E5W0	19646721	10.1016/j.phytochem.2009.06.011
C7PLV2	23307484; 27666571; 27829890	10.1002/anie.201209103; 10.1002/anie.201608042; 10.3762/bjoc.12.173
C8VQ92	16372000; 19146970; 22234162; 22329759; 23865690; 29076725	10.1038/nature04341; 10.1016/j.fgb.2008.12.003; 10.1021/cb200455u; 10.1021/ja209809t; 10.1021/ja405518u; 10.1021/acschembio.7b00814
C8XPS0	19905026; 21082262; 22291132	10.1021/ol902051v; 10.1007/s11033-010-0383-9; 10.1093/jxb/err466
C9E894	29378087; 29509695	10.1002/bab.1649; 10.3390/molecules23030589
C9K1X6	19635410; 27216162	10.1016/j.chembiol.2009.06.007; 10.1186/s12934-016-0487-6
C9K2Q2	19097780; 19700326; 21299202	10.1016/j.bmcl.2008.11.108; 10.1016/j.bmcl.2009.08.026; 10.1021/ja107785u
D0VMR5	20959422	10.1104/pp.110.161828
D1MX85	19700326; 19097780; 21299202	10.1016/j.bmcl.2009.08.026; 10.1016/j.bmcl.2008.11.108; 10.1021/ja107785u
D1MX86	19700326; 19097780; 21299202	10.1016/j.bmcl.2009.08.026; 10.1016/j.bmcl.2008.11.108; 10.1021/ja107785u
D1MX87	19700326; 19097780; 21299202	10.1016/j.bmcl.2009.08.026; 10.1016/j.bmcl.2008.11.108; 10.1021/ja107785u
D1MX88	19700326; 19097780; 21299202	10.1016/j.bmcl.2009.08.026; 10.1016/j.bmcl.2008.11.108; 10.1021/ja107785u
D1MX89	19700326; 19097780; 21299202	10.1016/j.bmcl.2009.08.026; 10.1016/j.bmcl.2008.11.108; 10.1021/ja107785u
D2B747	21304675; 27666571; 27829890	10.4056/sigs.631049; 10.1002/anie.201608042; 10.3762/bjoc.12.173
D2K762	29378087; 29509695	10.1002/bab.1649; 10.3390/molecules23030589
D2YZP9	20229191	10.1007/s00425-010-1137-6
D3KYU2	18492804	10.1073/pnas.0802312105
D3KYU3	18492804	10.1073/pnas.0802312105
D5SJ87	20624727; 26814669	10.1093/gbe/evq013; 10.1038/ja.2015.147
D5SK09	20624727; 25605043; 28696553; 35965858	10.1093/gbe/evq013; 10.1038/ja.2014.171; 10.1002/chem.201702704; 10.3762/bjoc.18.97
D7NJ68	20460708; 18051320; 29476632	10.1271/bbb.90833; 10.1002/bit.26583
D7PHZ0	20534346; 19168978; 24161266; 27049441	10.1016/j.chembiol.2010.03.015; 10.1038/ja.2008.84; 10.1021/ja408966t; 10.1038/ja.2016.35
D7PHZ1	20534346; 19168978; 24161266; 27049441	10.1016/j.chembiol.2010.03.015; 10.1038/ja.2008.84; 10.1021/ja408966t; 10.1038/ja.2016.35
D7PHZ3	20534346; 19168978; 24161266; 27049441	10.1016/j.chembiol.2010.03.015; 10.1038/ja.2008.84; 10.1021/ja408966t; 10.1038/ja.2016.35
D7PHZ4	20534346; 19168978; 24161266; 27049441	10.1016/j.chembiol.2010.03.015; 10.1038/ja.2008.84; 10.1021/ja408966t; 10.1038/ja.2016.35
D7PHZ7	20534346; 19168978; 24161266; 27049441	10.1016/j.chembiol.2010.03.015; 10.1038/ja.2008.84; 10.1021/ja408966t; 10.1038/ja.2016.35
D7PHZ8	20534346; 19168978; 24161266; 27049441	10.1016/j.chembiol.2010.03.015; 10.1038/ja.2008.84; 10.1021/ja408966t; 10.1038/ja.2016.35
D7PHZ9	20534346; 19168978; 24161266; 27049441	10.1016/j.chembiol.2010.03.015; 10.1038/ja.2008.84; 10.1021/ja408966t; 10.1038/ja.2016.35
D7UTD1	21299202; 19097780; 19700326	10.1021/ja107785u; 10.1016/j.bmcl.2008.11.108; 10.1016/j.bmcl.2009.08.026
D8RLD3	22908266; 21551031	10.1073/pnas.1204300109; 10.1126/science.1203810
D8RNZ9	22908266; 21551031	10.1073/pnas.1204300109; 10.1126/science.1203810
D9XD61	23307484; 27829890	10.1002/anie.201209103; 10.3762/bjoc.12.173
D9XDR8	23307484; 27666571; 27829890	10.1002/anie.201209103; 10.1002/anie.201608042; 10.3762/bjoc.12.173
E0D7H5	21299202; 19097780; 19700326	10.1021/ja107785u; 10.1016/j.bmcl.2008.11.108; 10.1016/j.bmcl.2009.08.026
E0D7H6	21299202; 17360612; 22287087; 22870285	10.1021/ja107785u; 10.1073/pnas.0608426104; 10.1002/cbic.201100725; 10.1371/journal.pone.0042090
E2E2N8	20419468	10.1007/s11103-010-9636-1; 10.1016/j.indcrop.2018.07.006
E2IUA6	20610397	10.1074/jbc.m109.098871
E2IUA7	20610397	10.1074/jbc.m109.098871
E2IUA8	20610397	10.1074/jbc.m109.098871
E2IUA9	20610397	10.1074/jbc.m109.098871
E2IUB0	20610397	10.1074/jbc.m109.098871
E3UBL5	11169115; 23949005; 40308950	10.1046/j.1365-2958.2001.02265.x; 10.3390/toxins5081422; 10.1039/d5sc02009c
E3UBL6	11169115; 23949005; 16494875; 23311903; 40308950	10.1046/j.1365-2958.2001.02265.x; 10.3390/toxins5081422; 10.1016/j.febslet.2006.02.008; 10.1021/ja3116636; 10.1039/d5sc02009c
E3VWJ0	21284395	10.1021/ja111279h
E3W202	21454632	10.1074/jbc.m111.231787
E3W203	21454632	10.1074/jbc.m111.231787
E3W204	21454632	10.1074/jbc.m111.231787
E4N7E5	21059706; 25809275; 27666571	10.1093/dnares/dsq026; 10.1002/anie.201501119; 10.1002/anie.201608042
E7DN63	21059824	10.1104/pp.110.162883
E8W6C7	26361082	10.1002/anie.201507615
E9E766	21253567; 31239482	10.1371/journal.pgen.1001264; 10.1038/s41598-019-45532-1
E9F5E7	21253567; 25368161; 27189118; 34863012	10.1371/journal.pgen.1001264; 10.1073/pnas.1412662111; 10.1038/ja.2016.54; 10.1111/1462-2920.15859
E9F5E8	21253567; 25368161; 27189118; 34863012	10.1371/journal.pgen.1001264; 10.1073/pnas.1412662111; 10.1038/ja.2016.54; 10.1111/1462-2920.15859
E9F5F0	21253567; 25368161; 27189118; 34863012	10.1371/journal.pgen.1001264; 10.1073/pnas.1412662111; 10.1038/ja.2016.54; 10.1111/1462-2920.15859
E9F5F1	21253567; 25368161; 27189118; 34863012	10.1371/journal.pgen.1001264; 10.1073/pnas.1412662111; 10.1038/ja.2016.54; 10.1111/1462-2920.15859
F0ZDD0	30254228; 21356102	10.1038/s41598-018-32639-0; 10.1186/gb-2011-12-2-r20
F0ZL92	30254228; 21356102	10.1038/s41598-018-32639-0; 10.1186/gb-2011-12-2-r20
F0ZLU4	30254228; 21356102	10.1038/s41598-018-32639-0; 10.1186/gb-2011-12-2-r20
F8JSS1	36416740	10.1021/jacs.2c09412
F8UL80	21620424; 24704560; 30468448	10.1016/j.phytochem.2011.04.021; 10.1016/j.ymben.2014.03.005; 10.1039/c8np00077h
F8UL81	21620424	10.1016/j.phytochem.2011.04.021
F8WQD0	21377465	10.1016/j.febslet.2011.02.037
G1DGI7	21751328; 21551031; 22908266	10.1002/cbic.201100336; 10.1126/science.1203810; 10.1073/pnas.1204300109
G8H5N2	21818683	10.1007/s11103-011-9813-x
G8H5N3	21818683; 21813655	10.1007/s11103-011-9813-x; 10.1104/pp.111.179648
H1VM35	22885923; 28851275; 32286350	10.1038/ng.2372; 10.1186/s12864-017-4083-x; 10.1038/s41467-020-15664-4
H1VN83	22885923; 28851275; 32286350	10.1038/ng.2372; 10.1186/s12864-017-4083-x; 10.1038/s41467-020-15664-4
H1VQW0	22885923; 28851275; 32286350	10.1038/ng.2372; 10.1186/s12864-017-4083-x; 10.1038/s41467-020-15664-4
H2KWF1	16188032; 16100779; 18089549; 24280374; 15685292; 12869764; 21526825	10.1186/1741-7007-3-20; 10.1038/nature03895; 10.1093/nar/gkm978; 10.1186/1939-8433-6-4; 10.1371/journal.pbio.0030038; 10.1126/science.1081288; 10.1021/ol200777d
H6VLG5	26077765; 22291132	10.1104/pp.15.00695; 10.1093/jxb/err466
H7CE84	22870285; 17360612; 21299202; 22287087	10.1371/journal.pone.0042090; 10.1073/pnas.0608426104; 10.1021/ja107785u; 10.1002/cbic.201100725
H8ZM71	22337889	10.1074/jbc.m111.317669
I1RL13	17823352; 20237561; 26198851; 32286350	10.1126/science.1143708; 10.1038/nature08850; 10.1186/s12864-015-1756-1; 10.1038/s41467-020-15664-4
I1RL15	17823352; 20237561; 26198851; 32286350	10.1126/science.1143708; 10.1038/nature08850; 10.1186/s12864-015-1756-1; 10.1038/s41467-020-15664-4
I1RL16	17823352; 20237561; 26198851; 32286350	10.1126/science.1143708; 10.1038/nature08850; 10.1186/s12864-015-1756-1; 10.1038/s41467-020-15664-4
I1RL18	17823352; 20237561; 26198851; 32286350	10.1126/science.1143708; 10.1038/nature08850; 10.1186/s12864-015-1756-1; 10.1038/s41467-020-15664-4
I6QPS5	22682202	10.1186/1471-2229-12-84
I6QSN0	22682202	10.1186/1471-2229-12-84
I6R4V5	22682202	10.1186/1471-2229-12-84
I6RAQ6	22682202	10.1186/1471-2229-12-84
I6RE61	22682202	10.1186/1471-2229-12-84
J7FIJ6	23468653; 29457197	10.1371/journal.pgen.1003323; 10.1007/s00253-018-8807-x
J7FIP8	23468653; 29457197; 32077051	10.1371/journal.pgen.1003323; 10.1007/s00253-018-8807-x; 10.1007/s12223-020-00777-6
J7FJH0	23468653; 15991026; 16765617; 20519633; 30731202; 40308950	10.1371/journal.pgen.1003323; 10.1007/s00438-005-1130-0; 10.1016/j.fgb.2006.04.004; 10.1104/pp.110.158451; 10.1016/j.fgb.2019.02.001; 10.1039/d5sc02009c
J7FJH1	23468653; 29457197	10.1371/journal.pgen.1003323; 10.1007/s00253-018-8807-x
J7FK08	23468653; 29457197; 32077051	10.1371/journal.pgen.1003323; 10.1007/s00253-018-8807-x; 10.1007/s12223-020-00777-6
J7FK10	23468653; 29457197	10.1371/journal.pgen.1003323; 10.1007/s00253-018-8807-x
J7LH11	22867794	10.1016/j.abb.2012.07.010
J7LJN5	22867794	10.1016/j.abb.2012.07.010
J7LMP2	22867794	10.1016/j.abb.2012.07.010
J7LQ09	22867794	10.1016/j.abb.2012.07.010
J9QS23	22908266; 21551031	10.1073/pnas.1204300109; 10.1126/science.1203810
J9QS25	22908266; 21551031	10.1073/pnas.1204300109; 10.1126/science.1203810
J9R1J8	22908266; 21551031	10.1073/pnas.1204300109; 10.1126/science.1203810
J9R388	22908266; 21551031	10.1073/pnas.1204300109; 10.1126/science.1203810
J9R5V4	22776156	10.1111/j.1742-4658.2012.08692.x
J9RLZ7	22776156	10.1111/j.1742-4658.2012.08692.x
K0K750	22958348; 27829890	10.1186/1471-2164-13-465; 10.3762/bjoc.12.173
K2QVI4	22992219; 32286350	10.1186/1471-2164-13-493; 10.1038/s41467-020-15664-4
K2QVI8	22992219; 32286350	10.1186/1471-2164-13-493; 10.1038/s41467-020-15664-4
K2RGJ8	22992219; 32286350	10.1186/1471-2164-13-493; 10.1038/s41467-020-15664-4
K2RLM2	22992219; 32286350	10.1186/1471-2164-13-493; 10.1038/s41467-020-15664-4
K2RLM6	22992219; 32286350	10.1186/1471-2164-13-493; 10.1038/s41467-020-15664-4
K2RU64	22992219; 32286350	10.1186/1471-2164-13-493; 10.1038/s41467-020-15664-4
K2RU68	22992219; 32286350	10.1186/1471-2164-13-493; 10.1038/s41467-020-15664-4
K4B6C9	24142382; 22660326; 24884371	10.1007/s11103-013-0142-0; 10.1038/nature11119; 10.1186/1471-2164-15-402
K4IAL8	22834731	10.1186/1471-2229-12-119
K4L9M2	22938155	10.1042/bj20120654
K4LMW2	22938155	10.1042/bj20120654
K7NBZ9	29192442; 27821754; 25759326; 36805532	10.19540/j.cnki.cjcmm.20170714.003; 10.1073/pnas.1604828113; 10.1093/pcp/pcv043; 10.1038/s42003-023-04553-3
K9Y645		
K9Y6Y9	26750479; 31644985	10.1107/s2053230x15023043; 10.1016/j.phytochem.2019.112126
L0MXJ1	22870285; 17360612; 21299202; 22287087	10.1371/journal.pone.0042090; 10.1073/pnas.0608426104; 10.1021/ja107785u; 10.1002/cbic.201100725
L0MXJ3	22870285; 17360612; 21299202; 22287087	10.1371/journal.pone.0042090; 10.1073/pnas.0608426104; 10.1021/ja107785u; 10.1002/cbic.201100725
L0MXX3	22870285; 17360612; 21299202; 22287087	10.1371/journal.pone.0042090; 10.1073/pnas.0608426104; 10.1021/ja107785u; 10.1002/cbic.201100725
L0MYS5	22870285; 17360612; 21299202; 22287087	10.1371/journal.pone.0042090; 10.1073/pnas.0608426104; 10.1021/ja107785u; 10.1002/cbic.201100725
L0MYS8	22870285; 17360612; 21299202; 22287087	10.1371/journal.pone.0042090; 10.1073/pnas.0608426104; 10.1021/ja107785u; 10.1002/cbic.201100725
L0MZK0	22870285; 17360612; 21299202; 22287087	10.1371/journal.pone.0042090; 10.1073/pnas.0608426104; 10.1021/ja107785u; 10.1002/cbic.201100725
L0MZK4	22870285; 17360612; 21299202; 22287087	10.1371/journal.pone.0042090; 10.1073/pnas.0608426104; 10.1021/ja107785u; 10.1002/cbic.201100725
L0N063	22870285; 17360612; 21299202; 22287087	10.1371/journal.pone.0042090; 10.1073/pnas.0608426104; 10.1021/ja107785u; 10.1002/cbic.201100725
M1UZ07	23261604	10.1016/j.chembiol.2012.10.010
M1UZ09	23261604	10.1016/j.chembiol.2012.10.010
M1V8J8	23261604	10.1016/j.chembiol.2012.10.010
M1V8K0	23261604	10.1016/j.chembiol.2012.10.010
M1VE36	23261604	10.1016/j.chembiol.2012.10.010
M1VJS5	23261604	10.1016/j.chembiol.2012.10.010
M1VNH2	23261604	10.1016/j.chembiol.2012.10.010
M2SPA3	23236275; 23357949; 38417166	10.1371/journal.ppat.1003037; 10.1371/journal.pgen.1003233; 10.1021/acs.jnatprod.3c01161
M2T7Z1	23236275; 23357949; 29185768; 29417814	10.1371/journal.ppat.1003037; 10.1371/journal.pgen.1003233; 10.1021/acs.orglett.7b03418; 10.1021/acs.joc.7b03220
M2UJ60	23236275; 23357949; 29185768; 29417814	10.1371/journal.ppat.1003037; 10.1371/journal.pgen.1003233; 10.1021/acs.orglett.7b03418; 10.1021/acs.joc.7b03220
M2URK9	23236275; 23357949; 27116000	10.1371/journal.ppat.1003037; 10.1371/journal.pgen.1003233; 10.1021/acs.orglett.6b00552
M2V0Z8	23236275; 23357949; 29185768; 29417814	10.1371/journal.ppat.1003037; 10.1371/journal.pgen.1003233; 10.1021/acs.orglett.7b03418; 10.1021/acs.joc.7b03220
M2V933	23236275; 23357949; 27116000	10.1371/journal.ppat.1003037; 10.1371/journal.pgen.1003233; 10.1021/acs.orglett.6b00552
M4HXW5	23370714	10.1104/pp.112.208546
M4HY08	23370714	10.1104/pp.112.208546
M4HYC8	23370714	10.1104/pp.112.208546
M4HYP3	23370714	10.1104/pp.112.208546
M5AWY0	22267661; 23524667	10.1128/aem.07694-11; 10.1128/aem.03958-12
N6Z5E2	26979141	10.1186/s12858-016-0062-0
O04408	9107034	10.1046/j.1365-313x.1997.11030443.x
O13284	9268298	10.1074/jbc.272.35.21706
O13306	15229592; 9333053	10.1038/nature02579; 10.1128/aac.41.10.2229
O22184	10617197; 27862469; 12207221; 12777052	10.1038/45471; 10.1111/tpj.13415; 10.1007/s00438-002-0709-y; 10.1023/a:1023005504702
O23651	9358062; 9461215; 10617198; 27862469; 12207221; 12566586; 12777052	10.1016/s0378-1119(97)00374-0; 10.1038/35140; 10.1038/47134; 10.1111/tpj.13415; 10.1007/s00438-002-0709-y; 10.1105/tpc.007989; 10.1023/a:1023005504702
O23945	15522848; 10092188	10.1105/tpc.104.023895; 10.1023/a:1006179928312
O49853		
O65402	10350086; 10048488; 27862469; 17426032	10.1023/a:1006172120929; 10.1093/dnares/5.6.379; 10.1111/tpj.13415; 10.1074/jbc.m611831200
O65403	10350086; 9679202; 10048488; 27862469; 17426032	10.1023/a:1006172120929; 10.1093/dnares/5.2.131; 10.1093/dnares/5.6.379; 10.1111/tpj.13415; 10.1074/jbc.m611831200
O65404	10048488; 27862469; 10350086; 17426032	10.1093/dnares/5.6.379; 10.1111/tpj.13415; 10.1023/a:1006172120929; 10.1074/jbc.m611831200
O65434	10617198; 27862469; 12207221; 12777052	10.1038/47134; 10.1111/tpj.13415; 10.1007/s00438-002-0709-y; 10.1023/a:1023005504702
O65726	10350086	10.1023/a:1006172120929
O65727	10350086	10.1023/a:1006172120929
O74165	9647847	10.1128/aem.64.7.2676-2680.1998
O81191	9614092	10.1074/jbc.273.24.14891
O81193	9614092	10.1074/jbc.273.24.14891
O82146	24198659; 29378087; 29509695	10.5142/jgr.2013.37.332; 10.1002/bab.1649; 10.3390/molecules23030589
P0C8Y0	11130712; 27862469; 11247608; 17985917	10.1038/35048500; 10.1111/tpj.13415; 10.1023/a:1006476123930; 10.1021/ol702399g
P0CU77	16372000; 19146970; 30339758	10.1038/nature04341; 10.1016/j.fgb.2008.12.003; 10.1021/acschembio.8b00679
P0CV96	15522848	10.1105/tpc.104.023895
P0DO36	24915411; 29785774; 29874939; 33664752; 32448034; 30836858; 32834111; 33855010	10.1080/10408398.2011.653458; 10.1002/ptr.6109; 10.1080/14786419.2018.1480618; 10.3389/fpls.2020.601335; 10.1080/07391102.2020.1772112; 10.1080/07391102.2019.1590243; 10.1016/j.molstruc.2020.128823; 10.3389/fchem.2021.642026
P0DO46	21818683	10.1007/s11103-011-9813-x
P0DXI1	36082289	10.3389/fpls.2022.958138
P0DXI2	36082289	10.3389/fpls.2022.958138
P0DY22	34797921; 38404388	10.1111/nph.17873; 10.1039/d3sc06001b
P33990	7894707; 15592456	10.1099/00221287-141-1-155; 10.1038/nbt1045
P40805	7704258; 9384377; 16757561; 17190806; 17234808; 32948786	10.1099/13500872-141-2-299; 10.1038/36786; 10.1073/pnas.0603148103; 10.1073/pnas.0609073103; 10.1073/pnas.0610503104; 10.1038/s41598-020-71850-w
P54924	12597275	10.1093/dnares/9.6.189
P55348	9163424; 19376903	10.1038/387394a0; 10.1128/aem.00515-09
P78589	14653518; 22265407	10.1080/1369378031000137233; 10.1016/j.cell.2011.10.048
P9WEE6	23261604; 40308950	10.1016/j.chembiol.2012.10.010; 10.1039/d5sc02009c
P9WEE7	39915105	10.1021/acs.orglett.5c00062
P9WEE8	39915105	10.1021/acs.orglett.5c00062
P9WEE9	39915105	10.1021/acs.orglett.5c00062
P9WEF0	39489701; 2831182; 37913771	10.1002/anie.202416795; 10.7164/antibiotics.41.31; 10.1016/j.chembiol.2023.10.003
P9WEG0	34797921; 38404388	10.1111/nph.17873; 10.1039/d3sc06001b
P9WEG1	34797921; 38404388	10.1111/nph.17873; 10.1039/d3sc06001b
P9WEG4	34797921; 38404388	10.1111/nph.17873; 10.1039/d3sc06001b
P9WEG5	34797921; 38404388	10.1111/nph.17873; 10.1039/d3sc06001b
P9WEG7	26216546; 33857369	10.1186/s12864-015-1719-6; 10.1021/jacs.1c01516
P9WEG8	38654452	10.1021/jacs.4c02415
P9WEH0	38654452	10.1021/jacs.4c02415
P9WEH2	38654452	10.1021/jacs.4c02415
P9WEH3	38654452	10.1021/jacs.4c02415
P9WEP1	33480256	10.1021/acs.orglett.0c03996
P9WEP2	16372000; 19146970; 22234162; 22329759; 23865690; 29076725	10.1038/nature04341; 10.1016/j.fgb.2008.12.003; 10.1021/cb200455u; 10.1021/ja209809t; 10.1021/ja405518u; 10.1021/acschembio.7b00814
P9WEP3	30090271; 30123464	10.1039/c5sc01965f; 10.1039/c6sc90012g
P9WEP4	30090271; 30123464	10.1039/c5sc01965f; 10.1039/c6sc90012g
P9WEQ3	30090271; 30123464	10.1039/c5sc01965f; 10.1039/c6sc90012g
P9WEQ4	30090271; 30123464	10.1039/c5sc01965f; 10.1039/c6sc90012g
P9WEQ5	30090271; 30123464	10.1039/c5sc01965f; 10.1039/c6sc90012g
P9WEQ7	30090271; 30123464	10.1039/c5sc01965f; 10.1039/c6sc90012g
P9WEQ8	30090271; 30123464	10.1039/c5sc01965f; 10.1039/c6sc90012g
P9WER0	32936132	10.1039/d0cc03950k
P9WER2	32936132	10.1039/d0cc03950k
P9WER4	32936132	10.1039/d0cc03950k
P9WER5	26707807; 35650436	10.1016/j.jbiotec.2015.12.017; 10.1038/s41586-022-04773-3
P9WEW7	22992219; 32286350	10.1186/1471-2164-13-493; 10.1038/s41467-020-15664-4
P9WEW9	17823352; 20237561; 26198851; 32286350	10.1126/science.1143708; 10.1038/nature08850; 10.1186/s12864-015-1756-1; 10.1038/s41467-020-15664-4
P9WEX0	32286350	10.1038/s41467-020-15664-4
P9WEX1	32286350	10.1038/s41467-020-15664-4
P9WEX2	32286350	10.1038/s41467-020-15664-4
P9WEX4	32286350	10.1038/s41467-020-15664-4
P9WEX5	32286350	10.1038/s41467-020-15664-4
P9WEX6	25263348; 32286350	10.1186/1471-2164-15-822; 10.1038/s41467-020-15664-4
P9WEX7	25263348; 32286350	10.1186/1471-2164-15-822; 10.1038/s41467-020-15664-4
P9WEX8	25263348; 32286350	10.1186/1471-2164-15-822; 10.1038/s41467-020-15664-4
P9WEY0	17823352; 20237561; 26198851; 32286350	10.1126/science.1143708; 10.1038/nature08850; 10.1186/s12864-015-1756-1; 10.1038/s41467-020-15664-4
P9WEY1	25263348; 32286350	10.1186/1471-2164-15-822; 10.1038/s41467-020-15664-4
P9WEY2	25263348; 32286350	10.1186/1471-2164-15-822; 10.1038/s41467-020-15664-4
P9WEY4	31839833	10.3762/bjoc.15.281
P9WEY5	31839833	10.3762/bjoc.15.281
P9WEY6	31839833	10.3762/bjoc.15.281
Q0C898	22549923; 22782788; 23116177; 25671343; 28759016	10.1002/cbic.201200124; 10.1002/cbic.201200369; 10.1021/ol302682z; 10.1021/jacs.5b00570; 10.1038/nchembio.2443
Q0C899	22549923; 22782788; 23116177; 25671343; 28759016	10.1002/cbic.201200124; 10.1002/cbic.201200369; 10.1021/ol302682z; 10.1021/jacs.5b00570; 10.1038/nchembio.2443
Q0C8A0	22549923; 22782788; 23116177; 25671343; 28759016	10.1002/cbic.201200124; 10.1002/cbic.201200369; 10.1021/ol302682z; 10.1021/jacs.5b00570; 10.1038/nchembio.2443
Q0C8A3	22549923; 22782788; 23116177; 25671343; 28759016	10.1002/cbic.201200124; 10.1002/cbic.201200369; 10.1021/ol302682z; 10.1021/jacs.5b00570; 10.1038/nchembio.2443
Q0C8A5	22549923; 22782788; 23116177; 25671343; 28759016	10.1002/cbic.201200124; 10.1002/cbic.201200369; 10.1021/ol302682z; 10.1021/jacs.5b00570; 10.1038/nchembio.2443
Q0C8A6	22549923; 22782788; 23116177; 25671343; 28759016	10.1002/cbic.201200124; 10.1002/cbic.201200369; 10.1021/ol302682z; 10.1021/jacs.5b00570; 10.1038/nchembio.2443
Q0C8A7	22549923; 22782788; 23116177; 25671343; 28759016	10.1002/cbic.201200124; 10.1002/cbic.201200369; 10.1021/ol302682z; 10.1021/jacs.5b00570; 10.1038/nchembio.2443
Q0C9L5	2523213; 22753871; 22822083; 26954888	10.1016/0003-9861(89)90554-7; 10.1182/blood-2011-12-399063; 10.1158/0008-5472.can-12-0567; 10.1021/acs.orglett.6b00299
Q0CPG7	29995859; 39511739	10.1038/s41586-018-0319-4; 10.1021/acs.jafc.4c08468
Q0CPG8	29995859; 39511739	10.1038/s41586-018-0319-4; 10.1021/acs.jafc.4c08468
Q0JA83	15668792; 12447439; 16100779; 18089549; 24280374; 16861806	10.1007/s00299-004-0896-6; 10.1038/nature01183; 10.1038/nature03895; 10.1093/nar/gkm978; 10.1186/1939-8433-6-4; 10.1271/bbb.60044
Q0VHD6	16839518	10.1016/j.abb.2006.06.007
Q15FB2	16765617; 15991026; 20519633	10.1016/j.fgb.2006.04.004; 10.1007/s00438-005-1130-0; 10.1104/pp.110.158451
Q15FB3	16765617; 15991026; 20519633; 22750140; 30731202	10.1016/j.fgb.2006.04.004; 10.1007/s00438-005-1130-0; 10.1104/pp.110.158451; 10.1016/j.febslet.2012.06.035; 10.1016/j.fgb.2019.02.001
Q15FB5	16765617; 15991026; 20519633; 22750140; 30731202	10.1016/j.fgb.2006.04.004; 10.1007/s00438-005-1130-0; 10.1104/pp.110.158451; 10.1016/j.febslet.2012.06.035; 10.1016/j.fgb.2019.02.001
Q1ZXA1	15875012; 31063135	10.1038/nature03481; 10.7554/elife.44352
Q20HU6	16415217	10.1104/pp.105.071803
Q29VN1	27662898; 19965430; 26378100; 30187155	10.1105/tpc.15.00919; 10.1126/science.1178534; 10.1104/pp.15.01039; 10.1007/s00425-018-2999-2
Q2R712	16188032; 16100779; 18089549; 24280374; 12869764; 21526825	10.1186/1741-7007-3-20; 10.1038/nature03895; 10.1093/nar/gkm978; 10.1186/1939-8433-6-4; 10.1126/science.1081288; 10.1021/ol200777d
Q2U0K2	16372010; 30466366	10.1038/nature04300; 10.1080/09168451.2018.1549934
Q2XPU6	16445885	10.1016/j.abb.2005.12.013
Q2XPU7	16445885	10.1016/j.abb.2005.12.013
Q2XSC4	17662687	10.1016/j.abb.2007.06.011
Q2XSC5	17662687	10.1016/j.abb.2007.06.011
Q2XSC6	17662687	10.1016/j.abb.2007.06.011
Q39760	8554317	10.1006/abbi.1995.0038
Q39978	7706281	10.1074/jbc.270.13.7375
Q39979	7706281	10.1074/jbc.270.13.7375
Q39980	7706281	10.1074/jbc.270.13.7375
Q4QSN4	15921711	10.1016/j.phytochem.2005.04.030
Q4WAZ2	16372009; 14913169; 9177176; 12075057; 18209961; 23488861; 24116213; 24082142; 24568283	10.1038/nature04332; 10.1126/science.115.2977.71; 10.1073/pnas.94.12.6099; 10.1056/nejmoa012924; 10.1007/s00011-007-7075-5; 10.1021/ja312503y; 10.1371/journal.pone.0077147; 10.1073/pnas.1313258110; 10.1021/ja500881e
Q4WBI0	16372009; 37860661	10.1038/nature04332; 10.1039/d3sc02226a
Q4WBI3	16372009; 37860661	10.1038/nature04332; 10.1039/d3sc02226a
Q4WBI5	16372009; 37860661	10.1038/nature04332; 10.1039/d3sc02226a
Q4WES9	16372009; 16110826; 18191972	10.1038/nature04332; 10.1080/13693780400029114; 10.1016/j.steroids.2007.11.005
Q4WLC8	16372009; 8534106; 18997389; 19571395; 20861902; 21224862; 26019565	10.1038/nature04332; 10.1128/aem.61.12.4429-4435.1995; 10.1038/ja.2008.67; 10.1248/bpb.32.1261; 10.1038/nchem.764; 10.1038/ja.2010.162; 10.1080/13102818.2014.960140
Q4WLD0	16372009; 8534106; 18997389; 19571395; 20861902; 21224862; 26019565	10.1038/nature04332; 10.1128/aem.61.12.4429-4435.1995; 10.1038/ja.2008.67; 10.1248/bpb.32.1261; 10.1038/nchem.764; 10.1038/ja.2010.162; 10.1080/13102818.2014.960140
Q4WLD2	16372009; 8534106; 18997389; 19571395; 20861902; 21224862; 26019565	10.1038/nature04332; 10.1128/aem.61.12.4429-4435.1995; 10.1038/ja.2008.67; 10.1248/bpb.32.1261; 10.1038/nchem.764; 10.1038/ja.2010.162; 10.1080/13102818.2014.960140
Q4WLD5	16372009; 8534106; 18997389; 19571395; 20861902; 21224862; 26019565	10.1038/nature04332; 10.1128/aem.61.12.4429-4435.1995; 10.1038/ja.2008.67; 10.1248/bpb.32.1261; 10.1038/nchem.764; 10.1038/ja.2010.162; 10.1080/13102818.2014.960140
Q4WQ95	16372009; 16110826; 18191972	10.1038/nature04332; 10.1080/13693780400029114; 10.1016/j.steroids.2007.11.005
Q54BE5	27790999; 15875012; 31063135	10.1073/pnas.1610379113; 10.1038/nature03481; 10.7554/elife.44352
Q54DR1	12097910; 15875012	10.1038/nature00847; 10.1038/nature03481
Q54P86	27790999; 15875012; 27862766	10.1073/pnas.1610379113; 10.1038/nature03481; 10.1002/anie.201608971
Q54YE1	27790999; 15875012	10.1073/pnas.1610379113; 10.1038/nature03481
Q55D85	10783001; 15875012	10.1007/s11745-000-0520-3; 10.1038/nature03481
Q55E23	27790999; 15875012	10.1073/pnas.1610379113; 10.1038/nature03481
Q56RZ2	15991026; 16765617; 18184063; 20519633; 30731202	10.1007/s00438-005-1130-0; 10.1016/j.fgb.2006.04.004; 10.1094/mpmi-21-2-0188; 10.1104/pp.110.158451; 10.1016/j.fgb.2019.02.001
Q56RZ6	15991026; 16765617; 18184063; 20519633; 30731202	10.1007/s00438-005-1130-0; 10.1016/j.fgb.2006.04.004; 10.1094/mpmi-21-2-0188; 10.1104/pp.110.158451; 10.1016/j.fgb.2019.02.001
Q59723	8376348; 2295633; 3813557; 2578028; 1610873; 12237225	10.1128/jb.175.18.6028-6037.1993; 10.1016/s0021-9258(19)40020-3; 10.1016/0003-9861(87)90642-4; 10.1021/bi00428a035; 10.1016/0005-2728(92)90078-g; 10.1016/s0162-0134(02)00467-1
Q5AR23	16372000; 19146970; 22234162; 22329759; 23865690; 29076725	10.1038/nature04341; 10.1016/j.fgb.2008.12.003; 10.1021/cb200455u; 10.1021/ja209809t; 10.1021/ja405518u; 10.1021/acschembio.7b00814
Q5AR29	16372000; 19146970; 22234162; 22329759; 23865690; 29076725	10.1038/nature04341; 10.1016/j.fgb.2008.12.003; 10.1021/cb200455u; 10.1021/ja209809t; 10.1021/ja405518u; 10.1021/acschembio.7b00814
Q5AR31	16372000; 19146970; 22234162; 22329759; 23865690; 29076725; 28759016	10.1038/nature04341; 10.1016/j.fgb.2008.12.003; 10.1021/cb200455u; 10.1021/ja209809t; 10.1021/ja405518u; 10.1021/acschembio.7b00814; 10.1038/nchembio.2443
Q5AR33	16372000; 19146970; 22234162; 22329759; 23865690; 29076725	10.1038/nature04341; 10.1016/j.fgb.2008.12.003; 10.1021/cb200455u; 10.1021/ja209809t; 10.1021/ja405518u; 10.1021/acschembio.7b00814
Q5AR46	16372000; 19146970; 25251934; 28114276	10.1038/nature04341; 10.1016/j.fgb.2008.12.003; 10.1002/anie.201407920; 10.1038/nchembio.2283
Q5KSN4	15712669; 16452404; 17148547	10.7164/antibiotics.57.739; 10.1128/jb.188.4.1236-1244.2006; 10.1093/jb/mvm004
Q5SBP0	15516500	10.1104/pp.104.051318
Q5SBP1	15516500	10.1104/pp.104.051318
Q5SBP2	15516500	10.1104/pp.104.051318
Q5SBP3	15516500	10.1104/pp.104.051318
Q5SBP4	15516500; 18643974	10.1104/pp.104.051318; 10.1111/j.1365-313x.2008.03599.x
Q5SBP5	15516500	10.1104/pp.104.051318
Q5SBP6	15516500	10.1104/pp.104.051318
Q5SBP7	15516500	10.1104/pp.104.051318
Q5W283	16083926	10.1016/j.phytochem.2005.06.012
Q672V4	15528556; 19801473; 16988822; 25087641; 28442441	10.1128/aem.70.11.6875-6883.2004; 10.1128/aem.02146-08; 10.1007/s00253-006-0581-5; 10.1002/cbic.201402195; 10.1016/j.fgb.2017.04.006
Q672V5	15528556; 19801473; 16988822; 25087641; 26686623; 28442441	10.1128/aem.70.11.6875-6883.2004; 10.1128/aem.02146-08; 10.1007/s00253-006-0581-5; 10.1002/cbic.201402195; 10.1016/j.micres.2015.08.007; 10.1016/j.fgb.2017.04.006
Q675L0	15310829	10.1104/pp.104.042028
Q6BE24		10.1016/j.tet.2004.04.088
Q6BE25		10.1016/j.tet.2004.04.088
Q6EJ97	15653811	10.1104/pp.104.054445
Q6JD69	15075399; 30187155	10.1105/tpc.019877; 10.1007/s00425-018-2999-2
Q6JD71	15075399; 30187155	10.1105/tpc.019877; 10.1007/s00425-018-2999-2
Q6PWU2	15184006	10.1016/j.phytochem.2004.03.018
Q6Z5J6	15668792; 16100779; 18089549; 24280374; 16861806; 17456599	10.1007/s00299-004-0896-6; 10.1038/nature03895; 10.1093/nar/gkm978; 10.1186/1939-8433-6-4; 10.1271/bbb.60044; 10.1073/pnas.0611454104
Q752X9	15001715; 23749448	10.1126/science.1095781; 10.1534/g3.112.002881
Q75F69	15001715; 23749448	10.1126/science.1095781; 10.1534/g3.112.002881
Q75J90	27790999; 12097910; 15875012	10.1073/pnas.1610379113; 10.1038/nature00847; 10.1038/nature03481
Q764T8	15256745	10.1248/bpb.27.1086
Q7KWU0	27790999; 12097910; 15875012; 27862766	10.1073/pnas.1610379113; 10.1038/nature00847; 10.1038/nature03481; 10.1002/anie.201608971
Q7S4Z6	12712197	10.1038/nature01554
Q7XAS7	15653811	10.1104/pp.104.054445
Q82RR7	11572948; 12692562; 20536237	10.1073/pnas.211433198; 10.1038/nbt820; 10.1021/ja103087w
Q84KL5	12623076	10.1016/s0003-9861(02)00746-4
Q84LF0	12009313	10.1016/s0031-9422(02)00080-8
Q84LF1	12009313	10.1016/s0031-9422(02)00080-8
Q84LF2	12009313	10.1016/s0031-9422(02)00080-8
Q84LG0		
Q8LSC2	12011345	10.1104/pp.001024
Q8W3Z1	12736505	10.1248/bpb.26.642
Q8W3Z2	12736505	10.1248/bpb.26.642
Q8W3Z3	12736505	10.1248/bpb.26.642
Q8W3Z4	12736505	10.1248/bpb.26.642
Q92459	17080091	10.1038/nature05248
Q93X23	11683887	10.1046/j.1432-1033.2001.02519.x
Q93YA3		
Q948R6	11733028	10.1046/j.0014-2956.2001.02588.x
Q948Z0	9268308; 10441373; 9539701; 11404343	10.1074/jbc.272.35.21784; 10.1006/abbi.1999.1332; 10.1073/pnas.95.8.4126; 10.1093/genetics/158.2.811
Q94G53	12226526	10.1104/pp.006544
Q94JS8	11642326	10.1248/bpb.24.1171
Q96376	8768373	10.1105/tpc.8.7.1137
Q96WJ0	12617471	10.1007/s11745-002-1017-9
Q9C448	11169115; 23949005; 16494875; 23311903	10.1046/j.1365-2958.2001.02265.x; 10.3390/toxins5081422; 10.1016/j.febslet.2006.02.008; 10.1021/ja3116636
Q9C451	11169115; 23949005; 23525886; 24038699	10.1046/j.1365-2958.2001.02265.x; 10.3390/toxins5081422; 10.1007/s00253-013-4834-9; 10.1128/aem.02496-13
Q9C6W6	11130712; 27862469; 12207221; 12566586; 12777052	10.1038/35048500; 10.1111/tpj.13415; 10.1007/s00438-002-0709-y; 10.1105/tpc.007989; 10.1023/a:1023005504702
Q9EUT9	10224006	10.1128/aem.65.5.2092-2102.1999
Q9F1Y5	12000953; 18563898	10.1038/417141a; 10.1021/ja803639g; 10.1021/ja104306p
Q9F1Y6	12000953; 18563898	10.1038/417141a; 10.1021/ja803639g; 10.1021/ja104306p
Q9FI27	10470850; 27862469; 14593172; 12207221; 12566586; 12777052; 27933080	10.1093/dnares/6.3.183; 10.1111/tpj.13415; 10.1126/science.1088305; 10.1007/s00438-002-0709-y; 10.1105/tpc.007989; 10.1023/a:1023005504702; 10.3389/fpls.2016.01761
Q9FJV8	9734815; 27862469; 11247608; 16425307	10.1093/dnares/5.3.203; 10.1111/tpj.13415; 10.1023/a:1006476123930; 10.1002/anie.200503420
Q9FQ27	11090225	10.1105/tpc.12.11.2283
Q9FZI2	11130712; 27862469; 14593172; 11247608	10.1038/35048500; 10.1111/tpj.13415; 10.1126/science.1088305; 10.1023/a:1006476123930; 10.1351/pac200375020369
Q9HGZ6	10952588; 15229592	10.1128/aac.44.9.2411-2418.2000; 10.1038/nature02579
Q9LH31	27862469; 12207221; 12777052; 27933080	10.1111/tpj.13415; 10.1007/s00438-002-0709-y; 10.1023/a:1023005504702; 10.3389/fpls.2016.01761
Q9LRH7	10848960	10.1046/j.1432-1327.2000.01357.x
Q9LRR2	10819329; 27862469; 12207221; 12566586; 12777052	10.1093/dnares/7.2.131; 10.1111/tpj.13415; 10.1007/s00438-002-0709-y; 10.1105/tpc.007989; 10.1023/a:1023005504702
Q9LS76	10819329; 27862469; 12207221; 12566586; 12777052	10.1093/dnares/7.2.131; 10.1111/tpj.13415; 10.1007/s00438-002-0709-y; 10.1105/tpc.007989; 10.1023/a:1023005504702
Q9LUE0	12566586; 10819329; 27862469; 12207221; 12777052	10.1105/tpc.007989; 10.1093/dnares/7.2.131; 10.1111/tpj.13415; 10.1007/s00438-002-0709-y; 10.1023/a:1023005504702
Q9LUE2	12566586; 10819329; 27862469; 12207221; 12777052	10.1105/tpc.007989; 10.1093/dnares/7.2.131; 10.1111/tpj.13415; 10.1007/s00438-002-0709-y; 10.1023/a:1023005504702
Q9LVP7	10819329; 27862469; 12207221; 12777052	10.1093/dnares/7.2.131; 10.1111/tpj.13415; 10.1007/s00438-002-0709-y; 10.1023/a:1023005504702
Q9LVY2	10718197; 27862469; 11247608; 19445469	10.1093/dnares/7.1.31; 10.1111/tpj.13415; 10.1023/a:1006476123930; 10.1021/ol9005745
Q9M7D0	10441373; 9539701; 11404343	10.1006/abbi.1999.1332; 10.1073/pnas.95.8.4126; 10.1093/genetics/158.2.811
Q9M7D1	10441373; 9539701; 11404343	10.1006/abbi.1999.1332; 10.1073/pnas.95.8.4126; 10.1093/genetics/158.2.811
Q9MB42	11510484; 15256745	10.1248/bpb.24.912; 10.1248/bpb.27.1086
Q9SLP9	11733028	10.1046/j.0014-2956.2001.02588.x
Q9SXV6	10706391; 15256745	10.1248/bpb.23.231; 10.1248/bpb.27.1086
Q9XJ32	10588069	10.1093/oxfordjournals.pcp.a029633
Q9Y753	10649449; 15229592	10.1002/(sici)1097-0061(200002)16:3<197::aid-yea513>3.0.co;2-l; 10.1038/nature02579
R4YVJ8	23398891	10.1016/j.phytochem.2013.01.005
R9QMR2	23679205	10.1186/1471-2229-13-80
R9QMW6	23679205	10.1186/1471-2229-13-80
R9QMY7	23679205	10.1186/1471-2229-13-80
S0DX56	23825955; 27294564	10.1371/journal.ppat.1003475; 10.1002/anie.201603782
S0EGZ9	23825955; 23335243	10.1371/journal.ppat.1003475; 10.1002/cbic.201200695
U3KYL2	25447532	10.1016/j.febslet.2014.10.031
U3LVZ7	24078339	10.1007/s11103-013-0131-3
V6RPN0	17823352; 20237561; 26198851; 22947191; 23442154	10.1126/science.1143708; 10.1038/nature08850; 10.1186/s12864-015-1756-1; 10.1111/j.1364-3703.2012.00829.x; 10.1111/nph.12193
W0FFD7	28258968	10.1111/tpj.13527
W4JX79	22463738; 32233445	10.1111/j.1469-8137.2012.04128.x; 10.1021/acschembio.0c00155
W6Q9B3	24407037; 30343633	10.1038/ncomms3876; 10.1080/09168451.2018.1536518
W8X5L3	24952578	10.1186/1471-2180-14-164
A0A084R1I1	25015739	10.1186/1471-2164-15-590
A0A084R1I4	25015739	10.1186/1471-2164-15-590
A0A084R1J7	25015739	10.1186/1471-2164-15-590
A0A084R1K1	25015739	10.1186/1471-2164-15-590
A0A084R1K2	25015739	10.1186/1471-2164-15-590
A0A084R1K6	25015739	10.1186/1471-2164-15-590
A0A084R1K7	25015739	10.1186/1471-2164-15-590
A0A084R1N2	25015739	10.1186/1471-2164-15-590
A0A084R1N8	25015739	10.1186/1471-2164-15-590
A0A097ZPD8	25216349	10.1021/ja508127q
A0A097ZPE2	25216349	10.1021/ja508127q
A0A097ZPE6	25216349	10.1021/ja508127q
A0A0B4EB91	25368161; 31239482	10.1073/pnas.1412662111; 10.1038/s41598-019-45532-1
A0A0B4G504	25368161; 31239482	10.1073/pnas.1412662111; 10.1038/s41598-019-45532-1
A0A0E3D8L0	26213965	10.3390/toxins7082701
A0A0E3D8M2	26213965	10.3390/toxins7082701
A0A0E3D8M3	26213965; 40308950	10.3390/toxins7082701; 10.1039/d5sc02009c
A0A0E3D8M4	26213965	10.3390/toxins7082701
A0A0E3D8N0	26213965; 27632559	10.3390/toxins7082701; 10.1021/acs.orglett.6b02482
A0A0E3D8N4	26213965	10.3390/toxins7082701
A0A0E3D8N6	26213965	10.3390/toxins7082701
A0A0E3D8P9	26213965	10.3390/toxins7082701
A0A0E3D8Q1	26213965	10.3390/toxins7082701
A0A0E3D8Q2	26213965	10.3390/toxins7082701
A0A0F7TN06	26337871; 27602587; 29076725	10.1128/genomea.00724-15; 10.1021/jacs.6b08424; 10.1021/acschembio.7b00814
A0A0F7TN65	26337871; 27602587; 29076725	10.1128/genomea.00724-15; 10.1021/jacs.6b08424; 10.1021/acschembio.7b00814
A0A0F7TN69	26337871; 27602587; 29076725	10.1128/genomea.00724-15; 10.1021/jacs.6b08424; 10.1021/acschembio.7b00814
A0A0F7TRU0	26337871; 27602587; 29076725	10.1128/genomea.00724-15; 10.1021/jacs.6b08424; 10.1021/acschembio.7b00814
A0A0F7TSZ1	26337871; 27602587; 29076725	10.1128/genomea.00724-15; 10.1021/jacs.6b08424; 10.1021/acschembio.7b00814
A0A0F7TZE0	26337871; 27602587; 29076725	10.1128/genomea.00724-15; 10.1021/jacs.6b08424; 10.1021/acschembio.7b00814
A0A0H5BB10	26507838; 26814669	10.1007/s10295-015-1694-6; 10.1038/ja.2015.147
A0A0H5BN57	26507838; 26814669	10.1007/s10295-015-1694-6; 10.1038/ja.2015.147
A0A0M4KRN2	26340065	10.1021/jacs.5b07816
A0A0M8MV11	26976598; 29880868	10.1073/pnas.1518501113; 10.1038/s41467-018-04520-1
A0A0M8MZA1	29880868; 26976598	10.1038/s41467-018-04520-1; 10.1073/pnas.1518501113
A0A0N0DCA4	19737099; 28460114	10.1094/mpmi-22-10-1258; 10.1093/molbev/msx145
A0A0U5GHC1	26966204; 28233494; 29076725	10.1128/genomea.00102-16; 10.1021/acschembio.7b00003; 10.1021/acschembio.7b00814
A0A0U5GHH9	26966204; 28233494; 29076725	10.1128/genomea.00102-16; 10.1021/acschembio.7b00003; 10.1021/acschembio.7b00814
A0A0U5GJY1	26966204; 28233494; 29076725	10.1128/genomea.00102-16; 10.1021/acschembio.7b00003; 10.1021/acschembio.7b00814
A0A0U5GMR5	26966204; 28233494; 29076725	10.1128/genomea.00102-16; 10.1021/acschembio.7b00003; 10.1021/acschembio.7b00814
A0A0U5HAP0	26966204; 28233494; 29076725	10.1128/genomea.00102-16; 10.1021/acschembio.7b00003; 10.1021/acschembio.7b00814
A0A140JWS4	25831977	10.1002/anie.201501072
A0A140JWS6	25831977	10.1002/anie.201501072
A0A140JWS7	25831977	10.1002/anie.201501072
A0A140JWS8	25831977	10.1002/anie.201501072
A0A140JWS9	25831977; 40308950	10.1002/anie.201501072; 10.1039/d5sc02009c
A0A140JWT2	25831977	10.1002/anie.201501072
A0A140JWT7	25831977	10.1002/anie.201501072
A0A140JWU0	25831977	10.1002/anie.201501072
A0A151ZEA6	30254228	10.1038/s41598-018-32639-0
A0A1E1FFM9	27602587; 28759016; 29317628	10.1021/jacs.6b08424; 10.1038/nchembio.2443; 10.1038/s41467-017-02371-w
A0A1E1FFN5	27602587; 28759016; 29317628	10.1021/jacs.6b08424; 10.1038/nchembio.2443; 10.1038/s41467-017-02371-w
A0A1U8QLK0	16372000; 19146970; 22234162; 22329759; 23865690; 29076725	10.1038/nature04341; 10.1016/j.fgb.2008.12.003; 10.1021/cb200455u; 10.1021/ja209809t; 10.1021/ja405518u; 10.1021/acschembio.7b00814
A0A1U8QW16	16372000; 19146970; 30302871	10.1038/nature04341; 10.1016/j.fgb.2008.12.003; 10.1002/cbic.201800486
A0A1X9IRT6	28381502; 28445526	10.1104/pp.17.00202; 10.1371/journal.pone.0176507
A0A291SJC7	28247907	10.1039/c7ob00234c
A0A2I6PIZ1	29283570; 11318575; 36199176	10.1021/jacs.7b10909; 10.1645/0022-3395(2001)087[0419:seonaa]2.0.co;2; 10.1002/anie.202213364
A0A2I6PIZ6	29283570; 11318575; 36199176	10.1021/jacs.7b10909; 10.1645/0022-3395(2001)087[0419:seonaa]2.0.co;2; 10.1002/anie.202213364
A0A2I6PIZ7	29283570; 11318575; 31391888	10.1021/jacs.7b10909; 10.1645/0022-3395(2001)087[0419:seonaa]2.0.co;2; 10.1039/c9md00143c
A0A2I6PJ02	29283570; 11318575; 36199176	10.1021/jacs.7b10909; 10.1645/0022-3395(2001)087[0419:seonaa]2.0.co;2; 10.1002/anie.202213364
A0A2P1DP82	28926261	10.1021/acs.orglett.7b02653
A0A2U8U2L2	29773797; 9262310; 17912413; 20552126	10.1038/s41467-018-04364-9; 10.1039/b708614h; 10.1039/c0cc01162b
A0A2Z4HPZ8	30051576	10.1111/1462-2920.14333
A0A2Z6E8J6	29718548	10.1002/cbic.201800187
A0A2Z6E917	29718548	10.1002/cbic.201800187
A0A348B793	30105900	10.1111/1751-7915.13304
A0A348B794	30105900	10.1111/1751-7915.13304
A0A385AJM2	30254228	10.1038/s41598-018-32639-0
A0A385AJM4	30254228	10.1038/s41598-018-32639-0
A0A385AJM5	30254228; 21356102; 31621716	10.1038/s41598-018-32639-0; 10.1186/gb-2011-12-2-r20; 10.1039/c9cc07681f
A0A3T0ZHJ5		10.1039/c8qo01124a
A0A5Q0QMX6	32233445; 29334897	10.1021/acschembio.0c00155; 10.1186/s12864-017-4430-y
A0A6A6H2E0	32206138; 39310987	10.1016/j.simyco.2020.01.003; 10.1021/acs.orglett.4c03154
A0A7J6FUX2	28355238	10.1371/journal.pone.0173911
A0A8D5M7T9	35057611	10.1021/acs.jnatprod.1c00973
A0AAD9S265	25036831	10.1080/09168451.2014.882759
A1CVK0	18404212	10.1371/journal.pgen.1000046
A3KI17	16956972; 26410452; 18492804	10.1093/molbev/msl108; 10.1016/j.jbiotec.2015.09.020; 10.1073/pnas.0802312105
A3KI18	16956972; 26410452; 18492804	10.1093/molbev/msl108; 10.1016/j.jbiotec.2015.09.020; 10.1073/pnas.0802312105
A4FG18	17369815; 18492804	10.1038/nbt1297; 10.1073/pnas.0802312105
A4FG19	17369815; 18492804	10.1038/nbt1297; 10.1073/pnas.0802312105
A9GK58	17965706; 26947062	10.1038/nbt1354; 10.1039/c6ob00130k
A9JPE3	19801473; 25087641; 26686623; 28442441	10.1128/aem.02146-08; 10.1002/cbic.201402195; 10.1016/j.micres.2015.08.007; 10.1016/j.fgb.2017.04.006
A9JPE4	19801473	10.1128/aem.02146-08
B0Y5B4	18404212	10.1371/journal.pgen.1000046
B3Y522	18790509	10.1016/j.phytochem.2008.07.017
B5GRC8	20624727; 26814669	10.1093/gbe/evq013; 10.1038/ja.2015.147
B5GS26	20624727; 21276937	10.1093/gbe/evq013; 10.1016/j.chembiol.2010.11.008
B6HV33	18820685	10.1038/nbt.1498; 10.1016/j.tet.2013.07.029
B9RHP7	20729833; 22459969	10.1038/nbt.1674; 10.1016/j.phytochem.2012.02.022
B9RHX7	20729833; 22459969	10.1038/nbt.1674; 10.1016/j.phytochem.2012.02.022
B9RI00	20729833; 22459969	10.1038/nbt.1674; 10.1016/j.phytochem.2012.02.022
B9RPM3	20729833; 22459969	10.1038/nbt.1674; 10.1016/j.phytochem.2012.02.022
B9RXW4	20729833; 22459969	10.1038/nbt.1674; 10.1016/j.phytochem.2012.02.022
B9S1N2	20729833; 22459969	10.1038/nbt.1674; 10.1016/j.phytochem.2012.02.022
B9SBV6	20729833; 22459969	10.1038/nbt.1674; 10.1016/j.phytochem.2012.02.022
B9SCB6	20729833; 22459969	10.1038/nbt.1674; 10.1016/j.phytochem.2012.02.022
B9T825	20729833; 22459969	10.1038/nbt.1674; 10.1016/j.phytochem.2012.02.022
C9K1X7	19635410; 27216162	10.1016/j.chembiol.2009.06.007; 10.1186/s12934-016-0487-6
D2E9W6	19737099	10.1094/mpmi-22-10-1258
D7UTD0	21299202; 17360612; 22287087; 22870285	10.1021/ja107785u; 10.1073/pnas.0608426104; 10.1002/cbic.201100725; 10.1371/journal.pone.0042090
D8S255	22908266; 21551031	10.1073/pnas.1204300109; 10.1126/science.1203810
E3W205	21454632	10.1074/jbc.m111.231787
E3W206	21454632	10.1074/jbc.m111.231787
E3W207	21454632	10.1074/jbc.m111.231787
E3W208	21454632	10.1074/jbc.m111.231787
E4V6I8	22951933	10.1128/mbio.00259-12
E9F8R9	21253567; 25368161; 31239482	10.1371/journal.pgen.1001264; 10.1073/pnas.1412662111; 10.1038/s41598-019-45532-1
F0ZHE2	30254228; 21356102	10.1038/s41598-018-32639-0; 10.1186/gb-2011-12-2-r20
F0ZK52	30254228; 21356102	10.1038/s41598-018-32639-0; 10.1186/gb-2011-12-2-r20
F0ZPL2	30254228; 21356102	10.1038/s41598-018-32639-0; 10.1186/gb-2011-12-2-r20
F1A1D4	30254228; 21356102	10.1038/s41598-018-32639-0; 10.1186/gb-2011-12-2-r20
F1A1D6	30254228; 21356102	10.1038/s41598-018-32639-0; 10.1186/gb-2011-12-2-r20
F1A3V1	30254228; 21356102	10.1038/s41598-018-32639-0; 10.1186/gb-2011-12-2-r20
F4Q7D4	30254228; 21757610	10.1038/s41598-018-32639-0; 10.1101/gr.121137.111
F6M8H4	21454632	10.1074/jbc.m111.231787
F6M8H5	21454632	10.1074/jbc.m111.231787
F6M8H6	21454632	10.1074/jbc.m111.231787
F6M8H7	21454632	10.1074/jbc.m111.231787
F6M8H8	21454632	10.1074/jbc.m111.231787
G2P5T1	24626486	10.1039/c4cc00177j
H2DH23	22039120	10.1093/pcp/pcr150
I1RL12	17823352; 20237561; 26198851; 32286350	10.1126/science.1143708; 10.1038/nature08850; 10.1186/s12864-015-1756-1; 10.1038/s41467-020-15664-4
I2N045	22740677; 25605043; 28146322	10.1128/jb.00692-12; 10.1038/ja.2014.171; 10.1002/anie.201612439
J7FIP9	23468653	10.1371/journal.pgen.1003323
J9R393	22908266; 21551031	10.1073/pnas.1204300109; 10.1126/science.1203810
K7WDC8	28931629; 19965430; 30187155	10.1104/pp.17.00879; 10.1126/science.1178534; 10.1007/s00425-018-2999-2
M5AW86	23554321; 25882275	10.1002/cbic.201300035; 10.1002/cbic.201500138
O13489	9529523	10.1007/s004380050666
O34707	9387221; 9384377; 21627333	10.1099/00221287-143-11-3431; 10.1038/36786; 10.1021/ja203779h
O59947		
P09347	8334169; 3011733; 4351810	10.1016/0167-4781(93)90098-x; 10.1128/jb.166.3.1089-1095.1986; 10.1073/pnas.70.3.885
P0CJ42	9461215; 10617198; 27862469; 12207221; 12566586; 12777052; 20463089	10.1038/35140; 10.1038/47134; 10.1111/tpj.13415; 10.1007/s00438-002-0709-y; 10.1105/tpc.007989; 10.1023/a:1023005504702; 10.1104/pp.110.154864
P0DO47	21818683	10.1007/s11103-011-9813-x
P0DO48	21818683	10.1007/s11103-011-9813-x
P0DPK6	28146322	10.1002/anie.201612439
P0DXW0	39105744	10.1021/acs.jafc.4c04244
P0DXW1	33857369	10.1021/jacs.1c01516
P0DY23	34797921; 38404388	10.1111/nph.17873; 10.1039/d3sc06001b
P27679	1421511	10.1094/mpmi-5-249
P53800	8704125	10.1007/bf00019548
P59954	12788972; 28385856	10.1073/pnas.1130426100; 10.1128/genomea.00157-17
P85964	18602030	10.1016/j.jprot.2008.06.004
P9WEF8	34797921; 38404388	10.1111/nph.17873; 10.1039/d3sc06001b
P9WEG2	34797921; 38404388	10.1111/nph.17873; 10.1039/d3sc06001b
P9WEG3	34797921; 38404388	10.1111/nph.17873; 10.1039/d3sc06001b
P9WER1	32936132	10.1039/d0cc03950k
P9WER3	32936132	10.1039/d0cc03950k
P9WPN2	12218036	10.1128/jb.184.19.5479-5490.2002
P9WPN3	9634230; 21969609	10.1038/31159; 10.1074/mcp.m111.011445
Q00835	9433809	10.1023/a:1006882704594
Q15FB1	16765617; 15991026; 20519633; 30731202	10.1016/j.fgb.2006.04.004; 10.1007/s00438-005-1130-0; 10.1104/pp.110.158451; 10.1016/j.fgb.2019.02.001
Q45221	16349113; 9655913; 12597275	10.1128/aem.59.12.4136-4142.1993; 10.1016/s0167-4781(98)00069-4; 10.1093/dnares/9.6.189
Q4WLC9	16372009; 8534106; 18997389; 19571395; 20861902; 21224862; 26019565	10.1038/nature04332; 10.1128/aem.61.12.4429-4435.1995; 10.1038/ja.2008.67; 10.1248/bpb.32.1261; 10.1038/nchem.764; 10.1038/ja.2010.162; 10.1080/13102818.2014.960140
Q5AR28	16372000; 19146970; 22234162; 22329759; 23865690; 29076725	10.1038/nature04341; 10.1016/j.fgb.2008.12.003; 10.1021/cb200455u; 10.1021/ja209809t; 10.1021/ja405518u; 10.1021/acschembio.7b00814
Q5UQ90	15486256; 16971431	10.1126/science.1101485; 10.1128/jvi.00940-06
Q6A1B7		10.1016/j.pmpp.2004.11.005
Q6BE23		10.1016/j.tet.2004.04.088
Q6Z2X6	16100779; 18089549; 24280374; 12869764; 21526825	10.1038/nature03895; 10.1093/nar/gkm978; 10.1186/1939-8433-6-4; 10.1126/science.1081288; 10.1021/ol200777d
Q7LJF8	12080147	10.1073/pnas.142307199
Q7LJR6	12080147	10.1073/pnas.142307199
Q8L5K3	12084056	10.1046/j.1432-1033.2002.02985.x
Q8NIC1	12080147	10.1073/pnas.142307199
Q8NIC8	12080147	10.1073/pnas.142307199
Q8NID7	12080147	10.1073/pnas.142307199
Q8NIG9	12080147	10.1073/pnas.142307199
Q8NIH0	12080147	10.1073/pnas.142307199
Q8NIH3	12080147	10.1073/pnas.142307199
Q8NIH6	12080147	10.1073/pnas.142307199
Q8NJA1	12080147	10.1073/pnas.142307199
Q9C748	11130712; 27862469; 17147637; 12207221; 12777052	10.1038/35048500; 10.1111/tpj.13415; 10.1111/j.1467-7652.2006.00183.x; 10.1007/s00438-002-0709-y; 10.1023/a:1023005504702
Q9F1V8		
Q9LRH8	10848960	10.1046/j.1432-1327.2000.01357.x
Q9LS68	10819329; 27862469; 11247608	10.1093/dnares/7.2.131; 10.1111/tpj.13415; 10.1023/a:1006476123930
Q9VFJ0	10731132; 12537572	10.1126/science.287.5461.2185; 10.1186/gb-2002-3-12-research0083
S0ENM8	23825955; 27294564	10.1371/journal.ppat.1003475; 10.1002/anie.201603782
W8X9R5	24952578	10.1186/1471-2180-14-164
A0A5Q0QRK8	32233445; 29334897	10.1021/acschembio.0c00155; 10.1186/s12864-017-4430-y
B6HUQ5	18820685	10.1038/nbt.1498; 10.1016/j.tet.2013.07.029
P0CV97	15522848	10.1105/tpc.104.023895
P55537	9163424; 19376903	10.1038/387394a0; 10.1128/aem.00515-09
P55538	9163424; 19376903	10.1038/387394a0; 10.1128/aem.00515-09
Q45222	16349113; 9655913; 12597275	10.1128/aem.59.12.4136-4142.1993; 10.1016/s0167-4781(98)00069-4; 10.1093/dnares/9.6.189
