Entry	Nuc_Genomic_EMBL_ID_1	Nuc_Genomic_EMBL_Link_1	Nuc_Genomic_EMBL_ID_2	Nuc_Genomic_EMBL_Link_2	Nuc_Genomic_EMBL_ID_3	Nuc_Genomic_EMBL_Link_3	Nuc_Genomic_EMBL_ID_4	Nuc_Genomic_EMBL_Link_4	Nuc_Genomic_EMBL_ID_5	Nuc_Genomic_EMBL_Link_5	Nuc_Genomic_EMBL_ID_6	Nuc_Genomic_EMBL_Link_6	Nuc_Genomic_EMBL_ID_7	Nuc_Genomic_EMBL_Link_7	Nuc_Genomic_EMBL_ID_8	Nuc_Genomic_EMBL_Link_8	Nuc_Genomic_EMBL_ID_9	Nuc_Genomic_EMBL_Link_9	Nuc_Genomic_EMBL_ID_10	Nuc_Genomic_EMBL_Link_10	Nuc_Genomic_EMBL_ID_11	Nuc_Genomic_EMBL_Link_11	Nuc_Genomic_EMBL_ID_12	Nuc_Genomic_EMBL_Link_12	Nuc_Genomic_EMBL_ID_13	Nuc_Genomic_EMBL_Link_13	Nuc_Genomic_EMBL_ID_14	Nuc_Genomic_EMBL_Link_14	Nuc_mRNA_EMBL_ID_1	Nuc_mRNA_EMBL_Link_1	Nuc_mRNA_EMBL_ID_2	Nuc_mRNA_EMBL_Link_2	Nuc_mRNA_EMBL_ID_3	Nuc_mRNA_EMBL_Link_3	Nuc_mRNA_EMBL_ID_4	Nuc_mRNA_EMBL_Link_4	Nuc_mRNA_EMBL_ID_5	Nuc_mRNA_EMBL_Link_5	Nuc_mRNA_EMBL_ID_6	Nuc_mRNA_EMBL_Link_6	Nuc_mRNA_EMBL_ID_7	Nuc_mRNA_EMBL_Link_7	Nuc_mRNA_EMBL_ID_8	Nuc_mRNA_EMBL_Link_8	Nuc_mRNA_EMBL_ID_9	Nuc_mRNA_EMBL_Link_9	Nuc_mRNA_EMBL_ID_10	Nuc_mRNA_EMBL_Link_10	Nuc_mRNA_EMBL_ID_11	Nuc_mRNA_EMBL_Link_11	Nuc_mRNA_EMBL_ID_12	Nuc_mRNA_EMBL_Link_12	Nuc_mRNA_EMBL_ID_13	Nuc_mRNA_EMBL_Link_13	Nuc_mRNA_EMBL_ID_14	Nuc_mRNA_EMBL_Link_14	Nuc_mRNA_EMBL_ID_15	Nuc_mRNA_EMBL_Link_15	Prot_EMBL_ORF_ID_1	Prot_EMBL_ORF_Link_1	Prot_EMBL_ORF_ID_2	Prot_EMBL_ORF_Link_2	Prot_EMBL_ORF_ID_3	Prot_EMBL_ORF_Link_3	Prot_EMBL_ORF_ID_4	Prot_EMBL_ORF_Link_4	Prot_EMBL_ORF_ID_5	Prot_EMBL_ORF_Link_5	Prot_EMBL_ORF_ID_6	Prot_EMBL_ORF_Link_6	Prot_EMBL_ORF_ID_7	Prot_EMBL_ORF_Link_7	Prot_EMBL_ORF_ID_8	Prot_EMBL_ORF_Link_8	Prot_EMBL_ORF_ID_9	Prot_EMBL_ORF_Link_9	Prot_EMBL_ORF_ID_10	Prot_EMBL_ORF_Link_10	Prot_EMBL_ORF_ID_11	Prot_EMBL_ORF_Link_11	Prot_EMBL_ORF_ID_12	Prot_EMBL_ORF_Link_12	Prot_EMBL_ORF_ID_13	Prot_EMBL_ORF_Link_13	Prot_EMBL_ORF_ID_14	Prot_EMBL_ORF_Link_14	Prot_EMBL_ORF_ID_15	Prot_EMBL_ORF_Link_15	Prot_EMBL_ORF_ID_16	Prot_EMBL_ORF_Link_16	Prot_EMBL_ORF_ID_17	Prot_EMBL_ORF_Link_17	Prot_EMBL_ORF_ID_18	Prot_EMBL_ORF_Link_18	Prot_EMBL_ORF_ID_19	Prot_EMBL_ORF_Link_19	Prot_EMBL_ORF_ID_20	Prot_EMBL_ORF_Link_20	Prot_EMBL_ORF_ID_21	Prot_EMBL_ORF_Link_21	Prot_EMBL_ORF_ID_22	Prot_EMBL_ORF_Link_22	Prot_EMBL_ORF_ID_23	Prot_EMBL_ORF_Link_23	Prot_EMBL_ORF_ID_24	Prot_EMBL_ORF_Link_24	Prot_EMBL_ORF_ID_25	Prot_EMBL_ORF_Link_25	Prot_EMBL_ORF_ID_26	Prot_EMBL_ORF_Link_26	Prot_RefSeq_ID_1	Prot_RefSeq_NucID_1	Prot_RefSeq_ProteinLink_1	Prot_RefSeq_NucLink_1	Prot_RefSeq_ID_2	Prot_RefSeq_NucID_2	Prot_RefSeq_ProteinLink_2	Prot_RefSeq_NucLink_2	Prot_RefSeq_ID_3	Prot_RefSeq_NucID_3	Prot_RefSeq_ProteinLink_3	Prot_RefSeq_NucLink_3	Prot_RefSeq_ID_4	Prot_RefSeq_NucID_4	Prot_RefSeq_ProteinLink_4	Prot_RefSeq_NucLink_4	Prot_RefSeq_ID_5	Prot_RefSeq_NucID_5	Prot_RefSeq_ProteinLink_5	Prot_RefSeq_NucLink_5	Prot_RefSeq_ID_6	Prot_RefSeq_NucID_6	Prot_RefSeq_ProteinLink_6	Prot_RefSeq_NucLink_6	Prot_RefSeq_ID_7	Prot_RefSeq_NucID_7	Prot_RefSeq_ProteinLink_7	Prot_RefSeq_NucLink_7	Prot_RefSeq_ID_8	Prot_RefSeq_NucID_8	Prot_RefSeq_ProteinLink_8	Prot_RefSeq_NucLink_8	Prot_RefSeq_ID_9	Prot_RefSeq_NucID_9	Prot_RefSeq_ProteinLink_9	Prot_RefSeq_NucLink_9	Prot_RefSeq_ID_10	Prot_RefSeq_NucID_10	Prot_RefSeq_ProteinLink_10	Prot_RefSeq_NucLink_10	Prot_RefSeq_ID_11	Prot_RefSeq_NucID_11	Prot_RefSeq_ProteinLink_11	Prot_RefSeq_NucLink_11
A0A075FBG7																													KJ584454	https://www.ebi.ac.uk/ena/browser/view/KJ584454																													AIE77094.1	https://www.ebi.ac.uk/ena/browser/view/AIE77094.1																																																																																														
A0A0A6ZFY4	JX898530	https://www.ebi.ac.uk/ena/browser/view/JX898530																											KM401911	https://www.ebi.ac.uk/ena/browser/view/KM401911																													AGR44632.1	https://www.ebi.ac.uk/ena/browser/view/AGR44632.1	AKA44579.1	https://www.ebi.ac.uk/ena/browser/view/AKA44579.1																																																																																												
A0A0E3D8M9	KF280651	https://www.ebi.ac.uk/ena/browser/view/KF280651																																																									AGZ20472.2	https://www.ebi.ac.uk/ena/browser/view/AGZ20472.2																																																																																														
A0A0E3D8P4	KC963408	https://www.ebi.ac.uk/ena/browser/view/KC963408																																																									AGZ20182.1	https://www.ebi.ac.uk/ena/browser/view/AGZ20182.1																																																																																														
A0A0M3Q1Q3																													KR920616	https://www.ebi.ac.uk/ena/browser/view/KR920616																													ALB78115.1	https://www.ebi.ac.uk/ena/browser/view/ALB78115.1																																																																																														
A0A0P0ZD79	LC063849	https://www.ebi.ac.uk/ena/browser/view/LC063849																																																									BAT32888.1	https://www.ebi.ac.uk/ena/browser/view/BAT32888.1																																																																																														
A0A140JWS2	LC027936	https://www.ebi.ac.uk/ena/browser/view/LC027936																																																									BAU61549.1	https://www.ebi.ac.uk/ena/browser/view/BAU61549.1																																																																																														
A0A1D6EFT8	CM007648	https://www.ebi.ac.uk/ena/browser/view/CM007648																											EU957768	https://www.ebi.ac.uk/ena/browser/view/EU957768	BT055982	https://www.ebi.ac.uk/ena/browser/view/BT055982																											ONM19045.1	https://www.ebi.ac.uk/ena/browser/view/ONM19045.1	ACG29886.1	https://www.ebi.ac.uk/ena/browser/view/ACG29886.1	ACL54589.1	https://www.ebi.ac.uk/ena/browser/view/ACL54589.1																																																																																										
A0A1D6HSP4	CM007650	https://www.ebi.ac.uk/ena/browser/view/CM007650																											EU955931	https://www.ebi.ac.uk/ena/browser/view/EU955931																													ONM51434.1	https://www.ebi.ac.uk/ena/browser/view/ONM51434.1	ACG28049.1	https://www.ebi.ac.uk/ena/browser/view/ACG28049.1																																																																																												
A0A1D6K6U5	AY562490	https://www.ebi.ac.uk/ena/browser/view/AY562490	CM007647	https://www.ebi.ac.uk/ena/browser/view/CM007647																									AY562491	https://www.ebi.ac.uk/ena/browser/view/AY562491																													AAT70083.1	https://www.ebi.ac.uk/ena/browser/view/AAT70083.1	AAT70084.1	https://www.ebi.ac.uk/ena/browser/view/AAT70084.1	ONL99283.1	https://www.ebi.ac.uk/ena/browser/view/ONL99283.1	NP_001105257.2	https://www.ncbi.nlm.nih.gov/protein/NP_001105257.2																																													NP_001105257.2	NM_001111787.2	https://www.ncbi.nlm.nih.gov/protein/NP_001105257.2	https://www.ncbi.nlm.nih.gov/nucleotide/NM_001111787.2																																								
A0A1D6LTV0	EF599329	https://www.ebi.ac.uk/ena/browser/view/EF599329	CM000782	https://www.ebi.ac.uk/ena/browser/view/CM000782																									EF599330	https://www.ebi.ac.uk/ena/browser/view/EF599330	BT033652	https://www.ebi.ac.uk/ena/browser/view/BT033652	BT069885	https://www.ebi.ac.uk/ena/browser/view/BT069885																									ABR09288.1	https://www.ebi.ac.uk/ena/browser/view/ABR09288.1	ABR09289.1	https://www.ebi.ac.uk/ena/browser/view/ABR09289.1	AQK82824.1	https://www.ebi.ac.uk/ena/browser/view/AQK82824.1	ACF78657.1	https://www.ebi.ac.uk/ena/browser/view/ACF78657.1	ACN36782.1	https://www.ebi.ac.uk/ena/browser/view/ACN36782.1	NP_001106050.2	https://www.ncbi.nlm.nih.gov/protein/NP_001106050.2																																									NP_001106050.2	NM_001112580.2	https://www.ncbi.nlm.nih.gov/protein/NP_001106050.2	https://www.ncbi.nlm.nih.gov/nucleotide/NM_001112580.2																																								
A0A1E1FFL0	LC127182	https://www.ebi.ac.uk/ena/browser/view/LC127182																																																									BAV69302.1	https://www.ebi.ac.uk/ena/browser/view/BAV69302.1																																																																																														
A0A1L6Z3A0																													KU685114	https://www.ebi.ac.uk/ena/browser/view/KU685114																													APT40486.1	https://www.ebi.ac.uk/ena/browser/view/APT40486.1																																																																																														
A0A1S5RW73																													KX268505	https://www.ebi.ac.uk/ena/browser/view/KX268505	KX424877	https://www.ebi.ac.uk/ena/browser/view/KX424877																											AOZ15895.1	https://www.ebi.ac.uk/ena/browser/view/AOZ15895.1	APH81400.1	https://www.ebi.ac.uk/ena/browser/view/APH81400.1																																																																																												
A0A1V0E492																													KU953957	https://www.ebi.ac.uk/ena/browser/view/KU953957																													ARB08605.1	https://www.ebi.ac.uk/ena/browser/view/ARB08605.1																																																																																														
A0A1V0E4A6																													KU953958	https://www.ebi.ac.uk/ena/browser/view/KU953958																													ARB08606.1	https://www.ebi.ac.uk/ena/browser/view/ARB08606.1																																																																																														
A0A1V0QSF9																													KY014557	https://www.ebi.ac.uk/ena/browser/view/KY014557																													ARE72253.1	https://www.ebi.ac.uk/ena/browser/view/ARE72253.1																																																																																														
A0A1V0QSG0	JAATIP010000215	https://www.ebi.ac.uk/ena/browser/view/JAATIP010000215	JAATIQ010000253	https://www.ebi.ac.uk/ena/browser/view/JAATIQ010000253																									KY014560	https://www.ebi.ac.uk/ena/browser/view/KY014560																													ARE72256.1	https://www.ebi.ac.uk/ena/browser/view/ARE72256.1	KAF4359439.1	https://www.ebi.ac.uk/ena/browser/view/KAF4359439.1	KAF4366759.1	https://www.ebi.ac.uk/ena/browser/view/KAF4366759.1																																																																																										
A0A1V0QSG6	JAATIP010000214	https://www.ebi.ac.uk/ena/browser/view/JAATIP010000214																											KY014564	https://www.ebi.ac.uk/ena/browser/view/KY014564																													ARE72260.2	https://www.ebi.ac.uk/ena/browser/view/ARE72260.2	KAF4359545.1	https://www.ebi.ac.uk/ena/browser/view/KAF4359545.1	KAF4359546.1	https://www.ebi.ac.uk/ena/browser/view/KAF4359546.1																																																																																										
A0A1V0QSH2																													KY014565	https://www.ebi.ac.uk/ena/browser/view/KY014565																													ARE72261.1	https://www.ebi.ac.uk/ena/browser/view/ARE72261.1																																																																																														
A0A1W6QDI7																													KU180504	https://www.ebi.ac.uk/ena/browser/view/KU180504	KX831652	https://www.ebi.ac.uk/ena/browser/view/KX831652																											APJ36376.1	https://www.ebi.ac.uk/ena/browser/view/APJ36376.1	ARO38142.1	https://www.ebi.ac.uk/ena/browser/view/ARO38142.1																																																																																												
A0A2K9RFZ2																													MG696749	https://www.ebi.ac.uk/ena/browser/view/MG696749																													AUT77121.1	https://www.ebi.ac.uk/ena/browser/view/AUT77121.1																																																																																														
A0A2P2GK84	LAQS01000032	https://www.ebi.ac.uk/ena/browser/view/LAQS01000032																																																									KKZ71921.1	https://www.ebi.ac.uk/ena/browser/view/KKZ71921.1	WP_046909438.1	https://www.ncbi.nlm.nih.gov/protein/WP_046909438.1																																																	WP_046909438.1	NZ_BAAAXG010000012.1	https://www.ncbi.nlm.nih.gov/protein/WP_046909438.1	https://www.ncbi.nlm.nih.gov/nucleotide/NZ_BAAAXG010000012.1																																								
A0A2R4QKX7																													MF104556	https://www.ebi.ac.uk/ena/browser/view/MF104556																													AVY53326.1	https://www.ebi.ac.uk/ena/browser/view/AVY53326.1																																																																																														
A0A348FUE1	LC316181	https://www.ebi.ac.uk/ena/browser/view/LC316181																																																									BBF88128.1	https://www.ebi.ac.uk/ena/browser/view/BBF88128.1																																																																																														
A0A386KZ50	MH202990	https://www.ebi.ac.uk/ena/browser/view/MH202990																																																									AYD91073.1	https://www.ebi.ac.uk/ena/browser/view/AYD91073.1																																																																																														
A0A3S5XFG0	LC422695	https://www.ebi.ac.uk/ena/browser/view/LC422695																																																									BBG28476.1	https://www.ebi.ac.uk/ena/browser/view/BBG28476.1																																																																																														
A0A455R4Z0	LC406757	https://www.ebi.ac.uk/ena/browser/view/LC406757																																																									BBF25321.1	https://www.ebi.ac.uk/ena/browser/view/BBF25321.1																																																																																														
A0A5S9I252	LC484924	https://www.ebi.ac.uk/ena/browser/view/LC484924																																																									BBK61014.1	https://www.ebi.ac.uk/ena/browser/view/BBK61014.1																																																																																														
A0A6P6W6H5																													HE985292	https://www.ebi.ac.uk/ena/browser/view/HE985292																													CCM43927.1	https://www.ebi.ac.uk/ena/browser/view/CCM43927.1																																																																																														
A0A858E6N7																													MK946440	https://www.ebi.ac.uk/ena/browser/view/MK946440																													QIG55792.1	https://www.ebi.ac.uk/ena/browser/view/QIG55792.1																																																																																														
A0A858E7G0	GL883097	https://www.ebi.ac.uk/ena/browser/view/GL883097																											MK946437	https://www.ebi.ac.uk/ena/browser/view/MK946437																													EGG09623.1	https://www.ebi.ac.uk/ena/browser/view/EGG09623.1	QIG55789.1	https://www.ebi.ac.uk/ena/browser/view/QIG55789.1	XP_007407350.1	https://www.ncbi.nlm.nih.gov/protein/XP_007407350.1																																															XP_007407350.1	XM_007407288.1	https://www.ncbi.nlm.nih.gov/protein/XP_007407350.1	https://www.ncbi.nlm.nih.gov/nucleotide/XM_007407288.1																																								
A0A8D5M3Y5	LC600199	https://www.ebi.ac.uk/ena/browser/view/LC600199																																																									BCP96882.1	https://www.ebi.ac.uk/ena/browser/view/BCP96882.1																																																																																														
A0A8H7XP09	JAFIQS020000009	https://www.ebi.ac.uk/ena/browser/view/JAFIQS020000009																																																									KAH9477939.1	https://www.ebi.ac.uk/ena/browser/view/KAH9477939.1	XP_047745564.1	https://www.ncbi.nlm.nih.gov/protein/XP_047745564.1																																																	XP_047745564.1	XM_047895845.1	https://www.ncbi.nlm.nih.gov/protein/XP_047745564.1	https://www.ncbi.nlm.nih.gov/nucleotide/XM_047895845.1																																								
A0A8H8CMW1	JAFIQS020000005	https://www.ebi.ac.uk/ena/browser/view/JAFIQS020000005																																																									KAH9481651.1	https://www.ebi.ac.uk/ena/browser/view/KAH9481651.1	XP_047749276.1	https://www.ncbi.nlm.nih.gov/protein/XP_047749276.1																																																	XP_047749276.1	XM_047891927.1	https://www.ncbi.nlm.nih.gov/protein/XP_047749276.1	https://www.ncbi.nlm.nih.gov/nucleotide/XM_047891927.1																																								
A1C8C3	DS027045	https://www.ebi.ac.uk/ena/browser/view/DS027045																																																									EAW14644.1	https://www.ebi.ac.uk/ena/browser/view/EAW14644.1	XP_001276070.1	https://www.ncbi.nlm.nih.gov/protein/XP_001276070.1																																																	XP_001276070.1	XM_001276069.1	https://www.ncbi.nlm.nih.gov/protein/XP_001276070.1	https://www.ncbi.nlm.nih.gov/nucleotide/XM_001276069.1																																								
A1DN30	DS027698	https://www.ebi.ac.uk/ena/browser/view/DS027698																																																									EAW16201.1	https://www.ebi.ac.uk/ena/browser/view/EAW16201.1	XP_001258098.1	https://www.ncbi.nlm.nih.gov/protein/XP_001258098.1																																																	XP_001258098.1	XM_001258097.1	https://www.ncbi.nlm.nih.gov/protein/XP_001258098.1	https://www.ncbi.nlm.nih.gov/nucleotide/XM_001258097.1																																								
A2PZA5	AB272062	https://www.ebi.ac.uk/ena/browser/view/AB272062																											AB267396	https://www.ebi.ac.uk/ena/browser/view/AB267396																													BAF45924.1	https://www.ebi.ac.uk/ena/browser/view/BAF45924.1	BAF45925.1	https://www.ebi.ac.uk/ena/browser/view/BAF45925.1																																																																																												
A4FVP2	Z97341	https://www.ebi.ac.uk/ena/browser/view/Z97341	AL161544	https://www.ebi.ac.uk/ena/browser/view/AL161544	CP002687	https://www.ebi.ac.uk/ena/browser/view/CP002687																							AK118969	https://www.ebi.ac.uk/ena/browser/view/AK118969	BT030340	https://www.ebi.ac.uk/ena/browser/view/BT030340	AY085646	https://www.ebi.ac.uk/ena/browser/view/AY085646	AY151086	https://www.ebi.ac.uk/ena/browser/view/AY151086	AF180366	https://www.ebi.ac.uk/ena/browser/view/AF180366																					CAB10449.1	https://www.ebi.ac.uk/ena/browser/view/CAB10449.1	CAB78716.1	https://www.ebi.ac.uk/ena/browser/view/CAB78716.1	AEE83793.1	https://www.ebi.ac.uk/ena/browser/view/AEE83793.1	AEE83794.1	https://www.ebi.ac.uk/ena/browser/view/AEE83794.1	BAC43546.1	https://www.ebi.ac.uk/ena/browser/view/BAC43546.1	ABO38753.1	https://www.ebi.ac.uk/ena/browser/view/ABO38753.1	AAM62867.1	https://www.ebi.ac.uk/ena/browser/view/AAM62867.1	AAN65379.1	https://www.ebi.ac.uk/ena/browser/view/AAN65379.1	AAG09423.1	https://www.ebi.ac.uk/ena/browser/view/AAG09423.1	NP_001031651.1	https://www.ncbi.nlm.nih.gov/protein/NP_001031651.1	NP_567511.3	https://www.ncbi.nlm.nih.gov/protein/NP_567511.3																															NP_001031651.1	NM_001036574.1	https://www.ncbi.nlm.nih.gov/protein/NP_001031651.1	https://www.ncbi.nlm.nih.gov/nucleotide/NM_001036574.1	NP_567511.3	NM_117775.4	https://www.ncbi.nlm.nih.gov/protein/NP_567511.3	https://www.ncbi.nlm.nih.gov/nucleotide/NM_117775.4																																				
A5A8G0	ABEU02000007	https://www.ebi.ac.uk/ena/browser/view/ABEU02000007																											AB302933	https://www.ebi.ac.uk/ena/browser/view/AB302933																													BAF61135.1	https://www.ebi.ac.uk/ena/browser/view/BAF61135.1	PNR50587.1	https://www.ebi.ac.uk/ena/browser/view/PNR50587.1																																																																																												
A5PHD6	JQ012797	https://www.ebi.ac.uk/ena/browser/view/JQ012797	AM745350	https://www.ebi.ac.uk/ena/browser/view/AM745350	MG736817	https://www.ebi.ac.uk/ena/browser/view/MG736817																																																					AFD18255.1	https://www.ebi.ac.uk/ena/browser/view/AFD18255.1	CAN87161.2	https://www.ebi.ac.uk/ena/browser/view/CAN87161.2	AWM95789.1	https://www.ebi.ac.uk/ena/browser/view/AWM95789.1																																																																																										
A5Y5L5																													EF175166	https://www.ebi.ac.uk/ena/browser/view/EF175166																													ABP88782.1	https://www.ebi.ac.uk/ena/browser/view/ABP88782.1																																																																																														
A6XH05																													DQ785793	https://www.ebi.ac.uk/ena/browser/view/DQ785793																													ABH07677.1	https://www.ebi.ac.uk/ena/browser/view/ABH07677.1																																																																																														
A6XH06																													DQ785794	https://www.ebi.ac.uk/ena/browser/view/DQ785794																													ABH07678.1	https://www.ebi.ac.uk/ena/browser/view/ABH07678.1																																																																																														
A7IZZ1	JAATIP010000065	https://www.ebi.ac.uk/ena/browser/view/JAATIP010000065	UZAU01000409	https://www.ebi.ac.uk/ena/browser/view/UZAU01000409																									DQ839404	https://www.ebi.ac.uk/ena/browser/view/DQ839404	MK801766	https://www.ebi.ac.uk/ena/browser/view/MK801766																											ABI21837.1	https://www.ebi.ac.uk/ena/browser/view/ABI21837.1	QCY41294.1	https://www.ebi.ac.uk/ena/browser/view/QCY41294.1	KAF4380280.1	https://www.ebi.ac.uk/ena/browser/view/KAF4380280.1																																																																																										
A7IZZ2																													DQ839405	https://www.ebi.ac.uk/ena/browser/view/DQ839405																													ABI21838.1	https://www.ebi.ac.uk/ena/browser/view/ABI21838.1																																																																																														
B1W019	AP009493	https://www.ebi.ac.uk/ena/browser/view/AP009493																																																									BAG18908.1	https://www.ebi.ac.uk/ena/browser/view/BAG18908.1																																																																																														
B2C4D0	EU259634	https://www.ebi.ac.uk/ena/browser/view/EU259634	CM000786	https://www.ebi.ac.uk/ena/browser/view/CM000786																									EU259633	https://www.ebi.ac.uk/ena/browser/view/EU259633	EU259635	https://www.ebi.ac.uk/ena/browser/view/EU259635																											ABY79206.1	https://www.ebi.ac.uk/ena/browser/view/ABY79206.1	ABY79207.1	https://www.ebi.ac.uk/ena/browser/view/ABY79207.1	ABY79208.1	https://www.ebi.ac.uk/ena/browser/view/ABY79208.1	AQK40889.1	https://www.ebi.ac.uk/ena/browser/view/AQK40889.1																																																																																								
B5HDJ6	CM000950	https://www.ebi.ac.uk/ena/browser/view/CM000950																																																									EDY64907.2	https://www.ebi.ac.uk/ena/browser/view/EDY64907.2	WP_005317515.1	https://www.ncbi.nlm.nih.gov/protein/WP_005317515.1																																																	WP_005317515.1	NZ_CM000950.1	https://www.ncbi.nlm.nih.gov/protein/WP_005317515.1	https://www.ncbi.nlm.nih.gov/nucleotide/NZ_CM000950.1																																								
B7FXW1	CM000610	https://www.ebi.ac.uk/ena/browser/view/CM000610																											MH422131	https://www.ebi.ac.uk/ena/browser/view/MH422131																													AYI99264.1	https://www.ebi.ac.uk/ena/browser/view/AYI99264.1	EEC48820.1	https://www.ebi.ac.uk/ena/browser/view/EEC48820.1	XP_002179834.1	https://www.ncbi.nlm.nih.gov/protein/XP_002179834.1																																															XP_002179834.1	XM_002179798.1	https://www.ncbi.nlm.nih.gov/protein/XP_002179834.1	https://www.ncbi.nlm.nih.gov/nucleotide/XM_002179798.1																																								
C5H429	PKPP01000231	https://www.ebi.ac.uk/ena/browser/view/PKPP01000231																											EU704257	https://www.ebi.ac.uk/ena/browser/view/EU704257	JX898526	https://www.ebi.ac.uk/ena/browser/view/JX898526	JX898527	https://www.ebi.ac.uk/ena/browser/view/JX898527	KC505370	https://www.ebi.ac.uk/ena/browser/view/KC505370																							ACH61780.1	https://www.ebi.ac.uk/ena/browser/view/ACH61780.1	AGO50599.1	https://www.ebi.ac.uk/ena/browser/view/AGO50599.1	AGO50600.1	https://www.ebi.ac.uk/ena/browser/view/AGO50600.1	AGL34708.1	https://www.ebi.ac.uk/ena/browser/view/AGL34708.1	PWA95606.1	https://www.ebi.ac.uk/ena/browser/view/PWA95606.1																																																																																						
C5I9X1	PKPP01000165	https://www.ebi.ac.uk/ena/browser/view/PKPP01000165																											FJ809784	https://www.ebi.ac.uk/ena/browser/view/FJ809784																													ACR61719.1	https://www.ebi.ac.uk/ena/browser/view/ACR61719.1	PWA96689.1	https://www.ebi.ac.uk/ena/browser/view/PWA96689.1																																																																																												
D5KXD2	JN412092	https://www.ebi.ac.uk/ena/browser/view/JN412092																											GU647162	https://www.ebi.ac.uk/ena/browser/view/GU647162																													ADD96698.1	https://www.ebi.ac.uk/ena/browser/view/ADD96698.1	AEP82783.1	https://www.ebi.ac.uk/ena/browser/view/AEP82783.1	NP_001234766.1	https://www.ncbi.nlm.nih.gov/protein/NP_001234766.1																																															NP_001234766.1	NM_001247837.1	https://www.ncbi.nlm.nih.gov/protein/NP_001234766.1	https://www.ncbi.nlm.nih.gov/nucleotide/NM_001247837.1																																								
E1XUJ2	FR669447	https://www.ebi.ac.uk/ena/browser/view/FR669447	HG916765	https://www.ebi.ac.uk/ena/browser/view/HG916765																																																							CBW30776.1	https://www.ebi.ac.uk/ena/browser/view/CBW30776.1	CDM25272.1	https://www.ebi.ac.uk/ena/browser/view/CDM25272.1	WP_043683919.1	https://www.ncbi.nlm.nih.gov/protein/WP_043683919.1																																															WP_043683919.1	NZ_HG916765.1	https://www.ncbi.nlm.nih.gov/protein/WP_043683919.1	https://www.ncbi.nlm.nih.gov/nucleotide/NZ_HG916765.1																																								
E2E2N7																													GU385973	https://www.ebi.ac.uk/ena/browser/view/GU385973																													ADK73618.1	https://www.ebi.ac.uk/ena/browser/view/ADK73618.1																																																																																														
E2E2P0																													GU385977	https://www.ebi.ac.uk/ena/browser/view/GU385977	GU385978	https://www.ebi.ac.uk/ena/browser/view/GU385978																											ADK73620.1	https://www.ebi.ac.uk/ena/browser/view/ADK73620.1	ADK73621.1	https://www.ebi.ac.uk/ena/browser/view/ADK73621.1																																																																																												
E4MYY0	AP010968	https://www.ebi.ac.uk/ena/browser/view/AP010968																																																									BAJ25873.1	https://www.ebi.ac.uk/ena/browser/view/BAJ25873.1	BAJ33405.1	https://www.ebi.ac.uk/ena/browser/view/BAJ33405.1	WP_014133196.1	https://www.ncbi.nlm.nih.gov/protein/WP_014133196.1																																															WP_014133196.1	NC_016109.1	https://www.ncbi.nlm.nih.gov/protein/WP_014133196.1	https://www.ncbi.nlm.nih.gov/nucleotide/NC_016109.1																																								
E9F5E9	ADNJ02000014	https://www.ebi.ac.uk/ena/browser/view/ADNJ02000014																																																									EFY96952.1	https://www.ebi.ac.uk/ena/browser/view/EFY96952.1	XP_007823687.1	https://www.ncbi.nlm.nih.gov/protein/XP_007823687.1																																																	XP_007823687.1	XM_007825496.1	https://www.ncbi.nlm.nih.gov/protein/XP_007823687.1	https://www.ncbi.nlm.nih.gov/nucleotide/XM_007825496.1																																								
F1CKI6																													HQ426167	https://www.ebi.ac.uk/ena/browser/view/HQ426167	HQ336798	https://www.ebi.ac.uk/ena/browser/view/HQ336798	HQ336799	https://www.ebi.ac.uk/ena/browser/view/HQ336799	BT071423	https://www.ebi.ac.uk/ena/browser/view/BT071423																							ADZ45511.1	https://www.ebi.ac.uk/ena/browser/view/ADZ45511.1	ADU85924.1	https://www.ebi.ac.uk/ena/browser/view/ADU85924.1	ADU85925.1	https://www.ebi.ac.uk/ena/browser/view/ADU85925.1	ACN40883.1	https://www.ebi.ac.uk/ena/browser/view/ACN40883.1																																																																																								
F2XF95																													HQ426153	https://www.ebi.ac.uk/ena/browser/view/HQ426153																													ADZ45507.1	https://www.ebi.ac.uk/ena/browser/view/ADZ45507.1																																																																																														
F2XF96																													HQ426154	https://www.ebi.ac.uk/ena/browser/view/HQ426154																													ADZ45508.1	https://www.ebi.ac.uk/ena/browser/view/ADZ45508.1																																																																																														
F2XF99																													HQ426157	https://www.ebi.ac.uk/ena/browser/view/HQ426157																													ADZ45514.1	https://www.ebi.ac.uk/ena/browser/view/ADZ45514.1																																																																																														
F2XFA8																													HQ426166	https://www.ebi.ac.uk/ena/browser/view/HQ426166																													ADZ45509.1	https://www.ebi.ac.uk/ena/browser/view/ADZ45509.1																																																																																														
F2XFB2																													HQ426170	https://www.ebi.ac.uk/ena/browser/view/HQ426170	DQ195273	https://www.ebi.ac.uk/ena/browser/view/DQ195273																											ADZ45517.1	https://www.ebi.ac.uk/ena/browser/view/ADZ45517.1	ABA86246.1	https://www.ebi.ac.uk/ena/browser/view/ABA86246.1																																																																																												
F8JK18	CP003229	https://www.ebi.ac.uk/ena/browser/view/CP003229																																																									AEW99846.1	https://www.ebi.ac.uk/ena/browser/view/AEW99846.1	WP_014150548.1	https://www.ncbi.nlm.nih.gov/protein/WP_014150548.1																																																	WP_014150548.1	NC_016113.1	https://www.ncbi.nlm.nih.gov/protein/WP_014150548.1	https://www.ncbi.nlm.nih.gov/nucleotide/NC_016113.1																																								
G0Y7D3																													HQ651180	https://www.ebi.ac.uk/ena/browser/view/HQ651180																													AEJ91556.1	https://www.ebi.ac.uk/ena/browser/view/AEJ91556.1																																																																																														
G1JUH1	JN408284	https://www.ebi.ac.uk/ena/browser/view/JN408284																																																									AEM05853.1	https://www.ebi.ac.uk/ena/browser/view/AEM05853.1	NP_001295307.1	https://www.ncbi.nlm.nih.gov/protein/NP_001295307.1																																																	NP_001295307.1	NM_001308378.1	https://www.ncbi.nlm.nih.gov/protein/NP_001295307.1	https://www.ncbi.nlm.nih.gov/nucleotide/NM_001308378.1																																								
G5CV52	JN412089	https://www.ebi.ac.uk/ena/browser/view/JN412089																											JN402395	https://www.ebi.ac.uk/ena/browser/view/JN402395																													AEM23832.1	https://www.ebi.ac.uk/ena/browser/view/AEM23832.1	AEP82780.1	https://www.ebi.ac.uk/ena/browser/view/AEP82780.1	NP_001239041.1	https://www.ncbi.nlm.nih.gov/protein/NP_001239041.1																																															NP_001239041.1	NM_001252112.1	https://www.ncbi.nlm.nih.gov/protein/NP_001239041.1	https://www.ncbi.nlm.nih.gov/nucleotide/NM_001252112.1																																								
G5CV54	JN412091	https://www.ebi.ac.uk/ena/browser/view/JN412091																																																									AEP82782.1	https://www.ebi.ac.uk/ena/browser/view/AEP82782.1	NP_001318113.1	https://www.ncbi.nlm.nih.gov/protein/NP_001318113.1																																																	NP_001318113.1	NM_001331184.1	https://www.ncbi.nlm.nih.gov/protein/NP_001318113.1	https://www.ncbi.nlm.nih.gov/nucleotide/NM_001331184.1																																								
G8H5M7																													JN402388	https://www.ebi.ac.uk/ena/browser/view/JN402388																													AEM23825.1	https://www.ebi.ac.uk/ena/browser/view/AEM23825.1																																																																																														
G8H5M8																													JN402389	https://www.ebi.ac.uk/ena/browser/view/JN402389																													AEM23826.1	https://www.ebi.ac.uk/ena/browser/view/AEM23826.1																																																																																														
G8H5M9																													JN402390	https://www.ebi.ac.uk/ena/browser/view/JN402390																													AEM23827.1	https://www.ebi.ac.uk/ena/browser/view/AEM23827.1																																																																																														
G8H5N0																													JN402391	https://www.ebi.ac.uk/ena/browser/view/JN402391																													AEM23828.1	https://www.ebi.ac.uk/ena/browser/view/AEM23828.1																																																																																														
G8H5N1																													JN402392	https://www.ebi.ac.uk/ena/browser/view/JN402392																													AEM23829.1	https://www.ebi.ac.uk/ena/browser/view/AEM23829.1																																																																																														
G9MAN7	GL377573	https://www.ebi.ac.uk/ena/browser/view/GL377573																											AB668998	https://www.ebi.ac.uk/ena/browser/view/AB668998																													BAL41682.1	https://www.ebi.ac.uk/ena/browser/view/BAL41682.1	EFJ31716.1	https://www.ebi.ac.uk/ena/browser/view/EFJ31716.1																																																																																												
H1VQB1	LTAN01000004	https://www.ebi.ac.uk/ena/browser/view/LTAN01000004	CACQ02005368	https://www.ebi.ac.uk/ena/browser/view/CACQ02005368																																																							OBR09788.1	https://www.ebi.ac.uk/ena/browser/view/OBR09788.1	XP_018158305.1	https://www.ncbi.nlm.nih.gov/protein/XP_018158305.1																																																	XP_018158305.1	XM_018300455.1	https://www.ncbi.nlm.nih.gov/protein/XP_018158305.1	https://www.ncbi.nlm.nih.gov/nucleotide/XM_018300455.1																																								
H1ZV37	FR669447	https://www.ebi.ac.uk/ena/browser/view/FR669447	HG916765	https://www.ebi.ac.uk/ena/browser/view/HG916765																																																							CCF55023.1	https://www.ebi.ac.uk/ena/browser/view/CCF55023.1	CDM25281.1	https://www.ebi.ac.uk/ena/browser/view/CDM25281.1	WP_043683932.1	https://www.ncbi.nlm.nih.gov/protein/WP_043683932.1																																															WP_043683932.1	NZ_HG916765.1	https://www.ncbi.nlm.nih.gov/protein/WP_043683932.1	https://www.ncbi.nlm.nih.gov/nucleotide/NZ_HG916765.1																																								
H1ZV38	FR669447	https://www.ebi.ac.uk/ena/browser/view/FR669447	HG916765	https://www.ebi.ac.uk/ena/browser/view/HG916765																																																							CCF55024.1	https://www.ebi.ac.uk/ena/browser/view/CCF55024.1	CDM25267.1	https://www.ebi.ac.uk/ena/browser/view/CDM25267.1	WP_043683915.1	https://www.ncbi.nlm.nih.gov/protein/WP_043683915.1																																															WP_043683915.1	NZ_HG916765.1	https://www.ncbi.nlm.nih.gov/protein/WP_043683915.1	https://www.ncbi.nlm.nih.gov/nucleotide/NZ_HG916765.1																																								
H2ELN1																													JN989317	https://www.ebi.ac.uk/ena/browser/view/JN989317																													AEX09186.1	https://www.ebi.ac.uk/ena/browser/view/AEX09186.1																																																																																														
H3JQW0	JQ034405	https://www.ebi.ac.uk/ena/browser/view/JQ034405	AB771747	https://www.ebi.ac.uk/ena/browser/view/AB771747																																																							AEZ35248.1	https://www.ebi.ac.uk/ena/browser/view/AEZ35248.1	BAN13280.1	https://www.ebi.ac.uk/ena/browser/view/BAN13280.1																																																																																												
H6U1I8	JQ513384	https://www.ebi.ac.uk/ena/browser/view/JQ513384																											JX913533	https://www.ebi.ac.uk/ena/browser/view/JX913533	JN418990	https://www.ebi.ac.uk/ena/browser/view/JN418990	JN418992	https://www.ebi.ac.uk/ena/browser/view/JN418992	JN418991	https://www.ebi.ac.uk/ena/browser/view/JN418991	JN418993	https://www.ebi.ac.uk/ena/browser/view/JN418993	JN418994	https://www.ebi.ac.uk/ena/browser/view/JN418994	JN418995	https://www.ebi.ac.uk/ena/browser/view/JN418995	JN418996	https://www.ebi.ac.uk/ena/browser/view/JN418996															AFJ04755.1	https://www.ebi.ac.uk/ena/browser/view/AFJ04755.1	AGC03152.1	https://www.ebi.ac.uk/ena/browser/view/AGC03152.1	AEZ63353.1	https://www.ebi.ac.uk/ena/browser/view/AEZ63353.1	AEZ63355.1	https://www.ebi.ac.uk/ena/browser/view/AEZ63355.1	AEZ63354.1	https://www.ebi.ac.uk/ena/browser/view/AEZ63354.1	AEZ63356.1	https://www.ebi.ac.uk/ena/browser/view/AEZ63356.1	AEZ63357.1	https://www.ebi.ac.uk/ena/browser/view/AEZ63357.1	AEZ63358.1	https://www.ebi.ac.uk/ena/browser/view/AEZ63358.1	AEZ63359.1	https://www.ebi.ac.uk/ena/browser/view/AEZ63359.1																																																																														
H6WZF2																													JQ346173	https://www.ebi.ac.uk/ena/browser/view/JQ346173																													AFB82540.1	https://www.ebi.ac.uk/ena/browser/view/AFB82540.1																																																																																														
H8ZM70																													JN254805	https://www.ebi.ac.uk/ena/browser/view/JN254805																													AEL99950.1	https://www.ebi.ac.uk/ena/browser/view/AEL99950.1																																																																																														
I1RL14	HG970333	https://www.ebi.ac.uk/ena/browser/view/HG970333																																																									CEF79626.1	https://www.ebi.ac.uk/ena/browser/view/CEF79626.1	XP_011320990.1	https://www.ncbi.nlm.nih.gov/protein/XP_011320990.1																																																	XP_011320990.1	XM_011322688.1	https://www.ncbi.nlm.nih.gov/protein/XP_011320990.1	https://www.ncbi.nlm.nih.gov/nucleotide/XM_011322688.1																																								
I7H727	AB730585	https://www.ebi.ac.uk/ena/browser/view/AB730585																											AB509224	https://www.ebi.ac.uk/ena/browser/view/AB509224																													BAJ46125.1	https://www.ebi.ac.uk/ena/browser/view/BAJ46125.1	BAM24405.1	https://www.ebi.ac.uk/ena/browser/view/BAM24405.1																																																																																												
J7FIX8	JN613321	https://www.ebi.ac.uk/ena/browser/view/JN613321																																																									AFO85420.1	https://www.ebi.ac.uk/ena/browser/view/AFO85420.1																																																																																														
K7WDL7																													JX974564	https://www.ebi.ac.uk/ena/browser/view/JX974564																													AFW98981.1	https://www.ebi.ac.uk/ena/browser/view/AFW98981.1																																																																																														
K7WQ45	KC807995	https://www.ebi.ac.uk/ena/browser/view/KC807995	JX943884	https://www.ebi.ac.uk/ena/browser/view/JX943884	CM001071	https://www.ebi.ac.uk/ena/browser/view/CM001071																																																					AGK82801.1	https://www.ebi.ac.uk/ena/browser/view/AGK82801.1	AFW98426.1	https://www.ebi.ac.uk/ena/browser/view/AFW98426.1																																																																																												
N4V6D4	KB726025	https://www.ebi.ac.uk/ena/browser/view/KB726025	AMCV02000011	https://www.ebi.ac.uk/ena/browser/view/AMCV02000011																																																							ENH79267.1	https://www.ebi.ac.uk/ena/browser/view/ENH79267.1	TDZ21940.1	https://www.ebi.ac.uk/ena/browser/view/TDZ21940.1																																																																																												
O48651																													AB003516	https://www.ebi.ac.uk/ena/browser/view/AB003516	AB122078	https://www.ebi.ac.uk/ena/browser/view/AB122078	KJ939265	https://www.ebi.ac.uk/ena/browser/view/KJ939265																									BAA24448.1	https://www.ebi.ac.uk/ena/browser/view/BAA24448.1	BAD15330.1	https://www.ebi.ac.uk/ena/browser/view/BAD15330.1	AJV26446.1	https://www.ebi.ac.uk/ena/browser/view/AJV26446.1																																																																																										
O48666																													AB010148	https://www.ebi.ac.uk/ena/browser/view/AB010148	AB115496	https://www.ebi.ac.uk/ena/browser/view/AB115496	EU502717	https://www.ebi.ac.uk/ena/browser/view/EU502717	KJ939264	https://www.ebi.ac.uk/ena/browser/view/KJ939264	KP689314	https://www.ebi.ac.uk/ena/browser/view/KP689314																					BAA24289.1	https://www.ebi.ac.uk/ena/browser/view/BAA24289.1	BAD08242.1	https://www.ebi.ac.uk/ena/browser/view/BAD08242.1	ACA66014.1	https://www.ebi.ac.uk/ena/browser/view/ACA66014.1	AJV26445.1	https://www.ebi.ac.uk/ena/browser/view/AJV26445.1	AJK30626.1	https://www.ebi.ac.uk/ena/browser/view/AJK30626.1																																																																																						
O50406	AL123456	https://www.ebi.ac.uk/ena/browser/view/AL123456																																																									CCP46198.1	https://www.ebi.ac.uk/ena/browser/view/CCP46198.1	NP_217894.1	https://www.ncbi.nlm.nih.gov/protein/NP_217894.1	WP_003417905.1	https://www.ncbi.nlm.nih.gov/protein/WP_003417905.1																																															NP_217894.1	NC_000962.3	https://www.ncbi.nlm.nih.gov/protein/NP_217894.1	https://www.ncbi.nlm.nih.gov/nucleotide/NC_000962.3	WP_003417905.1	NC_000962.3	https://www.ncbi.nlm.nih.gov/protein/WP_003417905.1	https://www.ncbi.nlm.nih.gov/nucleotide/NC_000962.3																																				
O64961	JN408289	https://www.ebi.ac.uk/ena/browser/view/JN408289																											AF035630	https://www.ebi.ac.uk/ena/browser/view/AF035630	AF035631	https://www.ebi.ac.uk/ena/browser/view/AF035631	AF279453	https://www.ebi.ac.uk/ena/browser/view/AF279453																									AAC39431.1	https://www.ebi.ac.uk/ena/browser/view/AAC39431.1	AAC39432.1	https://www.ebi.ac.uk/ena/browser/view/AAC39432.1	AAG41889.1	https://www.ebi.ac.uk/ena/browser/view/AAG41889.1	AEM05858.1	https://www.ebi.ac.uk/ena/browser/view/AEM05858.1	NP_001234055.1	https://www.ncbi.nlm.nih.gov/protein/NP_001234055.1																																											NP_001234055.1	NM_001247126.2	https://www.ncbi.nlm.nih.gov/protein/NP_001234055.1	https://www.ncbi.nlm.nih.gov/nucleotide/NM_001247126.2																																								
O81192																													AF051900	https://www.ebi.ac.uk/ena/browser/view/AF051900																													AAC26017.1	https://www.ebi.ac.uk/ena/browser/view/AAC26017.1																																																																																														
O82140																													AB009030	https://www.ebi.ac.uk/ena/browser/view/AB009030	KJ939267	https://www.ebi.ac.uk/ena/browser/view/KJ939267																											BAA33461.1	https://www.ebi.ac.uk/ena/browser/view/BAA33461.1	AJV26448.1	https://www.ebi.ac.uk/ena/browser/view/AJV26448.1																																																																																												
P0C565	JX913537	https://www.ebi.ac.uk/ena/browser/view/JX913537																											JX913536	https://www.ebi.ac.uk/ena/browser/view/JX913536																													AFZ61535.1	https://www.ebi.ac.uk/ena/browser/view/AFZ61535.1	AGC03154.1	https://www.ebi.ac.uk/ena/browser/view/AGC03154.1																																																																																												
P0DI76	AP000599	https://www.ebi.ac.uk/ena/browser/view/AP000599	AB028607	https://www.ebi.ac.uk/ena/browser/view/AB028607	CP002686	https://www.ebi.ac.uk/ena/browser/view/CP002686																							AY691947	https://www.ebi.ac.uk/ena/browser/view/AY691947	AK229712	https://www.ebi.ac.uk/ena/browser/view/AK229712	AK319171	https://www.ebi.ac.uk/ena/browser/view/AK319171																									AAU01970.1	https://www.ebi.ac.uk/ena/browser/view/AAU01970.1	BAB01180.1	https://www.ebi.ac.uk/ena/browser/view/BAB01180.1	AEE77073.1	https://www.ebi.ac.uk/ena/browser/view/AEE77073.1	ANM64839.1	https://www.ebi.ac.uk/ena/browser/view/ANM64839.1	ANM64840.1	https://www.ebi.ac.uk/ena/browser/view/ANM64840.1	BAF01550.1	https://www.ebi.ac.uk/ena/browser/view/BAF01550.1	BAH57286.1	https://www.ebi.ac.uk/ena/browser/view/BAH57286.1																																																																																		
P0DI77	AP000599	https://www.ebi.ac.uk/ena/browser/view/AP000599	CP002686	https://www.ebi.ac.uk/ena/browser/view/CP002686																									AY691947	https://www.ebi.ac.uk/ena/browser/view/AY691947	AK229712	https://www.ebi.ac.uk/ena/browser/view/AK229712	AK319171	https://www.ebi.ac.uk/ena/browser/view/AK319171																									AAU01970.1	https://www.ebi.ac.uk/ena/browser/view/AAU01970.1	BAB01181.1	https://www.ebi.ac.uk/ena/browser/view/BAB01181.1	AEE77075.1	https://www.ebi.ac.uk/ena/browser/view/AEE77075.1	BAF01550.1	https://www.ebi.ac.uk/ena/browser/view/BAF01550.1	BAH57286.1	https://www.ebi.ac.uk/ena/browser/view/BAH57286.1																																																																																						
P0DO35																																																																																																																																																										
P0DO38																																																																																																																																																										
P0DO39																																																																																																																																																										
P0DO41																																																																																																																																																										
P0DO42																																																																																																																																																										
P11712	AY341248	https://www.ebi.ac.uk/ena/browser/view/AY341248	AY702706	https://www.ebi.ac.uk/ena/browser/view/AY702706	AL359672	https://www.ebi.ac.uk/ena/browser/view/AL359672	CH471066	https://www.ebi.ac.uk/ena/browser/view/CH471066																					AK289420	https://www.ebi.ac.uk/ena/browser/view/AK289420	BC020754	https://www.ebi.ac.uk/ena/browser/view/BC020754	BC070317	https://www.ebi.ac.uk/ena/browser/view/BC070317	BC125054	https://www.ebi.ac.uk/ena/browser/view/BC125054	D00173	https://www.ebi.ac.uk/ena/browser/view/D00173	M15331	https://www.ebi.ac.uk/ena/browser/view/M15331	M21939	https://www.ebi.ac.uk/ena/browser/view/M21939	M21940	https://www.ebi.ac.uk/ena/browser/view/M21940	S46963	https://www.ebi.ac.uk/ena/browser/view/S46963													AAP88931.1	https://www.ebi.ac.uk/ena/browser/view/AAP88931.1	AAT94065.1	https://www.ebi.ac.uk/ena/browser/view/AAT94065.1	BAF82109.1	https://www.ebi.ac.uk/ena/browser/view/BAF82109.1	EAW50019.1	https://www.ebi.ac.uk/ena/browser/view/EAW50019.1	EAW50020.1	https://www.ebi.ac.uk/ena/browser/view/EAW50020.1	AAH20754.1	https://www.ebi.ac.uk/ena/browser/view/AAH20754.1	AAH70317.1	https://www.ebi.ac.uk/ena/browser/view/AAH70317.1	AAI25055.1	https://www.ebi.ac.uk/ena/browser/view/AAI25055.1	BAA00123.1	https://www.ebi.ac.uk/ena/browser/view/BAA00123.1	AAA52157.1	https://www.ebi.ac.uk/ena/browser/view/AAA52157.1	AAA52158.1	https://www.ebi.ac.uk/ena/browser/view/AAA52158.1	AAA52159.1	https://www.ebi.ac.uk/ena/browser/view/AAA52159.1	AAB23864.2	https://www.ebi.ac.uk/ena/browser/view/AAB23864.2	NP_000762.2	https://www.ncbi.nlm.nih.gov/protein/NP_000762.2																									NP_000762.2	NM_000771.3	https://www.ncbi.nlm.nih.gov/protein/NP_000762.2	https://www.ncbi.nlm.nih.gov/nucleotide/NM_000771.3																																								
P13513	AF364179	https://www.ebi.ac.uk/ena/browser/view/AF364179	AF359360	https://www.ebi.ac.uk/ena/browser/view/AF359360																									AY032745	https://www.ebi.ac.uk/ena/browser/view/AY032745																													AAD13657.1	https://www.ebi.ac.uk/ena/browser/view/AAD13657.1	AAK33074.1	https://www.ebi.ac.uk/ena/browser/view/AAK33074.1	AAK77935.1	https://www.ebi.ac.uk/ena/browser/view/AAK77935.1																																																																																										
P29704	M63979	https://www.ebi.ac.uk/ena/browser/view/M63979	X59959	https://www.ebi.ac.uk/ena/browser/view/X59959	U00030	https://www.ebi.ac.uk/ena/browser/view/U00030	BK006934	https://www.ebi.ac.uk/ena/browser/view/BK006934																																																			AAA34597.1	https://www.ebi.ac.uk/ena/browser/view/AAA34597.1	CAA42583.1	https://www.ebi.ac.uk/ena/browser/view/CAA42583.1	AAB68360.1	https://www.ebi.ac.uk/ena/browser/view/AAB68360.1	DAA06882.1	https://www.ebi.ac.uk/ena/browser/view/DAA06882.1	NP_012060.1	https://www.ncbi.nlm.nih.gov/protein/NP_012060.1																																											NP_012060.1	NM_001179321.1	https://www.ncbi.nlm.nih.gov/protein/NP_012060.1	https://www.ncbi.nlm.nih.gov/nucleotide/NM_001179321.1																																								
P32476	M64994	https://www.ebi.ac.uk/ena/browser/view/M64994	Z72960	https://www.ebi.ac.uk/ena/browser/view/Z72960	BK006941	https://www.ebi.ac.uk/ena/browser/view/BK006941																																																					AAA34592.1	https://www.ebi.ac.uk/ena/browser/view/AAA34592.1	CAA97201.1	https://www.ebi.ac.uk/ena/browser/view/CAA97201.1	DAA08271.1	https://www.ebi.ac.uk/ena/browser/view/DAA08271.1	NP_011691.1	https://www.ncbi.nlm.nih.gov/protein/NP_011691.1																																													NP_011691.1	NM_001181304.1	https://www.ncbi.nlm.nih.gov/protein/NP_011691.1	https://www.ncbi.nlm.nih.gov/nucleotide/NM_001181304.1																																								
P33247	M73834	https://www.ebi.ac.uk/ena/browser/view/M73834	AB007002	https://www.ebi.ac.uk/ena/browser/view/AB007002	CP001727	https://www.ebi.ac.uk/ena/browser/view/CP001727																																																					AAA75452.1	https://www.ebi.ac.uk/ena/browser/view/AAA75452.1	BAA25185.1	https://www.ebi.ac.uk/ena/browser/view/BAA25185.1	ACV59449.1	https://www.ebi.ac.uk/ena/browser/view/ACV59449.1	WP_012811690.1	https://www.ncbi.nlm.nih.gov/protein/WP_012811690.1																																													WP_012811690.1	NC_013205.1	https://www.ncbi.nlm.nih.gov/protein/WP_012811690.1	https://www.ncbi.nlm.nih.gov/nucleotide/NC_013205.1																																								
P33261	AY796203	https://www.ebi.ac.uk/ena/browser/view/AY796203	AL583836	https://www.ebi.ac.uk/ena/browser/view/AL583836	AL133513	https://www.ebi.ac.uk/ena/browser/view/AL133513	L39098	https://www.ebi.ac.uk/ena/browser/view/L39098	L39097	https://www.ebi.ac.uk/ena/browser/view/L39097	L39102	https://www.ebi.ac.uk/ena/browser/view/L39102	L39099	https://www.ebi.ac.uk/ena/browser/view/L39099	L39100	https://www.ebi.ac.uk/ena/browser/view/L39100	L39101	https://www.ebi.ac.uk/ena/browser/view/L39101	L31506	https://www.ebi.ac.uk/ena/browser/view/L31506	L31507	https://www.ebi.ac.uk/ena/browser/view/L31507	L32982	https://www.ebi.ac.uk/ena/browser/view/L32982	L32983	https://www.ebi.ac.uk/ena/browser/view/L32983			M61854	https://www.ebi.ac.uk/ena/browser/view/M61854	M61858	https://www.ebi.ac.uk/ena/browser/view/M61858	L07093	https://www.ebi.ac.uk/ena/browser/view/L07093																									AAB59426.1	https://www.ebi.ac.uk/ena/browser/view/AAB59426.1	AAA52145.1	https://www.ebi.ac.uk/ena/browser/view/AAA52145.1	AAA36660.1	https://www.ebi.ac.uk/ena/browser/view/AAA36660.1	AAV41877.1	https://www.ebi.ac.uk/ena/browser/view/AAV41877.1	AAL31347.1	https://www.ebi.ac.uk/ena/browser/view/AAL31347.1	AAL31348.1	https://www.ebi.ac.uk/ena/browser/view/AAL31348.1	NP_000760.1	https://www.ncbi.nlm.nih.gov/protein/NP_000760.1																																							NP_000760.1	NM_000769.4	https://www.ncbi.nlm.nih.gov/protein/NP_000760.1	https://www.ncbi.nlm.nih.gov/nucleotide/NM_000769.4																																								
P36596	CU329671	https://www.ebi.ac.uk/ena/browser/view/CU329671																											L06071	https://www.ebi.ac.uk/ena/browser/view/L06071																													AAA35343.1	https://www.ebi.ac.uk/ena/browser/view/AAA35343.1	CAA22809.1	https://www.ebi.ac.uk/ena/browser/view/CAA22809.1	NP_595363.1	https://www.ncbi.nlm.nih.gov/protein/NP_595363.1																																															NP_595363.1	NM_001021271.2	https://www.ncbi.nlm.nih.gov/protein/NP_595363.1	https://www.ncbi.nlm.nih.gov/nucleotide/NM_001021271.2																																								
P37268	AC069185	https://www.ebi.ac.uk/ena/browser/view/AC069185																											L06070	https://www.ebi.ac.uk/ena/browser/view/L06070	L06105	https://www.ebi.ac.uk/ena/browser/view/L06105	X69141	https://www.ebi.ac.uk/ena/browser/view/X69141	S76822	https://www.ebi.ac.uk/ena/browser/view/S76822	AK057726	https://www.ebi.ac.uk/ena/browser/view/AK057726	AK293545	https://www.ebi.ac.uk/ena/browser/view/AK293545	AK296043	https://www.ebi.ac.uk/ena/browser/view/AK296043	AK300059	https://www.ebi.ac.uk/ena/browser/view/AK300059	AK315993	https://www.ebi.ac.uk/ena/browser/view/AK315993	AK316351	https://www.ebi.ac.uk/ena/browser/view/AK316351	AK316531	https://www.ebi.ac.uk/ena/browser/view/AK316531	AK316534	https://www.ebi.ac.uk/ena/browser/view/AK316534	BC003573	https://www.ebi.ac.uk/ena/browser/view/BC003573	BC009251	https://www.ebi.ac.uk/ena/browser/view/BC009251	BC029641	https://www.ebi.ac.uk/ena/browser/view/BC029641	AAA60582.1	https://www.ebi.ac.uk/ena/browser/view/AAA60582.1	AAA36645.1	https://www.ebi.ac.uk/ena/browser/view/AAA36645.1	CAA48896.1	https://www.ebi.ac.uk/ena/browser/view/CAA48896.1	AAB33404.1	https://www.ebi.ac.uk/ena/browser/view/AAB33404.1	BAG51957.1	https://www.ebi.ac.uk/ena/browser/view/BAG51957.1	BAH11529.1	https://www.ebi.ac.uk/ena/browser/view/BAH11529.1	BAG58807.1	https://www.ebi.ac.uk/ena/browser/view/BAG58807.1	BAG61868.1	https://www.ebi.ac.uk/ena/browser/view/BAG61868.1	BAH14364.1	https://www.ebi.ac.uk/ena/browser/view/BAH14364.1	BAH14722.1	https://www.ebi.ac.uk/ena/browser/view/BAH14722.1	BAH14902.1	https://www.ebi.ac.uk/ena/browser/view/BAH14902.1	BAH14905.1	https://www.ebi.ac.uk/ena/browser/view/BAH14905.1	AAH03573.1	https://www.ebi.ac.uk/ena/browser/view/AAH03573.1	AAH09251.1	https://www.ebi.ac.uk/ena/browser/view/AAH09251.1	AAH29641.1	https://www.ebi.ac.uk/ena/browser/view/AAH29641.1	NP_001274671.1	https://www.ncbi.nlm.nih.gov/protein/NP_001274671.1	NP_001274672.1	https://www.ncbi.nlm.nih.gov/protein/NP_001274672.1	NP_001274673.1	https://www.ncbi.nlm.nih.gov/protein/NP_001274673.1	NP_001274674.1	https://www.ncbi.nlm.nih.gov/protein/NP_001274674.1	NP_001274676.1	https://www.ncbi.nlm.nih.gov/protein/NP_001274676.1	NP_001274677.1	https://www.ncbi.nlm.nih.gov/protein/NP_001274677.1	NP_001274678.1	https://www.ncbi.nlm.nih.gov/protein/NP_001274678.1	NP_001274679.1	https://www.ncbi.nlm.nih.gov/protein/NP_001274679.1	NP_001274680.1	https://www.ncbi.nlm.nih.gov/protein/NP_001274680.1	NP_001274685.1	https://www.ncbi.nlm.nih.gov/protein/NP_001274685.1	NP_004453.3	https://www.ncbi.nlm.nih.gov/protein/NP_004453.3	NP_001274671.1	NM_001287742.2	https://www.ncbi.nlm.nih.gov/protein/NP_001274671.1	https://www.ncbi.nlm.nih.gov/nucleotide/NM_001287742.2	NP_001274672.1	NM_001287743.2	https://www.ncbi.nlm.nih.gov/protein/NP_001274672.1	https://www.ncbi.nlm.nih.gov/nucleotide/NM_001287743.2	NP_001274673.1	NM_001287744.2	https://www.ncbi.nlm.nih.gov/protein/NP_001274673.1	https://www.ncbi.nlm.nih.gov/nucleotide/NM_001287744.2	NP_001274674.1	NM_001287745.2	https://www.ncbi.nlm.nih.gov/protein/NP_001274674.1	https://www.ncbi.nlm.nih.gov/nucleotide/NM_001287745.2	NP_001274676.1	NM_001287747.2	https://www.ncbi.nlm.nih.gov/protein/NP_001274676.1	https://www.ncbi.nlm.nih.gov/nucleotide/NM_001287747.2	NP_001274677.1	NM_001287748.2	https://www.ncbi.nlm.nih.gov/protein/NP_001274677.1	https://www.ncbi.nlm.nih.gov/nucleotide/NM_001287748.2	NP_001274678.1	NM_001287749.2	https://www.ncbi.nlm.nih.gov/protein/NP_001274678.1	https://www.ncbi.nlm.nih.gov/nucleotide/NM_001287749.2	NP_001274679.1	NM_001287750.1	https://www.ncbi.nlm.nih.gov/protein/NP_001274679.1	https://www.ncbi.nlm.nih.gov/nucleotide/NM_001287750.1	NP_001274680.1	NM_001287751.2	https://www.ncbi.nlm.nih.gov/protein/NP_001274680.1	https://www.ncbi.nlm.nih.gov/nucleotide/NM_001287751.2	NP_001274685.1	NM_001287756.1	https://www.ncbi.nlm.nih.gov/protein/NP_001274685.1	https://www.ncbi.nlm.nih.gov/nucleotide/NM_001287756.1	NP_004453.3	NM_004462.4	https://www.ncbi.nlm.nih.gov/protein/NP_004453.3	https://www.ncbi.nlm.nih.gov/nucleotide/NM_004462.4
P38604	U23488	https://www.ebi.ac.uk/ena/browser/view/U23488	U60996	https://www.ebi.ac.uk/ena/browser/view/U60996	U10556	https://www.ebi.ac.uk/ena/browser/view/U10556	AY693043	https://www.ebi.ac.uk/ena/browser/view/AY693043	BK006934	https://www.ebi.ac.uk/ena/browser/view/BK006934																																																	AAA16975.1	https://www.ebi.ac.uk/ena/browser/view/AAA16975.1	AAA64377.1	https://www.ebi.ac.uk/ena/browser/view/AAA64377.1	AAB08472.1	https://www.ebi.ac.uk/ena/browser/view/AAB08472.1	AAB68891.1	https://www.ebi.ac.uk/ena/browser/view/AAB68891.1	AAT93062.1	https://www.ebi.ac.uk/ena/browser/view/AAT93062.1	DAA06765.2	https://www.ebi.ac.uk/ena/browser/view/DAA06765.2	NP_011939.2	https://www.ncbi.nlm.nih.gov/protein/NP_011939.2																																							NP_011939.2	NM_001179202.2	https://www.ncbi.nlm.nih.gov/protein/NP_011939.2	https://www.ncbi.nlm.nih.gov/nucleotide/NM_001179202.2																																								
P38605	AC005171	https://www.ebi.ac.uk/ena/browser/view/AC005171	CP002685	https://www.ebi.ac.uk/ena/browser/view/CP002685																									U02555	https://www.ebi.ac.uk/ena/browser/view/U02555	AY094394	https://www.ebi.ac.uk/ena/browser/view/AY094394	BT001118	https://www.ebi.ac.uk/ena/browser/view/BT001118																									AAC04931.1	https://www.ebi.ac.uk/ena/browser/view/AAC04931.1	AAM15015.1	https://www.ebi.ac.uk/ena/browser/view/AAM15015.1	AEC06032.1	https://www.ebi.ac.uk/ena/browser/view/AEC06032.1	AAM19773.1	https://www.ebi.ac.uk/ena/browser/view/AAM19773.1	AAN64509.1	https://www.ebi.ac.uk/ena/browser/view/AAN64509.1	NP_178722.1	https://www.ncbi.nlm.nih.gov/protein/NP_178722.1																																									NP_178722.1	NM_126681.3	https://www.ncbi.nlm.nih.gov/protein/NP_178722.1	https://www.ncbi.nlm.nih.gov/nucleotide/NM_126681.3																																								
P48449	AJ239031	https://www.ebi.ac.uk/ena/browser/view/AJ239031	AJ239021	https://www.ebi.ac.uk/ena/browser/view/AJ239021	AJ239022	https://www.ebi.ac.uk/ena/browser/view/AJ239022	AJ239023	https://www.ebi.ac.uk/ena/browser/view/AJ239023	AJ239024	https://www.ebi.ac.uk/ena/browser/view/AJ239024	AJ239025	https://www.ebi.ac.uk/ena/browser/view/AJ239025	AJ239026	https://www.ebi.ac.uk/ena/browser/view/AJ239026	AJ239027	https://www.ebi.ac.uk/ena/browser/view/AJ239027	AJ239028	https://www.ebi.ac.uk/ena/browser/view/AJ239028	AJ239029	https://www.ebi.ac.uk/ena/browser/view/AJ239029	AJ239030	https://www.ebi.ac.uk/ena/browser/view/AJ239030	AP001468	https://www.ebi.ac.uk/ena/browser/view/AP001468	AP001469	https://www.ebi.ac.uk/ena/browser/view/AP001469	CH471079	https://www.ebi.ac.uk/ena/browser/view/CH471079	U22526	https://www.ebi.ac.uk/ena/browser/view/U22526	D63807	https://www.ebi.ac.uk/ena/browser/view/D63807	S81221	https://www.ebi.ac.uk/ena/browser/view/S81221	AK296313	https://www.ebi.ac.uk/ena/browser/view/AK296313	AK226141	https://www.ebi.ac.uk/ena/browser/view/AK226141	BC035638	https://www.ebi.ac.uk/ena/browser/view/BC035638	X87809	https://www.ebi.ac.uk/ena/browser/view/X87809																	AAC50184.1	https://www.ebi.ac.uk/ena/browser/view/AAC50184.1	BAA09875.1	https://www.ebi.ac.uk/ena/browser/view/BAA09875.1	AAB36220.1	https://www.ebi.ac.uk/ena/browser/view/AAB36220.1	CAB42828.1	https://www.ebi.ac.uk/ena/browser/view/CAB42828.1	BAG59011.1	https://www.ebi.ac.uk/ena/browser/view/BAG59011.1	EAX09299.1	https://www.ebi.ac.uk/ena/browser/view/EAX09299.1	EAX09301.1	https://www.ebi.ac.uk/ena/browser/view/EAX09301.1	EAX09302.1	https://www.ebi.ac.uk/ena/browser/view/EAX09302.1	EAX09303.1	https://www.ebi.ac.uk/ena/browser/view/EAX09303.1	AAH35638.1	https://www.ebi.ac.uk/ena/browser/view/AAH35638.1	CAA61078.1	https://www.ebi.ac.uk/ena/browser/view/CAA61078.1	NP_001001438.1	https://www.ncbi.nlm.nih.gov/protein/NP_001001438.1	NP_001138908.1	https://www.ncbi.nlm.nih.gov/protein/NP_001138908.1	NP_001138909.1	https://www.ncbi.nlm.nih.gov/protein/NP_001138909.1	NP_002331.3	https://www.ncbi.nlm.nih.gov/protein/NP_002331.3																							NP_001001438.1	NM_001001438.3	https://www.ncbi.nlm.nih.gov/protein/NP_001001438.1	https://www.ncbi.nlm.nih.gov/nucleotide/NM_001001438.3	NP_001138908.1	NM_001145436.2	https://www.ncbi.nlm.nih.gov/protein/NP_001138908.1	https://www.ncbi.nlm.nih.gov/nucleotide/NM_001145436.2	NP_001138909.1	NM_001145437.2	https://www.ncbi.nlm.nih.gov/protein/NP_001138909.1	https://www.ncbi.nlm.nih.gov/nucleotide/NM_001145437.2	NP_002331.3	NM_002340.5	https://www.ncbi.nlm.nih.gov/protein/NP_002331.3	https://www.ncbi.nlm.nih.gov/nucleotide/NM_002340.5																												
P48450																													U31352	https://www.ebi.ac.uk/ena/browser/view/U31352	D45252	https://www.ebi.ac.uk/ena/browser/view/D45252																											AAA91023.1	https://www.ebi.ac.uk/ena/browser/view/AAA91023.1	BAA08208.1	https://www.ebi.ac.uk/ena/browser/view/BAA08208.1	NP_112311.2	https://www.ncbi.nlm.nih.gov/protein/NP_112311.2																																															NP_112311.2	NM_031049.2	https://www.ncbi.nlm.nih.gov/protein/NP_112311.2	https://www.ncbi.nlm.nih.gov/nucleotide/NM_031049.2																																								
P49350	PKPP01000340	https://www.ebi.ac.uk/ena/browser/view/PKPP01000340																											U36376	https://www.ebi.ac.uk/ena/browser/view/U36376	AF136602	https://www.ebi.ac.uk/ena/browser/view/AF136602	AF112881	https://www.ebi.ac.uk/ena/browser/view/AF112881	GQ420346	https://www.ebi.ac.uk/ena/browser/view/GQ420346	KJ609177	https://www.ebi.ac.uk/ena/browser/view/KJ609177																					AAC49452.1	https://www.ebi.ac.uk/ena/browser/view/AAC49452.1	AAD32648.1	https://www.ebi.ac.uk/ena/browser/view/AAD32648.1	AAD17204.1	https://www.ebi.ac.uk/ena/browser/view/AAD17204.1	ADJ67472.1	https://www.ebi.ac.uk/ena/browser/view/ADJ67472.1	AIC83778.1	https://www.ebi.ac.uk/ena/browser/view/AIC83778.1	PWA94011.1	https://www.ebi.ac.uk/ena/browser/view/PWA94011.1																																																																																				
P52019																													D42048	https://www.ebi.ac.uk/ena/browser/view/D42048	BC042781	https://www.ebi.ac.uk/ena/browser/view/BC042781	BC056361	https://www.ebi.ac.uk/ena/browser/view/BC056361																									BAA07649.1	https://www.ebi.ac.uk/ena/browser/view/BAA07649.1	AAH42781.1	https://www.ebi.ac.uk/ena/browser/view/AAH42781.1	AAH56361.1	https://www.ebi.ac.uk/ena/browser/view/AAH56361.1	NP_033296.1	https://www.ncbi.nlm.nih.gov/protein/NP_033296.1																																													NP_033296.1	NM_009270.3	https://www.ncbi.nlm.nih.gov/protein/NP_033296.1	https://www.ncbi.nlm.nih.gov/nucleotide/NM_009270.3																																								
P52020																													D37920	https://www.ebi.ac.uk/ena/browser/view/D37920	BC097330	https://www.ebi.ac.uk/ena/browser/view/BC097330																											BAA07141.1	https://www.ebi.ac.uk/ena/browser/view/BAA07141.1	AAH97330.1	https://www.ebi.ac.uk/ena/browser/view/AAH97330.1	NP_058832.1	https://www.ncbi.nlm.nih.gov/protein/NP_058832.1																																															NP_058832.1	NM_017136.2	https://www.ncbi.nlm.nih.gov/protein/NP_058832.1	https://www.ncbi.nlm.nih.gov/nucleotide/NM_017136.2																																								
P53798	CH466535	https://www.ebi.ac.uk/ena/browser/view/CH466535																											D29016	https://www.ebi.ac.uk/ena/browser/view/D29016	AK076062	https://www.ebi.ac.uk/ena/browser/view/AK076062	AK146766	https://www.ebi.ac.uk/ena/browser/view/AK146766	AK158633	https://www.ebi.ac.uk/ena/browser/view/AK158633	AK168629	https://www.ebi.ac.uk/ena/browser/view/AK168629	AK169317	https://www.ebi.ac.uk/ena/browser/view/AK169317	BC054722	https://www.ebi.ac.uk/ena/browser/view/BC054722	BC138301	https://www.ebi.ac.uk/ena/browser/view/BC138301	BC138302	https://www.ebi.ac.uk/ena/browser/view/BC138302													BAA06102.1	https://www.ebi.ac.uk/ena/browser/view/BAA06102.1	BAC36156.1	https://www.ebi.ac.uk/ena/browser/view/BAC36156.1	BAE27418.1	https://www.ebi.ac.uk/ena/browser/view/BAE27418.1	BAE34590.1	https://www.ebi.ac.uk/ena/browser/view/BAE34590.1	BAE40489.1	https://www.ebi.ac.uk/ena/browser/view/BAE40489.1	BAE41072.1	https://www.ebi.ac.uk/ena/browser/view/BAE41072.1	EDL36069.1	https://www.ebi.ac.uk/ena/browser/view/EDL36069.1	AAH54722.1	https://www.ebi.ac.uk/ena/browser/view/AAH54722.1	AAI38302.1	https://www.ebi.ac.uk/ena/browser/view/AAI38302.1	AAI38303.1	https://www.ebi.ac.uk/ena/browser/view/AAI38303.1	NP_001347140.1	https://www.ncbi.nlm.nih.gov/protein/NP_001347140.1	NP_034321.2	https://www.ncbi.nlm.nih.gov/protein/NP_034321.2	XP_017171333.1	https://www.ncbi.nlm.nih.gov/protein/XP_017171333.1																											NP_001347140.1	NM_001360211.2	https://www.ncbi.nlm.nih.gov/protein/NP_001347140.1	https://www.ncbi.nlm.nih.gov/nucleotide/NM_001360211.2	NP_034321.2	NM_010191.3	https://www.ncbi.nlm.nih.gov/protein/NP_034321.2	https://www.ncbi.nlm.nih.gov/nucleotide/NM_010191.3	XP_017171333.1	XM_017315844.1	https://www.ncbi.nlm.nih.gov/protein/XP_017171333.1	https://www.ncbi.nlm.nih.gov/nucleotide/XM_017315844.1																																
P62623	AY062212	https://www.ebi.ac.uk/ena/browser/view/AY062212	X54945	https://www.ebi.ac.uk/ena/browser/view/X54945	U00096	https://www.ebi.ac.uk/ena/browser/view/U00096	AP009048	https://www.ebi.ac.uk/ena/browser/view/AP009048																																																			AAL38655.1	https://www.ebi.ac.uk/ena/browser/view/AAL38655.1	CAA38707.1	https://www.ebi.ac.uk/ena/browser/view/CAA38707.1	AAC73140.1	https://www.ebi.ac.uk/ena/browser/view/AAC73140.1	BAB96598.1	https://www.ebi.ac.uk/ena/browser/view/BAB96598.1	NP_414570.1	https://www.ncbi.nlm.nih.gov/protein/NP_414570.1	WP_001166395.1	https://www.ncbi.nlm.nih.gov/protein/WP_001166395.1																																									NP_414570.1	NC_000913.3	https://www.ncbi.nlm.nih.gov/protein/NP_414570.1	https://www.ncbi.nlm.nih.gov/nucleotide/NC_000913.3	WP_001166395.1	NZ_CP009789.1	https://www.ncbi.nlm.nih.gov/protein/WP_001166395.1	https://www.ncbi.nlm.nih.gov/nucleotide/NZ_CP009789.1																																				
P82679																																																																																																																																																										
P84466																													DQ372933	https://www.ebi.ac.uk/ena/browser/view/DQ372933																													ABD24094.1	https://www.ebi.ac.uk/ena/browser/view/ABD24094.1	NP_001040029.1	https://www.ncbi.nlm.nih.gov/protein/NP_001040029.1																																																	NP_001040029.1	NM_001046564.1	https://www.ncbi.nlm.nih.gov/protein/NP_001040029.1	https://www.ncbi.nlm.nih.gov/nucleotide/NM_001046564.1																																								
P9WEQ2																																																																																																																																																										
P9WEW0	JH687382	https://www.ebi.ac.uk/ena/browser/view/JH687382																																																									EIM88705.1	https://www.ebi.ac.uk/ena/browser/view/EIM88705.1	XP_007301467.1	https://www.ncbi.nlm.nih.gov/protein/XP_007301467.1																																																	XP_007301467.1	XM_007301405.1	https://www.ncbi.nlm.nih.gov/protein/XP_007301467.1	https://www.ncbi.nlm.nih.gov/nucleotide/XM_007301405.1																																								
P9WEW1	JH687393	https://www.ebi.ac.uk/ena/browser/view/JH687393																																																									EIM82223.1	https://www.ebi.ac.uk/ena/browser/view/EIM82223.1	XP_007308318.1	https://www.ncbi.nlm.nih.gov/protein/XP_007308318.1																																																	XP_007308318.1	XM_007308256.1	https://www.ncbi.nlm.nih.gov/protein/XP_007308318.1	https://www.ncbi.nlm.nih.gov/nucleotide/XM_007308256.1																																								
P9WEW2	JH687380	https://www.ebi.ac.uk/ena/browser/view/JH687380																																																									EIM91236.1	https://www.ebi.ac.uk/ena/browser/view/EIM91236.1	XP_007299456.1	https://www.ncbi.nlm.nih.gov/protein/XP_007299456.1																																																	XP_007299456.1	XM_007299394.1	https://www.ncbi.nlm.nih.gov/protein/XP_007299456.1	https://www.ncbi.nlm.nih.gov/nucleotide/XM_007299394.1																																								
P9WEW8	AHHD01000387	https://www.ebi.ac.uk/ena/browser/view/AHHD01000387																																																																																																																																																								
P9WEX3																																																																																																																																																										
P9WEX9	JNNZ01000128	https://www.ebi.ac.uk/ena/browser/view/JNNZ01000128																																																									KFG81919.1	https://www.ebi.ac.uk/ena/browser/view/KFG81919.1																																																																																														
Q02769																													M95591	https://www.ebi.ac.uk/ena/browser/view/M95591	BC081810	https://www.ebi.ac.uk/ena/browser/view/BC081810																											AAA42179.1	https://www.ebi.ac.uk/ena/browser/view/AAA42179.1	AAH81810.1	https://www.ebi.ac.uk/ena/browser/view/AAH81810.1	NP_062111.1	https://www.ncbi.nlm.nih.gov/protein/NP_062111.1																																															NP_062111.1	NM_019238.2	https://www.ncbi.nlm.nih.gov/protein/NP_062111.1	https://www.ncbi.nlm.nih.gov/nucleotide/NM_019238.2																																								
Q03471	L05193	https://www.ebi.ac.uk/ena/browser/view/L05193																																																									AAA33694.1	https://www.ebi.ac.uk/ena/browser/view/AAA33694.1																																																																																														
Q08IT1																													AB265170	https://www.ebi.ac.uk/ena/browser/view/AB265170	AB122080	https://www.ebi.ac.uk/ena/browser/view/AB122080	GU183405	https://www.ebi.ac.uk/ena/browser/view/GU183405	JN596111	https://www.ebi.ac.uk/ena/browser/view/JN596111	KJ939266	https://www.ebi.ac.uk/ena/browser/view/KJ939266	KM232664	https://www.ebi.ac.uk/ena/browser/view/KM232664	KM232668	https://www.ebi.ac.uk/ena/browser/view/KM232668																	BAF33291.1	https://www.ebi.ac.uk/ena/browser/view/BAF33291.1	BAD15332.1	https://www.ebi.ac.uk/ena/browser/view/BAD15332.1	ACZ71036.1	https://www.ebi.ac.uk/ena/browser/view/ACZ71036.1	AEO27862.1	https://www.ebi.ac.uk/ena/browser/view/AEO27862.1	AJV26447.1	https://www.ebi.ac.uk/ena/browser/view/AJV26447.1	AJC01927.1	https://www.ebi.ac.uk/ena/browser/view/AJC01927.1	AJC01931.1	https://www.ebi.ac.uk/ena/browser/view/AJC01931.1																																																																																		
Q0JA81	AL731610	https://www.ebi.ac.uk/ena/browser/view/AL731610	AP008210	https://www.ebi.ac.uk/ena/browser/view/AP008210	AP014960	https://www.ebi.ac.uk/ena/browser/view/AP014960	CM000141	https://www.ebi.ac.uk/ena/browser/view/CM000141																					LC033788	https://www.ebi.ac.uk/ena/browser/view/LC033788	DQ823350	https://www.ebi.ac.uk/ena/browser/view/DQ823350																											BAR72396.1	https://www.ebi.ac.uk/ena/browser/view/BAR72396.1	CAE05202.3	https://www.ebi.ac.uk/ena/browser/view/CAE05202.3	BAF15756.2	https://www.ebi.ac.uk/ena/browser/view/BAF15756.2	BAS90963.1	https://www.ebi.ac.uk/ena/browser/view/BAS90963.1	EEE61666.1	https://www.ebi.ac.uk/ena/browser/view/EEE61666.1	ABH10731.1	https://www.ebi.ac.uk/ena/browser/view/ABH10731.1																																																																																				
Q0JF02	AL662933	https://www.ebi.ac.uk/ena/browser/view/AL662933	AP008210	https://www.ebi.ac.uk/ena/browser/view/AP008210	AP014960	https://www.ebi.ac.uk/ena/browser/view/AP014960																							AB066270	https://www.ebi.ac.uk/ena/browser/view/AB066270	AK100631	https://www.ebi.ac.uk/ena/browser/view/AK100631	AK121319	https://www.ebi.ac.uk/ena/browser/view/AK121319																									BAD42451.1	https://www.ebi.ac.uk/ena/browser/view/BAD42451.1	CAE04103.3	https://www.ebi.ac.uk/ena/browser/view/CAE04103.3	BAF14085.1	https://www.ebi.ac.uk/ena/browser/view/BAF14085.1	BAS87948.1	https://www.ebi.ac.uk/ena/browser/view/BAS87948.1																																																																																								
Q14534	AC009908	https://www.ebi.ac.uk/ena/browser/view/AC009908	CH471060	https://www.ebi.ac.uk/ena/browser/view/CH471060	FJ695197	https://www.ebi.ac.uk/ena/browser/view/FJ695197																							D78130	https://www.ebi.ac.uk/ena/browser/view/D78130	AF098865	https://www.ebi.ac.uk/ena/browser/view/AF098865	AK313384	https://www.ebi.ac.uk/ena/browser/view/AK313384	BX647400	https://www.ebi.ac.uk/ena/browser/view/BX647400	BC017033	https://www.ebi.ac.uk/ena/browser/view/BC017033	D78129	https://www.ebi.ac.uk/ena/browser/view/D78129																			BAA22372.1	https://www.ebi.ac.uk/ena/browser/view/BAA22372.1	AAD10823.1	https://www.ebi.ac.uk/ena/browser/view/AAD10823.1	BAG36182.1	https://www.ebi.ac.uk/ena/browser/view/BAG36182.1	EAW92079.1	https://www.ebi.ac.uk/ena/browser/view/EAW92079.1	AAH17033.1	https://www.ebi.ac.uk/ena/browser/view/AAH17033.1	BAA11209.1	https://www.ebi.ac.uk/ena/browser/view/BAA11209.1	NP_003120.2	https://www.ncbi.nlm.nih.gov/protein/NP_003120.2																																							NP_003120.2	NM_003129.4	https://www.ncbi.nlm.nih.gov/protein/NP_003120.2	https://www.ncbi.nlm.nih.gov/nucleotide/NM_003129.4																																								
Q1EG72	CM000786	https://www.ebi.ac.uk/ena/browser/view/CM000786																											AY647254	https://www.ebi.ac.uk/ena/browser/view/AY647254	EU716166	https://www.ebi.ac.uk/ena/browser/view/EU716166																											AAT70086.1	https://www.ebi.ac.uk/ena/browser/view/AAT70086.1	ACF58240.1	https://www.ebi.ac.uk/ena/browser/view/ACF58240.1	AQK40803.1	https://www.ebi.ac.uk/ena/browser/view/AQK40803.1	NP_001307938.1	https://www.ncbi.nlm.nih.gov/protein/NP_001307938.1																																													NP_001307938.1	NM_001321009.1	https://www.ncbi.nlm.nih.gov/protein/NP_001307938.1	https://www.ncbi.nlm.nih.gov/nucleotide/NM_001321009.1																																								
Q1PS23	DQ826743	https://www.ebi.ac.uk/ena/browser/view/DQ826743	PKPP01014078	https://www.ebi.ac.uk/ena/browser/view/PKPP01014078	HM048927	https://www.ebi.ac.uk/ena/browser/view/HM048927	DQ667170	https://www.ebi.ac.uk/ena/browser/view/DQ667170																					DQ268763	https://www.ebi.ac.uk/ena/browser/view/DQ268763	DQ453967	https://www.ebi.ac.uk/ena/browser/view/DQ453967	EF197889	https://www.ebi.ac.uk/ena/browser/view/EF197889	DQ872632	https://www.ebi.ac.uk/ena/browser/view/DQ872632	EU684540	https://www.ebi.ac.uk/ena/browser/view/EU684540	HQ315834	https://www.ebi.ac.uk/ena/browser/view/HQ315834	JN594504	https://www.ebi.ac.uk/ena/browser/view/JN594504	AB706288	https://www.ebi.ac.uk/ena/browser/view/AB706288	JQ254992	https://www.ebi.ac.uk/ena/browser/view/JQ254992	KJ609178	https://www.ebi.ac.uk/ena/browser/view/KJ609178	DQ315671	https://www.ebi.ac.uk/ena/browser/view/DQ315671									ABB82944.1	https://www.ebi.ac.uk/ena/browser/view/ABB82944.1	ABE57266.1	https://www.ebi.ac.uk/ena/browser/view/ABE57266.1	ABG91755.1	https://www.ebi.ac.uk/ena/browser/view/ABG91755.1	ABM88788.1	https://www.ebi.ac.uk/ena/browser/view/ABM88788.1	ABI31728.1	https://www.ebi.ac.uk/ena/browser/view/ABI31728.1	ACF74516.1	https://www.ebi.ac.uk/ena/browser/view/ACF74516.1	ADU25498.1	https://www.ebi.ac.uk/ena/browser/view/ADU25498.1	AFO64615.1	https://www.ebi.ac.uk/ena/browser/view/AFO64615.1	BAM68808.1	https://www.ebi.ac.uk/ena/browser/view/BAM68808.1	AFP19100.1	https://www.ebi.ac.uk/ena/browser/view/AFP19100.1	AIC83779.1	https://www.ebi.ac.uk/ena/browser/view/AIC83779.1	PWA40082.1	https://www.ebi.ac.uk/ena/browser/view/PWA40082.1	ADI24872.1	https://www.ebi.ac.uk/ena/browser/view/ADI24872.1	ABG49365.1	https://www.ebi.ac.uk/ena/browser/view/ABG49365.1	ABC41927.1	https://www.ebi.ac.uk/ena/browser/view/ABC41927.1																																																																		
Q29VN2	CM000781	https://www.ebi.ac.uk/ena/browser/view/CM000781																											AY928081	https://www.ebi.ac.uk/ena/browser/view/AY928081																													AAX99149.1	https://www.ebi.ac.uk/ena/browser/view/AAX99149.1	AQK67958.1	https://www.ebi.ac.uk/ena/browser/view/AQK67958.1	NP_001105854.1	https://www.ncbi.nlm.nih.gov/protein/NP_001105854.1																																															NP_001105854.1	NM_001112384.1	https://www.ncbi.nlm.nih.gov/protein/NP_001105854.1	https://www.ncbi.nlm.nih.gov/nucleotide/NM_001112384.1																																								
Q29VN3	CM007647	https://www.ebi.ac.uk/ena/browser/view/CM007647																											AY928080	https://www.ebi.ac.uk/ena/browser/view/AY928080																													AAX99148.1	https://www.ebi.ac.uk/ena/browser/view/AAX99148.1	ONL98158.1	https://www.ebi.ac.uk/ena/browser/view/ONL98158.1	NP_001105912.1	https://www.ncbi.nlm.nih.gov/protein/NP_001105912.1																																															NP_001105912.1	NM_001112442.1	https://www.ncbi.nlm.nih.gov/protein/NP_001105912.1	https://www.ncbi.nlm.nih.gov/nucleotide/NM_001112442.1																																								
Q2NM15																													AY928078	https://www.ebi.ac.uk/ena/browser/view/AY928078	AY928079	https://www.ebi.ac.uk/ena/browser/view/AY928079																											AAX99146.1	https://www.ebi.ac.uk/ena/browser/view/AAX99146.1	AAX99147.1	https://www.ebi.ac.uk/ena/browser/view/AAX99147.1	NP_001105850.2	https://www.ncbi.nlm.nih.gov/protein/NP_001105850.2																																															NP_001105850.2	NM_001112380.2	https://www.ncbi.nlm.nih.gov/protein/NP_001105850.2	https://www.ncbi.nlm.nih.gov/nucleotide/NM_001112380.2																																								
Q38710	AF326516	https://www.ebi.ac.uk/ena/browser/view/AF326516																											U50768	https://www.ebi.ac.uk/ena/browser/view/U50768																													AAB05407.1	https://www.ebi.ac.uk/ena/browser/view/AAB05407.1	AAK83563.1	https://www.ebi.ac.uk/ena/browser/view/AAK83563.1																																																																																												
Q38802	AC004044	https://www.ebi.ac.uk/ena/browser/view/AC004044	AL161495	https://www.ebi.ac.uk/ena/browser/view/AL161495	CP002687	https://www.ebi.ac.uk/ena/browser/view/CP002687																							U11034	https://www.ebi.ac.uk/ena/browser/view/U11034																													AAA53632.1	https://www.ebi.ac.uk/ena/browser/view/AAA53632.1	AAD15334.1	https://www.ebi.ac.uk/ena/browser/view/AAD15334.1	CAB77763.1	https://www.ebi.ac.uk/ena/browser/view/CAB77763.1	AEE82229.1	https://www.ebi.ac.uk/ena/browser/view/AEE82229.1	NP_192187.1	https://www.ncbi.nlm.nih.gov/protein/NP_192187.1																																											NP_192187.1	NM_116512.2	https://www.ncbi.nlm.nih.gov/protein/NP_192187.1	https://www.ncbi.nlm.nih.gov/nucleotide/NM_116512.2																																								
Q40577																																																											AAA19216.1	https://www.ebi.ac.uk/ena/browser/view/AAA19216.1																																																																																														
Q41771	CM007647	https://www.ebi.ac.uk/ena/browser/view/CM007647																											L37750	https://www.ebi.ac.uk/ena/browser/view/L37750																													AAA73960.1	https://www.ebi.ac.uk/ena/browser/view/AAA73960.1	ONM06422.1	https://www.ebi.ac.uk/ena/browser/view/ONM06422.1	NP_001105329.3	https://www.ncbi.nlm.nih.gov/protein/NP_001105329.3																																															NP_001105329.3	NM_001111859.3	https://www.ncbi.nlm.nih.gov/protein/NP_001105329.3	https://www.ncbi.nlm.nih.gov/nucleotide/NM_001111859.3																																								
Q49SP3	DQ355151	https://www.ebi.ac.uk/ena/browser/view/DQ355151																											AY508730	https://www.ebi.ac.uk/ena/browser/view/AY508730																													AAS86323.1	https://www.ebi.ac.uk/ena/browser/view/AAS86323.1	ABC87816.1	https://www.ebi.ac.uk/ena/browser/view/ABC87816.1																																																																																												
Q4KSH9	AB024024	https://www.ebi.ac.uk/ena/browser/view/AB024024	CP002688	https://www.ebi.ac.uk/ena/browser/view/CP002688																									AY876386	https://www.ebi.ac.uk/ena/browser/view/AY876386	BT030324	https://www.ebi.ac.uk/ena/browser/view/BT030324																											AAX59990.1	https://www.ebi.ac.uk/ena/browser/view/AAX59990.1	BAA98116.1	https://www.ebi.ac.uk/ena/browser/view/BAA98116.1	AED95140.1	https://www.ebi.ac.uk/ena/browser/view/AED95140.1	ABO09887.1	https://www.ebi.ac.uk/ena/browser/view/ABO09887.1	NP_199276.1	https://www.ncbi.nlm.nih.gov/protein/NP_199276.1																																											NP_199276.1	NM_123830.3	https://www.ncbi.nlm.nih.gov/protein/NP_199276.1	https://www.ncbi.nlm.nih.gov/nucleotide/NM_123830.3																																								
Q4U3F6	EU443250	https://www.ebi.ac.uk/ena/browser/view/EU443250																											DQ016668	https://www.ebi.ac.uk/ena/browser/view/DQ016668																													AAY41422.2	https://www.ebi.ac.uk/ena/browser/view/AAY41422.2	ACA33926.1	https://www.ebi.ac.uk/ena/browser/view/ACA33926.1																																																																																												
Q4WBI4	AAHF01000014	https://www.ebi.ac.uk/ena/browser/view/AAHF01000014																																																									EAL84928.1	https://www.ebi.ac.uk/ena/browser/view/EAL84928.1	XP_746966.1	https://www.ncbi.nlm.nih.gov/protein/XP_746966.1																																																	XP_746966.1	XM_741873.1	https://www.ncbi.nlm.nih.gov/protein/XP_746966.1	https://www.ncbi.nlm.nih.gov/nucleotide/XM_741873.1																																								
Q4WR16	AAHF01000005	https://www.ebi.ac.uk/ena/browser/view/AAHF01000005																																																									EAL89318.1	https://www.ebi.ac.uk/ena/browser/view/EAL89318.1	XP_751356.1	https://www.ncbi.nlm.nih.gov/protein/XP_751356.1																																																	XP_751356.1	XM_746263.1	https://www.ncbi.nlm.nih.gov/protein/XP_751356.1	https://www.ncbi.nlm.nih.gov/nucleotide/XM_746263.1																																								
Q50L36																													AB198180	https://www.ebi.ac.uk/ena/browser/view/AB198180																													BAD98243.1	https://www.ebi.ac.uk/ena/browser/view/BAD98243.1																																																																																														
Q55012	HQ292066	https://www.ebi.ac.uk/ena/browser/view/HQ292066																																																									AAA19131.1	https://www.ebi.ac.uk/ena/browser/view/AAA19131.1	ADO85594.1	https://www.ebi.ac.uk/ena/browser/view/ADO85594.1																																																																																												
Q56RZ3	AY742905	https://www.ebi.ac.uk/ena/browser/view/AY742905	JN613320	https://www.ebi.ac.uk/ena/browser/view/JN613320																																																							AAW88514.1	https://www.ebi.ac.uk/ena/browser/view/AAW88514.1	AFO85411.1	https://www.ebi.ac.uk/ena/browser/view/AFO85411.1																																																																																												
Q56RZ7	AY742903	https://www.ebi.ac.uk/ena/browser/view/AY742903																																																									AAW88510.1	https://www.ebi.ac.uk/ena/browser/view/AAW88510.1																																																																																														
Q5AR34	BN001308	https://www.ebi.ac.uk/ena/browser/view/BN001308	AACD01000172	https://www.ebi.ac.uk/ena/browser/view/AACD01000172																																																							CBF87240.1	https://www.ebi.ac.uk/ena/browser/view/CBF87240.1	EAA66313.1	https://www.ebi.ac.uk/ena/browser/view/EAA66313.1	XP_682515.1	https://www.ncbi.nlm.nih.gov/protein/XP_682515.1																																															XP_682515.1	XM_677423.1	https://www.ncbi.nlm.nih.gov/protein/XP_682515.1	https://www.ncbi.nlm.nih.gov/nucleotide/XM_677423.1																																								
Q5ATJ7	BN001305	https://www.ebi.ac.uk/ena/browser/view/BN001305	AACD01000153	https://www.ebi.ac.uk/ena/browser/view/AACD01000153																																																							CBF80428.1	https://www.ebi.ac.uk/ena/browser/view/CBF80428.1	EAA67005.1	https://www.ebi.ac.uk/ena/browser/view/EAA67005.1	XP_681652.1	https://www.ncbi.nlm.nih.gov/protein/XP_681652.1																																															XP_681652.1	XM_676560.1	https://www.ncbi.nlm.nih.gov/protein/XP_681652.1	https://www.ncbi.nlm.nih.gov/nucleotide/XM_676560.1																																								
Q5GJ59	CM007647	https://www.ebi.ac.uk/ena/browser/view/CM007647																											AY518316	https://www.ebi.ac.uk/ena/browser/view/AY518316	EU954571	https://www.ebi.ac.uk/ena/browser/view/EU954571																											AAS88577.1	https://www.ebi.ac.uk/ena/browser/view/AAS88577.1	ONM04668.1	https://www.ebi.ac.uk/ena/browser/view/ONM04668.1	ACG26689.1	https://www.ebi.ac.uk/ena/browser/view/ACG26689.1	NP_001105249.1	https://www.ncbi.nlm.nih.gov/protein/NP_001105249.1																																													NP_001105249.1	NM_001111779.1	https://www.ncbi.nlm.nih.gov/protein/NP_001105249.1	https://www.ncbi.nlm.nih.gov/nucleotide/NM_001111779.1																																								
Q5GJ60	CM000786	https://www.ebi.ac.uk/ena/browser/view/CM000786																											AY647253	https://www.ebi.ac.uk/ena/browser/view/AY647253	AY518315	https://www.ebi.ac.uk/ena/browser/view/AY518315																											AAT70085.1	https://www.ebi.ac.uk/ena/browser/view/AAT70085.1	AAS88576.1	https://www.ebi.ac.uk/ena/browser/view/AAS88576.1	AQK40792.1	https://www.ebi.ac.uk/ena/browser/view/AQK40792.1	AQK40795.1	https://www.ebi.ac.uk/ena/browser/view/AQK40795.1	NP_001105674.1	https://www.ncbi.nlm.nih.gov/protein/NP_001105674.1																																											NP_001105674.1	NM_001112204.1	https://www.ncbi.nlm.nih.gov/protein/NP_001105674.1	https://www.ncbi.nlm.nih.gov/nucleotide/NM_001112204.1																																								
Q5UB07																													AY766248	https://www.ebi.ac.uk/ena/browser/view/AY766248	BT052958	https://www.ebi.ac.uk/ena/browser/view/BT052958																											AAV36465.1	https://www.ebi.ac.uk/ena/browser/view/AAV36465.1	ACJ85620.1	https://www.ebi.ac.uk/ena/browser/view/ACJ85620.1																																																																																												
Q672V6	AY559849	https://www.ebi.ac.uk/ena/browser/view/AY559849																																																									AAT65717.1	https://www.ebi.ac.uk/ena/browser/view/AAT65717.1																																																																																														
Q6JD70																													AY518313	https://www.ebi.ac.uk/ena/browser/view/AY518313																													AAS88574.1	https://www.ebi.ac.uk/ena/browser/view/AAS88574.1																																																																																														
Q6JD73	CM000786	https://www.ebi.ac.uk/ena/browser/view/CM000786																											AY518310	https://www.ebi.ac.uk/ena/browser/view/AY518310																													AAS88571.1	https://www.ebi.ac.uk/ena/browser/view/AAS88571.1	AQK41278.1	https://www.ebi.ac.uk/ena/browser/view/AQK41278.1																																																																																												
Q6USK1																													AY362553	https://www.ebi.ac.uk/ena/browser/view/AY362553																													AAR11765.1	https://www.ebi.ac.uk/ena/browser/view/AAR11765.1																																																																																														
Q6XDB5																													AY237645	https://www.ebi.ac.uk/ena/browser/view/AY237645	BT071578	https://www.ebi.ac.uk/ena/browser/view/BT071578																											AAP72020.1	https://www.ebi.ac.uk/ena/browser/view/AAP72020.1	ACN41031.1	https://www.ebi.ac.uk/ena/browser/view/ACN41031.1																																																																																												
Q84KL3																													AF543530	https://www.ebi.ac.uk/ena/browser/view/AF543530																													AAO61228.1	https://www.ebi.ac.uk/ena/browser/view/AAO61228.1																																																																																														
Q84KL6																													AF543527	https://www.ebi.ac.uk/ena/browser/view/AF543527																													AAO61225.1	https://www.ebi.ac.uk/ena/browser/view/AAO61225.1																																																																																														
Q84LB2	AY805408	https://www.ebi.ac.uk/ena/browser/view/AY805408	AY805409	https://www.ebi.ac.uk/ena/browser/view/AY805409	AY805410	https://www.ebi.ac.uk/ena/browser/view/AY805410	AY805413	https://www.ebi.ac.uk/ena/browser/view/AY805413	AY805414	https://www.ebi.ac.uk/ena/browser/view/AY805414	AY805415	https://www.ebi.ac.uk/ena/browser/view/AY805415	AY805416	https://www.ebi.ac.uk/ena/browser/view/AY805416	AY805417	https://www.ebi.ac.uk/ena/browser/view/AY805417	AY805418	https://www.ebi.ac.uk/ena/browser/view/AY805418	AY805419	https://www.ebi.ac.uk/ena/browser/view/AY805419	DQ901739	https://www.ebi.ac.uk/ena/browser/view/DQ901739							AY182241	https://www.ebi.ac.uk/ena/browser/view/AY182241	AY523409	https://www.ebi.ac.uk/ena/browser/view/AY523409	AY563622	https://www.ebi.ac.uk/ena/browser/view/AY563622	AY787633	https://www.ebi.ac.uk/ena/browser/view/AY787633	AY787634	https://www.ebi.ac.uk/ena/browser/view/AY787634	AY787635	https://www.ebi.ac.uk/ena/browser/view/AY787635	AY787636	https://www.ebi.ac.uk/ena/browser/view/AY787636	AY787638	https://www.ebi.ac.uk/ena/browser/view/AY787638	AY787639	https://www.ebi.ac.uk/ena/browser/view/AY787639	AY787640	https://www.ebi.ac.uk/ena/browser/view/AY787640	AY787641	https://www.ebi.ac.uk/ena/browser/view/AY787641									AAO22848.2	https://www.ebi.ac.uk/ena/browser/view/AAO22848.2	AAS01424.1	https://www.ebi.ac.uk/ena/browser/view/AAS01424.1	AAS68019.1	https://www.ebi.ac.uk/ena/browser/view/AAS68019.1	AAX19772.1	https://www.ebi.ac.uk/ena/browser/view/AAX19772.1	AAX19773.1	https://www.ebi.ac.uk/ena/browser/view/AAX19773.1	AAX19774.1	https://www.ebi.ac.uk/ena/browser/view/AAX19774.1	AAX19775.1	https://www.ebi.ac.uk/ena/browser/view/AAX19775.1	AAX19777.1	https://www.ebi.ac.uk/ena/browser/view/AAX19777.1	AAX19778.1	https://www.ebi.ac.uk/ena/browser/view/AAX19778.1	AAX19779.1	https://www.ebi.ac.uk/ena/browser/view/AAX19779.1	AAX19780.1	https://www.ebi.ac.uk/ena/browser/view/AAX19780.1	AAX21241.1	https://www.ebi.ac.uk/ena/browser/view/AAX21241.1	AAX21242.1	https://www.ebi.ac.uk/ena/browser/view/AAX21242.1	AAX21243.1	https://www.ebi.ac.uk/ena/browser/view/AAX21243.1	AAX21246.1	https://www.ebi.ac.uk/ena/browser/view/AAX21246.1	AAX21247.1	https://www.ebi.ac.uk/ena/browser/view/AAX21247.1	AAX21248.1	https://www.ebi.ac.uk/ena/browser/view/AAX21248.1	AAX21249.1	https://www.ebi.ac.uk/ena/browser/view/AAX21249.1	AAX21250.1	https://www.ebi.ac.uk/ena/browser/view/AAX21250.1	AAX21251.1	https://www.ebi.ac.uk/ena/browser/view/AAX21251.1	AAX21252.1	https://www.ebi.ac.uk/ena/browser/view/AAX21252.1	ABJ90485.1	https://www.ebi.ac.uk/ena/browser/view/ABJ90485.1	NP_001280822.1	https://www.ncbi.nlm.nih.gov/protein/NP_001280822.1							NP_001280822.1	NM_001293893.1	https://www.ncbi.nlm.nih.gov/protein/NP_001280822.1	https://www.ncbi.nlm.nih.gov/nucleotide/NM_001293893.1																																								
Q84ND0																													AY195608	https://www.ebi.ac.uk/ena/browser/view/AY195608																													AAO41726.1	https://www.ebi.ac.uk/ena/browser/view/AAO41726.1																																																																																														
Q84UU4	AB009056	https://www.ebi.ac.uk/ena/browser/view/AB009056	CP002688	https://www.ebi.ac.uk/ena/browser/view/CP002688																									AF497491	https://www.ebi.ac.uk/ena/browser/view/AF497491	AJ544238	https://www.ebi.ac.uk/ena/browser/view/AJ544238																											AAO85539.1	https://www.ebi.ac.uk/ena/browser/view/AAO85539.1	CAD66638.1	https://www.ebi.ac.uk/ena/browser/view/CAD66638.1	BAB08719.1	https://www.ebi.ac.uk/ena/browser/view/BAB08719.1	AED93238.1	https://www.ebi.ac.uk/ena/browser/view/AED93238.1	AED93239.1	https://www.ebi.ac.uk/ena/browser/view/AED93239.1	NP_001190374.1	https://www.ncbi.nlm.nih.gov/protein/NP_001190374.1	NP_197784.2	https://www.ncbi.nlm.nih.gov/protein/NP_197784.2																																							NP_001190374.1	NM_001203445.1	https://www.ncbi.nlm.nih.gov/protein/NP_001190374.1	https://www.ncbi.nlm.nih.gov/nucleotide/NM_001203445.1	NP_197784.2	NM_122301.4	https://www.ncbi.nlm.nih.gov/protein/NP_197784.2	https://www.ncbi.nlm.nih.gov/nucleotide/NM_122301.4																																				
Q84ZW8	CM007648	https://www.ebi.ac.uk/ena/browser/view/CM007648																											AF529266	https://www.ebi.ac.uk/ena/browser/view/AF529266	AF105149	https://www.ebi.ac.uk/ena/browser/view/AF105149																											AAO18435.1	https://www.ebi.ac.uk/ena/browser/view/AAO18435.1	ONM14044.1	https://www.ebi.ac.uk/ena/browser/view/ONM14044.1	AAD34319.1	https://www.ebi.ac.uk/ena/browser/view/AAD34319.1	NP_001105097.2	https://www.ncbi.nlm.nih.gov/protein/NP_001105097.2																																													NP_001105097.2	NM_001111627.2	https://www.ncbi.nlm.nih.gov/protein/NP_001105097.2	https://www.ncbi.nlm.nih.gov/nucleotide/NM_001111627.2																																								
Q8BLN5																													AK044016	https://www.ebi.ac.uk/ena/browser/view/AK044016	AK078023	https://www.ebi.ac.uk/ena/browser/view/AK078023	BC029082	https://www.ebi.ac.uk/ena/browser/view/BC029082																									BAC31739.1	https://www.ebi.ac.uk/ena/browser/view/BAC31739.1	BAC37102.1	https://www.ebi.ac.uk/ena/browser/view/BAC37102.1	AAH29082.1	https://www.ebi.ac.uk/ena/browser/view/AAH29082.1	NP_666118.1	https://www.ncbi.nlm.nih.gov/protein/NP_666118.1																																													NP_666118.1	NM_146006.2	https://www.ncbi.nlm.nih.gov/protein/NP_666118.1	https://www.ncbi.nlm.nih.gov/nucleotide/NM_146006.2																																								
Q8GUE4																													AJ457070	https://www.ebi.ac.uk/ena/browser/view/AJ457070																													CAD29734.2	https://www.ebi.ac.uk/ena/browser/view/CAD29734.2																																																																																														
Q8VQF6	AF456128	https://www.ebi.ac.uk/ena/browser/view/AF456128																																																									AAL57614.1	https://www.ebi.ac.uk/ena/browser/view/AAL57614.1																																																																																														
Q8VZQ2	AC003970	https://www.ebi.ac.uk/ena/browser/view/AC003970	CP002684	https://www.ebi.ac.uk/ena/browser/view/CP002684																									AY519552	https://www.ebi.ac.uk/ena/browser/view/AY519552	AY063939	https://www.ebi.ac.uk/ena/browser/view/AY063939	AY096523	https://www.ebi.ac.uk/ena/browser/view/AY096523	AF062896	https://www.ebi.ac.uk/ena/browser/view/AF062896																							AAS10022.1	https://www.ebi.ac.uk/ena/browser/view/AAS10022.1	AAC33214.1	https://www.ebi.ac.uk/ena/browser/view/AAC33214.1	AEE28459.1	https://www.ebi.ac.uk/ena/browser/view/AEE28459.1	AAL36295.1	https://www.ebi.ac.uk/ena/browser/view/AAL36295.1	AAM20173.1	https://www.ebi.ac.uk/ena/browser/view/AAM20173.1	AAC83618.1	https://www.ebi.ac.uk/ena/browser/view/AAC83618.1	NP_172425.2	https://www.ncbi.nlm.nih.gov/protein/NP_172425.2																																							NP_172425.2	NM_100825.5	https://www.ncbi.nlm.nih.gov/protein/NP_172425.2	https://www.ncbi.nlm.nih.gov/nucleotide/NM_100825.5																																								
Q92206	D88252	https://www.ebi.ac.uk/ena/browser/view/D88252	U69674	https://www.ebi.ac.uk/ena/browser/view/U69674	CP017623	https://www.ebi.ac.uk/ena/browser/view/CP017623																																																					BAA13565.1	https://www.ebi.ac.uk/ena/browser/view/BAA13565.1	AAC49715.1	https://www.ebi.ac.uk/ena/browser/view/AAC49715.1	AOW26497.1	https://www.ebi.ac.uk/ena/browser/view/AOW26497.1	XP_711894.1	https://www.ncbi.nlm.nih.gov/protein/XP_711894.1																																													XP_711894.1	XM_706801.1	https://www.ncbi.nlm.nih.gov/protein/XP_711894.1	https://www.ncbi.nlm.nih.gov/nucleotide/XM_706801.1																																								
Q93YV0	AC002294	https://www.ebi.ac.uk/ena/browser/view/AC002294	CP002684	https://www.ebi.ac.uk/ena/browser/view/CP002684																									AF497492	https://www.ebi.ac.uk/ena/browser/view/AF497492	AY059757	https://www.ebi.ac.uk/ena/browser/view/AY059757	BT001960	https://www.ebi.ac.uk/ena/browser/view/BT001960																									AAO85540.1	https://www.ebi.ac.uk/ena/browser/view/AAO85540.1	AAB71482.1	https://www.ebi.ac.uk/ena/browser/view/AAB71482.1	AEE33784.1	https://www.ebi.ac.uk/ena/browser/view/AEE33784.1	AAL24105.1	https://www.ebi.ac.uk/ena/browser/view/AAL24105.1	AAN71959.1	https://www.ebi.ac.uk/ena/browser/view/AAN71959.1	NP_564772.1	https://www.ncbi.nlm.nih.gov/protein/NP_564772.1																																									NP_564772.1	NM_104793.3	https://www.ncbi.nlm.nih.gov/protein/NP_564772.1	https://www.ncbi.nlm.nih.gov/nucleotide/NM_104793.3																																								
Q94FM7																													AF368376	https://www.ebi.ac.uk/ena/browser/view/AF368376																													AAK62342.2	https://www.ebi.ac.uk/ena/browser/view/AAK62342.2	NP_001311564.1	https://www.ncbi.nlm.nih.gov/protein/NP_001311564.1																																																	NP_001311564.1	NM_001324635.1	https://www.ncbi.nlm.nih.gov/protein/NP_001311564.1	https://www.ncbi.nlm.nih.gov/nucleotide/NM_001324635.1																																								
Q9AJE3	AB048795	https://www.ebi.ac.uk/ena/browser/view/AB048795																																																									BAB39207.1	https://www.ebi.ac.uk/ena/browser/view/BAB39207.1	WP_043911627.1	https://www.ncbi.nlm.nih.gov/protein/WP_043911627.1																																																	WP_043911627.1	NZ_JXZB01000002.1	https://www.ncbi.nlm.nih.gov/protein/WP_043911627.1	https://www.ncbi.nlm.nih.gov/nucleotide/NZ_JXZB01000002.1																																								
Q9AR04	AF327527	https://www.ebi.ac.uk/ena/browser/view/AF327527	FJ432667	https://www.ebi.ac.uk/ena/browser/view/FJ432667	LC106014	https://www.ebi.ac.uk/ena/browser/view/LC106014	PKPP01006435	https://www.ebi.ac.uk/ena/browser/view/PKPP01006435	FJ613423	https://www.ebi.ac.uk/ena/browser/view/FJ613423																			AF138959	https://www.ebi.ac.uk/ena/browser/view/AF138959	AF327526	https://www.ebi.ac.uk/ena/browser/view/AF327526	AJ251751	https://www.ebi.ac.uk/ena/browser/view/AJ251751	AY006482	https://www.ebi.ac.uk/ena/browser/view/AY006482	DQ241826	https://www.ebi.ac.uk/ena/browser/view/DQ241826	EF197888	https://www.ebi.ac.uk/ena/browser/view/EF197888	HQ315833	https://www.ebi.ac.uk/ena/browser/view/HQ315833	JQ319661	https://www.ebi.ac.uk/ena/browser/view/JQ319661	KJ609176	https://www.ebi.ac.uk/ena/browser/view/KJ609176	KR445687	https://www.ebi.ac.uk/ena/browser/view/KR445687											AAF61439.1	https://www.ebi.ac.uk/ena/browser/view/AAF61439.1	AAK15697.1	https://www.ebi.ac.uk/ena/browser/view/AAK15697.1	AAK15696.1	https://www.ebi.ac.uk/ena/browser/view/AAK15696.1	CAB94691.1	https://www.ebi.ac.uk/ena/browser/view/CAB94691.1	AAF98444.1	https://www.ebi.ac.uk/ena/browser/view/AAF98444.1	ABB51572.1	https://www.ebi.ac.uk/ena/browser/view/ABB51572.1	ABM88787.1	https://www.ebi.ac.uk/ena/browser/view/ABM88787.1	ACL15394.1	https://www.ebi.ac.uk/ena/browser/view/ACL15394.1	ADU25497.1	https://www.ebi.ac.uk/ena/browser/view/ADU25497.1	AFA34434.1	https://www.ebi.ac.uk/ena/browser/view/AFA34434.1	AIC83777.1	https://www.ebi.ac.uk/ena/browser/view/AIC83777.1	ALJ03212.1	https://www.ebi.ac.uk/ena/browser/view/ALJ03212.1	BAW34953.1	https://www.ebi.ac.uk/ena/browser/view/BAW34953.1	PWA56512.1	https://www.ebi.ac.uk/ena/browser/view/PWA56512.1	ACM80358.1	https://www.ebi.ac.uk/ena/browser/view/ACM80358.1																																																																		
Q9C1W3	CU329671	https://www.ebi.ac.uk/ena/browser/view/CU329671																																																									CAC22613.1	https://www.ebi.ac.uk/ena/browser/view/CAC22613.1	NP_595351.1	https://www.ncbi.nlm.nih.gov/protein/NP_595351.1																																																	NP_595351.1	NM_001021259.2	https://www.ncbi.nlm.nih.gov/protein/NP_595351.1	https://www.ncbi.nlm.nih.gov/nucleotide/NM_001021259.2																																								
Q9C446	HM171111	https://www.ebi.ac.uk/ena/browser/view/HM171111																																																									AAK11531.1	https://www.ebi.ac.uk/ena/browser/view/AAK11531.1																																																																																														
Q9C5M3	AC002986	https://www.ebi.ac.uk/ena/browser/view/AC002986	CP002684	https://www.ebi.ac.uk/ena/browser/view/CP002684																									U49919	https://www.ebi.ac.uk/ena/browser/view/U49919	U87266	https://www.ebi.ac.uk/ena/browser/view/U87266	AF360147	https://www.ebi.ac.uk/ena/browser/view/AF360147	AY052358	https://www.ebi.ac.uk/ena/browser/view/AY052358	AY142678	https://www.ebi.ac.uk/ena/browser/view/AY142678																					AAD05032.1	https://www.ebi.ac.uk/ena/browser/view/AAD05032.1	AAB94341.1	https://www.ebi.ac.uk/ena/browser/view/AAB94341.1	AAC17055.1	https://www.ebi.ac.uk/ena/browser/view/AAC17055.1	AEE36186.1	https://www.ebi.ac.uk/ena/browser/view/AEE36186.1	AEE36187.1	https://www.ebi.ac.uk/ena/browser/view/AEE36187.1	ANM58606.1	https://www.ebi.ac.uk/ena/browser/view/ANM58606.1	AAK25857.1	https://www.ebi.ac.uk/ena/browser/view/AAK25857.1	AAK96549.1	https://www.ebi.ac.uk/ena/browser/view/AAK96549.1	AAN13216.1	https://www.ebi.ac.uk/ena/browser/view/AAN13216.1	NP_001321029.1	https://www.ncbi.nlm.nih.gov/protein/NP_001321029.1	NP_178018.1	https://www.ncbi.nlm.nih.gov/protein/NP_178018.1	NP_849903.1	https://www.ncbi.nlm.nih.gov/protein/NP_849903.1																													NP_001321029.1	NM_001334865.1	https://www.ncbi.nlm.nih.gov/protein/NP_001321029.1	https://www.ncbi.nlm.nih.gov/nucleotide/NM_001334865.1	NP_178018.1	NM_106546.3	https://www.ncbi.nlm.nih.gov/protein/NP_178018.1	https://www.ncbi.nlm.nih.gov/nucleotide/NM_106546.3	NP_849903.1	NM_179572.2	https://www.ncbi.nlm.nih.gov/protein/NP_849903.1	https://www.ncbi.nlm.nih.gov/nucleotide/NM_179572.2																																
Q9FI37	AB017064	https://www.ebi.ac.uk/ena/browser/view/AB017064	CP002688	https://www.ebi.ac.uk/ena/browser/view/CP002688																									AY327541	https://www.ebi.ac.uk/ena/browser/view/AY327541	AK227776	https://www.ebi.ac.uk/ena/browser/view/AK227776																											AAP92117.1	https://www.ebi.ac.uk/ena/browser/view/AAP92117.1	BAB11065.1	https://www.ebi.ac.uk/ena/browser/view/BAB11065.1	AED95609.1	https://www.ebi.ac.uk/ena/browser/view/AED95609.1	AED95610.1	https://www.ebi.ac.uk/ena/browser/view/AED95610.1	BAE99758.1	https://www.ebi.ac.uk/ena/browser/view/BAE99758.1	NP_001078733.1	https://www.ncbi.nlm.nih.gov/protein/NP_001078733.1	NP_199612.3	https://www.ncbi.nlm.nih.gov/protein/NP_199612.3																																							NP_001078733.1	NM_001085264.2	https://www.ncbi.nlm.nih.gov/protein/NP_001078733.1	https://www.ncbi.nlm.nih.gov/nucleotide/NM_001085264.2	NP_199612.3	NM_124175.4	https://www.ncbi.nlm.nih.gov/protein/NP_199612.3	https://www.ncbi.nlm.nih.gov/nucleotide/NM_124175.4																																				
Q9FT37	JAHRHJ020000010	https://www.ebi.ac.uk/ena/browser/view/JAHRHJ020000010																											AY007207	https://www.ebi.ac.uk/ena/browser/view/AY007207																													AAG02257.1	https://www.ebi.ac.uk/ena/browser/view/AAG02257.1	KAH9297158.1	https://www.ebi.ac.uk/ena/browser/view/KAH9297158.1																																																																																												
Q9I2A0	AE004091	https://www.ebi.ac.uk/ena/browser/view/AE004091																																																									AAG05399.1	https://www.ebi.ac.uk/ena/browser/view/AAG05399.1	NP_250701.1	https://www.ncbi.nlm.nih.gov/protein/NP_250701.1	WP_003088593.1	https://www.ncbi.nlm.nih.gov/protein/WP_003088593.1																																															NP_250701.1	NC_002516.2	https://www.ncbi.nlm.nih.gov/protein/NP_250701.1	https://www.ncbi.nlm.nih.gov/nucleotide/NC_002516.2	WP_003088593.1	NC_002516.2	https://www.ncbi.nlm.nih.gov/protein/WP_003088593.1	https://www.ncbi.nlm.nih.gov/nucleotide/NC_002516.2																																				
Q9K498	AL939123	https://www.ebi.ac.uk/ena/browser/view/AL939123																																																									CAB94608.1	https://www.ebi.ac.uk/ena/browser/view/CAB94608.1	WP_011030120.1	https://www.ncbi.nlm.nih.gov/protein/WP_011030120.1																																																	WP_011030120.1	NC_003888.3	https://www.ncbi.nlm.nih.gov/protein/WP_011030120.1	https://www.ncbi.nlm.nih.gov/nucleotide/NC_003888.3																																								
Q9LRZ6	AB028607	https://www.ebi.ac.uk/ena/browser/view/AB028607	CP002686	https://www.ebi.ac.uk/ena/browser/view/CP002686																									AF497484	https://www.ebi.ac.uk/ena/browser/view/AF497484	BT053763	https://www.ebi.ac.uk/ena/browser/view/BT053763																											AAO85532.1	https://www.ebi.ac.uk/ena/browser/view/AAO85532.1	BAA95770.1	https://www.ebi.ac.uk/ena/browser/view/BAA95770.1	AEE77072.1	https://www.ebi.ac.uk/ena/browser/view/AEE77072.1	ACL13990.1	https://www.ebi.ac.uk/ena/browser/view/ACL13990.1	NP_189209.2	https://www.ncbi.nlm.nih.gov/protein/NP_189209.2																																											NP_189209.2	NM_113482.5	https://www.ncbi.nlm.nih.gov/protein/NP_189209.2	https://www.ncbi.nlm.nih.gov/nucleotide/NM_113482.5																																								
Q9LSF8	AB026647	https://www.ebi.ac.uk/ena/browser/view/AB026647	CP002686	https://www.ebi.ac.uk/ena/browser/view/CP002686																									BX822302	https://www.ebi.ac.uk/ena/browser/view/BX822302	BX822752	https://www.ebi.ac.uk/ena/browser/view/BX822752																											BAB02077.1	https://www.ebi.ac.uk/ena/browser/view/BAB02077.1	AEE76989.1	https://www.ebi.ac.uk/ena/browser/view/AEE76989.1	AEE76990.1	https://www.ebi.ac.uk/ena/browser/view/AEE76990.1	NP_189154.1	https://www.ncbi.nlm.nih.gov/protein/NP_189154.1	NP_974359.1	https://www.ncbi.nlm.nih.gov/protein/NP_974359.1																																											NP_189154.1	NM_113423.4	https://www.ncbi.nlm.nih.gov/protein/NP_189154.1	https://www.ncbi.nlm.nih.gov/nucleotide/NM_113423.4	NP_974359.1	NM_202630.2	https://www.ncbi.nlm.nih.gov/protein/NP_974359.1	https://www.ncbi.nlm.nih.gov/nucleotide/NM_202630.2																																				
Q9M9E1	AC013453	https://www.ebi.ac.uk/ena/browser/view/AC013453	CP002684	https://www.ebi.ac.uk/ena/browser/view/CP002684	BK001011	https://www.ebi.ac.uk/ena/browser/view/BK001011																																																					AAF71978.1	https://www.ebi.ac.uk/ena/browser/view/AAF71978.1	AEE29332.1	https://www.ebi.ac.uk/ena/browser/view/AEE29332.1	DAA00880.1	https://www.ebi.ac.uk/ena/browser/view/DAA00880.1	NP_173005.1	https://www.ncbi.nlm.nih.gov/protein/NP_173005.1																																													NP_173005.1	NM_101421.3	https://www.ncbi.nlm.nih.gov/protein/NP_173005.1	https://www.ncbi.nlm.nih.gov/nucleotide/NM_101421.3																																								
Q9RA05	AJ006869	https://www.ebi.ac.uk/ena/browser/view/AJ006869	AJ272366	https://www.ebi.ac.uk/ena/browser/view/AJ272366																																																							CAB54559.1	https://www.ebi.ac.uk/ena/browser/view/CAB54559.1	CAC20856.1	https://www.ebi.ac.uk/ena/browser/view/CAC20856.1																																																																																												
Q9SAK2	AC007202	https://www.ebi.ac.uk/ena/browser/view/AC007202	CP002684	https://www.ebi.ac.uk/ena/browser/view/CP002684																									AF034774	https://www.ebi.ac.uk/ena/browser/view/AF034774	AK176061	https://www.ebi.ac.uk/ena/browser/view/AK176061																											AAC39443.1	https://www.ebi.ac.uk/ena/browser/view/AAC39443.1	AAD30231.1	https://www.ebi.ac.uk/ena/browser/view/AAD30231.1	AEE36246.1	https://www.ebi.ac.uk/ena/browser/view/AEE36246.1	BAD43824.1	https://www.ebi.ac.uk/ena/browser/view/BAD43824.1	NP_178064.1	https://www.ncbi.nlm.nih.gov/protein/NP_178064.1																																											NP_178064.1	NM_106594.4	https://www.ncbi.nlm.nih.gov/protein/NP_178064.1	https://www.ncbi.nlm.nih.gov/nucleotide/NM_106594.4																																								
Q9SM02	AB077822	https://www.ebi.ac.uk/ena/browser/view/AB077822	AC082643	https://www.ebi.ac.uk/ena/browser/view/AC082643	CP002684	https://www.ebi.ac.uk/ena/browser/view/CP002684	JN389445	https://www.ebi.ac.uk/ena/browser/view/JN389445																					AB008021	https://www.ebi.ac.uk/ena/browser/view/AB008021	AY099643	https://www.ebi.ac.uk/ena/browser/view/AY099643	BT000239	https://www.ebi.ac.uk/ena/browser/view/BT000239																									BAA88268.1	https://www.ebi.ac.uk/ena/browser/view/BAA88268.1	BAB83875.1	https://www.ebi.ac.uk/ena/browser/view/BAB83875.1	AAG50645.1	https://www.ebi.ac.uk/ena/browser/view/AAG50645.1	AEE33549.1	https://www.ebi.ac.uk/ena/browser/view/AEE33549.1	AEM36345.1	https://www.ebi.ac.uk/ena/browser/view/AEM36345.1	AAM20494.1	https://www.ebi.ac.uk/ena/browser/view/AAM20494.1	AAN15558.1	https://www.ebi.ac.uk/ena/browser/view/AAN15558.1	NP_564734.1	https://www.ncbi.nlm.nih.gov/protein/NP_564734.1																																					NP_564734.1	NM_104624.4	https://www.ncbi.nlm.nih.gov/protein/NP_564734.1	https://www.ncbi.nlm.nih.gov/nucleotide/NM_104624.4																																								
Q9T0J9	AL049608	https://www.ebi.ac.uk/ena/browser/view/AL049608	AL161536	https://www.ebi.ac.uk/ena/browser/view/AL161536	CP002687	https://www.ebi.ac.uk/ena/browser/view/CP002687																																																					CAB40763.1	https://www.ebi.ac.uk/ena/browser/view/CAB40763.1	CAB78370.1	https://www.ebi.ac.uk/ena/browser/view/CAB78370.1	AEE83258.1	https://www.ebi.ac.uk/ena/browser/view/AEE83258.1	ANM66087.1	https://www.ebi.ac.uk/ena/browser/view/ANM66087.1	NP_001328007.1	https://www.ncbi.nlm.nih.gov/protein/NP_001328007.1	NP_193064.2	https://www.ncbi.nlm.nih.gov/protein/NP_193064.2																																									NP_001328007.1	NM_001340846.1	https://www.ncbi.nlm.nih.gov/protein/NP_001328007.1	https://www.ncbi.nlm.nih.gov/nucleotide/NM_001340846.1	NP_193064.2	NM_117401.2	https://www.ncbi.nlm.nih.gov/protein/NP_193064.2	https://www.ncbi.nlm.nih.gov/nucleotide/NM_117401.2																																				
Q9T0K1	AL049608	https://www.ebi.ac.uk/ena/browser/view/AL049608	AL161536	https://www.ebi.ac.uk/ena/browser/view/AL161536	CP002687	https://www.ebi.ac.uk/ena/browser/view/CP002687																																																					CAB40765.1	https://www.ebi.ac.uk/ena/browser/view/CAB40765.1	CAB78372.1	https://www.ebi.ac.uk/ena/browser/view/CAB78372.1	AEE83260.1	https://www.ebi.ac.uk/ena/browser/view/AEE83260.1	NP_193066.4	https://www.ncbi.nlm.nih.gov/protein/NP_193066.4																																													NP_193066.4	NM_117403.5	https://www.ncbi.nlm.nih.gov/protein/NP_193066.4	https://www.ncbi.nlm.nih.gov/nucleotide/NM_117403.5																																								
Q9X839	AL939126	https://www.ebi.ac.uk/ena/browser/view/AL939126																																																									CAB41566.1	https://www.ebi.ac.uk/ena/browser/view/CAB41566.1	WP_011030632.1	https://www.ncbi.nlm.nih.gov/protein/WP_011030632.1																																																	WP_011030632.1	NC_003888.3	https://www.ncbi.nlm.nih.gov/protein/WP_011030632.1	https://www.ncbi.nlm.nih.gov/nucleotide/NC_003888.3																																								
Q9ZUH4	AC005967	https://www.ebi.ac.uk/ena/browser/view/AC005967	CP002685	https://www.ebi.ac.uk/ena/browser/view/CP002685																									BT033153	https://www.ebi.ac.uk/ena/browser/view/BT033153	AF178535	https://www.ebi.ac.uk/ena/browser/view/AF178535																											AAD03382.1	https://www.ebi.ac.uk/ena/browser/view/AAD03382.1	AEC07543.1	https://www.ebi.ac.uk/ena/browser/view/AEC07543.1	ACF41947.1	https://www.ebi.ac.uk/ena/browser/view/ACF41947.1	AAG09310.1	https://www.ebi.ac.uk/ena/browser/view/AAG09310.1	NP_179998.1	https://www.ncbi.nlm.nih.gov/protein/NP_179998.1																																											NP_179998.1	NM_127982.4	https://www.ncbi.nlm.nih.gov/protein/NP_179998.1	https://www.ncbi.nlm.nih.gov/nucleotide/NM_127982.4																																								
R4YXW8																													HE985293	https://www.ebi.ac.uk/ena/browser/view/HE985293																													CCM43928.1	https://www.ebi.ac.uk/ena/browser/view/CCM43928.1																																																																																														
R4YZC3																													HE985294	https://www.ebi.ac.uk/ena/browser/view/HE985294																													CCM43929.1	https://www.ebi.ac.uk/ena/browser/view/CCM43929.1																																																																																														
R9QMQ9																													JQ240293	https://www.ebi.ac.uk/ena/browser/view/JQ240293																													AFU73845.1	https://www.ebi.ac.uk/ena/browser/view/AFU73845.1																																																																																														
R9QMR0																													JQ240291	https://www.ebi.ac.uk/ena/browser/view/JQ240291																													AFU73843.1	https://www.ebi.ac.uk/ena/browser/view/AFU73843.1																																																																																														
R9QMR3																													JQ240303	https://www.ebi.ac.uk/ena/browser/view/JQ240303																													AFU73855.1	https://www.ebi.ac.uk/ena/browser/view/AFU73855.1																																																																																														
R9QMR5																													JQ240308	https://www.ebi.ac.uk/ena/browser/view/JQ240308																													AFU73860.1	https://www.ebi.ac.uk/ena/browser/view/AFU73860.1																																																																																														
R9QMW1																													JQ240290	https://www.ebi.ac.uk/ena/browser/view/JQ240290																													AFU73842.1	https://www.ebi.ac.uk/ena/browser/view/AFU73842.1																																																																																														
R9QMW5																													JQ240292	https://www.ebi.ac.uk/ena/browser/view/JQ240292																													AFU73844.1	https://www.ebi.ac.uk/ena/browser/view/AFU73844.1																																																																																														
R9QMY8																													JQ240299	https://www.ebi.ac.uk/ena/browser/view/JQ240299																													AFU73851.1	https://www.ebi.ac.uk/ena/browser/view/AFU73851.1																																																																																														
R9QMY9																													JQ240304	https://www.ebi.ac.uk/ena/browser/view/JQ240304																													AFU73856.1	https://www.ebi.ac.uk/ena/browser/view/AFU73856.1																																																																																														
R9QMZ0																													JQ240309	https://www.ebi.ac.uk/ena/browser/view/JQ240309																													AFU73861.1	https://www.ebi.ac.uk/ena/browser/view/AFU73861.1																																																																																														
T1RR71																													JX501512	https://www.ebi.ac.uk/ena/browser/view/JX501512																													AGN72799.1	https://www.ebi.ac.uk/ena/browser/view/AGN72799.1																																																																																														
T1RR72																													JX501517	https://www.ebi.ac.uk/ena/browser/view/JX501517																													AGN72804.1	https://www.ebi.ac.uk/ena/browser/view/AGN72804.1																																																																																														
T1RRI5																													JX501513	https://www.ebi.ac.uk/ena/browser/view/JX501513																													AGN72800.1	https://www.ebi.ac.uk/ena/browser/view/AGN72800.1																																																																																														
T1RRI8																													JX501518	https://www.ebi.ac.uk/ena/browser/view/JX501518																													AGN72805.1	https://www.ebi.ac.uk/ena/browser/view/AGN72805.1																																																																																														
T1RRJ4																													JX501514	https://www.ebi.ac.uk/ena/browser/view/JX501514																													AGN72801.1	https://www.ebi.ac.uk/ena/browser/view/AGN72801.1																																																																																														
T1RRJ6																													JX501519	https://www.ebi.ac.uk/ena/browser/view/JX501519																													AGN72806.1	https://www.ebi.ac.uk/ena/browser/view/AGN72806.1																																																																																														
T1RRL8																													JX501515	https://www.ebi.ac.uk/ena/browser/view/JX501515																													AGN72802.1	https://www.ebi.ac.uk/ena/browser/view/AGN72802.1																																																																																														
T1RRR9																													JX501511	https://www.ebi.ac.uk/ena/browser/view/JX501511																													AGN72798.1	https://www.ebi.ac.uk/ena/browser/view/AGN72798.1																																																																																														
T1RRS0																													JX501516	https://www.ebi.ac.uk/ena/browser/view/JX501516																													AGN72803.1	https://www.ebi.ac.uk/ena/browser/view/AGN72803.1																																																																																														
U5PZT6																													KF358246	https://www.ebi.ac.uk/ena/browser/view/KF358246																													AGY49283.1	https://www.ebi.ac.uk/ena/browser/view/AGY49283.1																																																																																														
W6HUT3																													KF765488	https://www.ebi.ac.uk/ena/browser/view/KF765488																													AHJ57305.1	https://www.ebi.ac.uk/ena/browser/view/AHJ57305.1																																																																																														
W6Q4Q9	HG792016	https://www.ebi.ac.uk/ena/browser/view/HG792016																																																									CDM31315.1	https://www.ebi.ac.uk/ena/browser/view/CDM31315.1																																																																																														
W8X092	HG916765	https://www.ebi.ac.uk/ena/browser/view/HG916765																																																									CDM25289.1	https://www.ebi.ac.uk/ena/browser/view/CDM25289.1	WP_043683942.1	https://www.ncbi.nlm.nih.gov/protein/WP_043683942.1																																																	WP_043683942.1	NZ_HG916765.1	https://www.ncbi.nlm.nih.gov/protein/WP_043683942.1	https://www.ncbi.nlm.nih.gov/nucleotide/NZ_HG916765.1																																								
W8X9R6	HG916765	https://www.ebi.ac.uk/ena/browser/view/HG916765																																																									CDM25290.1	https://www.ebi.ac.uk/ena/browser/view/CDM25290.1	WP_043683945.1	https://www.ncbi.nlm.nih.gov/protein/WP_043683945.1																																																	WP_043683945.1	NZ_HG916765.1	https://www.ncbi.nlm.nih.gov/protein/WP_043683945.1	https://www.ncbi.nlm.nih.gov/nucleotide/NZ_HG916765.1																																								
A0A060KY90	CM001071	https://www.ebi.ac.uk/ena/browser/view/CM001071																											KF430611	https://www.ebi.ac.uk/ena/browser/view/KF430611																													AIC63945.1	https://www.ebi.ac.uk/ena/browser/view/AIC63945.1	NP_001288107.1	https://www.ncbi.nlm.nih.gov/protein/NP_001288107.1																																																	NP_001288107.1	NM_001301178.2	https://www.ncbi.nlm.nih.gov/protein/NP_001288107.1	https://www.ncbi.nlm.nih.gov/nucleotide/NM_001301178.2																																								
A0A067Z9B6	AAHF01000014	https://www.ebi.ac.uk/ena/browser/view/AAHF01000014																											KJ187001	https://www.ebi.ac.uk/ena/browser/view/KJ187001																													AHL19974.1	https://www.ebi.ac.uk/ena/browser/view/AHL19974.1	EAL85127.1	https://www.ebi.ac.uk/ena/browser/view/EAL85127.1	EAL85126.1	https://www.ebi.ac.uk/ena/browser/view/EAL85126.1	XP_747164.1	https://www.ncbi.nlm.nih.gov/protein/XP_747164.1	XP_747165.1	https://www.ncbi.nlm.nih.gov/protein/XP_747165.1																																											XP_747164.1	XM_742071.1	https://www.ncbi.nlm.nih.gov/protein/XP_747164.1	https://www.ncbi.nlm.nih.gov/nucleotide/XM_742071.1	XP_747165.1	XM_742072.1	https://www.ncbi.nlm.nih.gov/protein/XP_747165.1	https://www.ncbi.nlm.nih.gov/nucleotide/XM_742072.1																																				
A0A098D1J7	HG970332	https://www.ebi.ac.uk/ena/browser/view/HG970332																																																									CEF71826.1	https://www.ebi.ac.uk/ena/browser/view/CEF71826.1																																																																																														
A0A0A6ZFR4	JX898529	https://www.ebi.ac.uk/ena/browser/view/JX898529																																																									AGR44631.1	https://www.ebi.ac.uk/ena/browser/view/AGR44631.1																																																																																														
A0A0D5ZDC8																													KM401918	https://www.ebi.ac.uk/ena/browser/view/KM401918																													AKA44586.1	https://www.ebi.ac.uk/ena/browser/view/AKA44586.1																																																																																														
A0A0E0SP71	HG970334	https://www.ebi.ac.uk/ena/browser/view/HG970334																																																									CEF88234.1	https://www.ebi.ac.uk/ena/browser/view/CEF88234.1																																																																																														
A0A0E3D8K9	KC963408	https://www.ebi.ac.uk/ena/browser/view/KC963408																																																									AGZ20188.1	https://www.ebi.ac.uk/ena/browser/view/AGZ20188.1																																																																																														
A0A0E3D8P0	KF280651	https://www.ebi.ac.uk/ena/browser/view/KF280651																																																									AGZ20476.1	https://www.ebi.ac.uk/ena/browser/view/AGZ20476.1																																																																																														
A0A0F7U103	CDHK01000010	https://www.ebi.ac.uk/ena/browser/view/CDHK01000010																																																									CEJ61321.1	https://www.ebi.ac.uk/ena/browser/view/CEJ61321.1	CEJ61320.1	https://www.ebi.ac.uk/ena/browser/view/CEJ61320.1																																																																																												
A0A0P0ZEM1	LC073704	https://www.ebi.ac.uk/ena/browser/view/LC073704																																																									BAT32889.1	https://www.ebi.ac.uk/ena/browser/view/BAT32889.1																																																																																														
A0A0U4ZX08	CDMC01000002	https://www.ebi.ac.uk/ena/browser/view/CDMC01000002																																																									CEN60541.1	https://www.ebi.ac.uk/ena/browser/view/CEN60541.1																																																																																														
A0A0U5CJT8	CDMC01000024	https://www.ebi.ac.uk/ena/browser/view/CDMC01000024																																																									CEL11257.1	https://www.ebi.ac.uk/ena/browser/view/CEL11257.1																																																																																														
A0A0U5G0B1	CDMC01000004	https://www.ebi.ac.uk/ena/browser/view/CDMC01000004																																																									CEL04094.1	https://www.ebi.ac.uk/ena/browser/view/CEL04094.1																																																																																														
A0A0U5GFS8	CDMC01000024	https://www.ebi.ac.uk/ena/browser/view/CDMC01000024																																																									CEL11266.1	https://www.ebi.ac.uk/ena/browser/view/CEL11266.1																																																																																														
A0A0U5GRB4	CDMC01000002	https://www.ebi.ac.uk/ena/browser/view/CDMC01000002																																																									CEN60544.1	https://www.ebi.ac.uk/ena/browser/view/CEN60544.1																																																																																														
A0A142BX70																													KT317705	https://www.ebi.ac.uk/ena/browser/view/KT317705																													AMP42987.1	https://www.ebi.ac.uk/ena/browser/view/AMP42987.1																																																																																														
A0A169T193	LC113889	https://www.ebi.ac.uk/ena/browser/view/LC113889																																																									BAU98235.1	https://www.ebi.ac.uk/ena/browser/view/BAU98235.1																																																																																														
A0A178U9Y5	LUHQ01000005	https://www.ebi.ac.uk/ena/browser/view/LUHQ01000005																																																									OAO90606.1	https://www.ebi.ac.uk/ena/browser/view/OAO90606.1																																																																																														
A0A1B7YCC9	CM004458	https://www.ebi.ac.uk/ena/browser/view/CM004458	CACQ02004382	https://www.ebi.ac.uk/ena/browser/view/CACQ02004382																																																							OBR09781.1	https://www.ebi.ac.uk/ena/browser/view/OBR09781.1	XP_018158298.1	https://www.ncbi.nlm.nih.gov/protein/XP_018158298.1																																																	XP_018158298.1	XM_018300448.1	https://www.ncbi.nlm.nih.gov/protein/XP_018158298.1	https://www.ncbi.nlm.nih.gov/nucleotide/XM_018300448.1																																								
A0A1C7AAN2																													KU948708	https://www.ebi.ac.uk/ena/browser/view/KU948708																													ANO43021.1	https://www.ebi.ac.uk/ena/browser/view/ANO43021.1																																																																																														
A0A1C9J6A7																													KU746814	https://www.ebi.ac.uk/ena/browser/view/KU746814																													AOP12358.2	https://www.ebi.ac.uk/ena/browser/view/AOP12358.2																																																																																														
A0A1D6F9Y9	CM007648	https://www.ebi.ac.uk/ena/browser/view/CM007648																											BT040234	https://www.ebi.ac.uk/ena/browser/view/BT040234	BT055252	https://www.ebi.ac.uk/ena/browser/view/BT055252	BT085894	https://www.ebi.ac.uk/ena/browser/view/BT085894																									ONM27923.1	https://www.ebi.ac.uk/ena/browser/view/ONM27923.1	ACF85239.1	https://www.ebi.ac.uk/ena/browser/view/ACF85239.1	ACL53859.1	https://www.ebi.ac.uk/ena/browser/view/ACL53859.1	ACR36247.1	https://www.ebi.ac.uk/ena/browser/view/ACR36247.1	NP_001146388.2	https://www.ncbi.nlm.nih.gov/protein/NP_001146388.2																																											NP_001146388.2	NM_001152916.2	https://www.ncbi.nlm.nih.gov/protein/NP_001146388.2	https://www.ncbi.nlm.nih.gov/nucleotide/NM_001152916.2																																								
A0A1D6GQ67	CM000781	https://www.ebi.ac.uk/ena/browser/view/CM000781																																																									AQK65314.1	https://www.ebi.ac.uk/ena/browser/view/AQK65314.1																																																																																														
A0A1D6KUI6	CM007647	https://www.ebi.ac.uk/ena/browser/view/CM007647																											BT067769	https://www.ebi.ac.uk/ena/browser/view/BT067769																													ONM06227.1	https://www.ebi.ac.uk/ena/browser/view/ONM06227.1	ACN34666.1	https://www.ebi.ac.uk/ena/browser/view/ACN34666.1	NP_001169726.1	https://www.ncbi.nlm.nih.gov/protein/NP_001169726.1																																															NP_001169726.1	NM_001176255.1	https://www.ncbi.nlm.nih.gov/protein/NP_001169726.1	https://www.ncbi.nlm.nih.gov/nucleotide/NM_001176255.1																																								
A0A1D8PI71	CP017624	https://www.ebi.ac.uk/ena/browser/view/CP017624																																																									AOW27849.1	https://www.ebi.ac.uk/ena/browser/view/AOW27849.1	XP_714460.2	https://www.ncbi.nlm.nih.gov/protein/XP_714460.2																																																	XP_714460.2	XM_709367.2	https://www.ncbi.nlm.nih.gov/protein/XP_714460.2	https://www.ncbi.nlm.nih.gov/nucleotide/XM_709367.2																																								
A0A1E1FFN4	LC127182	https://www.ebi.ac.uk/ena/browser/view/LC127182																																																									BAV69312.1	https://www.ebi.ac.uk/ena/browser/view/BAV69312.1																																																																																														
A0A1E1FFN8	LC127182	https://www.ebi.ac.uk/ena/browser/view/LC127182																																																									BAV69313.1	https://www.ebi.ac.uk/ena/browser/view/BAV69313.1																																																																																														
A0A1L2D3T3																													KT218680	https://www.ebi.ac.uk/ena/browser/view/KT218680																													AMQ26035.1	https://www.ebi.ac.uk/ena/browser/view/AMQ26035.1																																																																																														
A0A1L7VFX3	FJOF01000003	https://www.ebi.ac.uk/ena/browser/view/FJOF01000003																																																									CZR39162.1	https://www.ebi.ac.uk/ena/browser/view/CZR39162.1																																																																																														
A0A1L9UKS1	KV878684	https://www.ebi.ac.uk/ena/browser/view/KV878684																																																									OJJ72250.1	https://www.ebi.ac.uk/ena/browser/view/OJJ72250.1																																																																																														
A0A1L9WQI2	KV878980	https://www.ebi.ac.uk/ena/browser/view/KV878980																																																									OJJ98433.1	https://www.ebi.ac.uk/ena/browser/view/OJJ98433.1	XP_020054773.1	https://www.ncbi.nlm.nih.gov/protein/XP_020054773.1																																																	XP_020054773.1	XM_020199792.1	https://www.ncbi.nlm.nih.gov/protein/XP_020054773.1	https://www.ncbi.nlm.nih.gov/nucleotide/XM_020199792.1																																								
A0A1L9WUS5	KV878977	https://www.ebi.ac.uk/ena/browser/view/KV878977																																																									OJJ99915.1	https://www.ebi.ac.uk/ena/browser/view/OJJ99915.1	XP_020056255.1	https://www.ncbi.nlm.nih.gov/protein/XP_020056255.1																																																	XP_020056255.1	XM_020203589.1	https://www.ncbi.nlm.nih.gov/protein/XP_020056255.1	https://www.ncbi.nlm.nih.gov/nucleotide/XM_020203589.1																																								
A0A1L9WUV2	KV878977	https://www.ebi.ac.uk/ena/browser/view/KV878977																																																									OJJ99918.1	https://www.ebi.ac.uk/ena/browser/view/OJJ99918.1	XP_020056258.1	https://www.ncbi.nlm.nih.gov/protein/XP_020056258.1																																																	XP_020056258.1	XM_020196278.1	https://www.ncbi.nlm.nih.gov/protein/XP_020056258.1	https://www.ncbi.nlm.nih.gov/nucleotide/XM_020196278.1																																								
A0A1L9WUW3	KV878977	https://www.ebi.ac.uk/ena/browser/view/KV878977																																																									OJJ99913.1	https://www.ebi.ac.uk/ena/browser/view/OJJ99913.1	XP_020056253.1	https://www.ncbi.nlm.nih.gov/protein/XP_020056253.1																																																	XP_020056253.1	XM_020199636.1	https://www.ncbi.nlm.nih.gov/protein/XP_020056253.1	https://www.ncbi.nlm.nih.gov/nucleotide/XM_020199636.1																																								
A0A1L9WVI3	KV878977	https://www.ebi.ac.uk/ena/browser/view/KV878977																																																									OJJ99917.1	https://www.ebi.ac.uk/ena/browser/view/OJJ99917.1	XP_020056257.1	https://www.ncbi.nlm.nih.gov/protein/XP_020056257.1																																																	XP_020056257.1	XM_020205278.1	https://www.ncbi.nlm.nih.gov/protein/XP_020056257.1	https://www.ncbi.nlm.nih.gov/nucleotide/XM_020205278.1																																								
A0A1P7Y0A8																													KP689322	https://www.ebi.ac.uk/ena/browser/view/KP689322																													AJK30634.1	https://www.ebi.ac.uk/ena/browser/view/AJK30634.1																																																																																														
A0A1P7Y0D0																													KP689323	https://www.ebi.ac.uk/ena/browser/view/KP689323																													AJK30635.1	https://www.ebi.ac.uk/ena/browser/view/AJK30635.1																																																																																														
A0A1U8QHE3	AACD01000025	https://www.ebi.ac.uk/ena/browser/view/AACD01000025	BN001307	https://www.ebi.ac.uk/ena/browser/view/BN001307																																																							EAA64301.1	https://www.ebi.ac.uk/ena/browser/view/EAA64301.1	CBF85181.1	https://www.ebi.ac.uk/ena/browser/view/CBF85181.1	XP_659198.1	https://www.ncbi.nlm.nih.gov/protein/XP_659198.1																																															XP_659198.1	XM_654106.1	https://www.ncbi.nlm.nih.gov/protein/XP_659198.1	https://www.ncbi.nlm.nih.gov/nucleotide/XM_654106.1																																								
A0A1V0QSF3																													KY014556	https://www.ebi.ac.uk/ena/browser/view/KY014556																													ARE72252.1	https://www.ebi.ac.uk/ena/browser/view/ARE72252.1																																																																																														
A0A1V0QSF4	JAATIP010000065	https://www.ebi.ac.uk/ena/browser/view/JAATIP010000065	JAATIQ010000022	https://www.ebi.ac.uk/ena/browser/view/JAATIQ010000022																									KY014559	https://www.ebi.ac.uk/ena/browser/view/KY014559																													ARE72255.2	https://www.ebi.ac.uk/ena/browser/view/ARE72255.2	KAF4380278.1	https://www.ebi.ac.uk/ena/browser/view/KAF4380278.1	KAF4398961.1	https://www.ebi.ac.uk/ena/browser/view/KAF4398961.1																																																																																										
A0A1V0QSF6																													KY014554	https://www.ebi.ac.uk/ena/browser/view/KY014554																													ARE72250.1	https://www.ebi.ac.uk/ena/browser/view/ARE72250.1																																																																																														
A0A1V0QSH7	JAATIP010000185	https://www.ebi.ac.uk/ena/browser/view/JAATIP010000185	JAATIQ010000060	https://www.ebi.ac.uk/ena/browser/view/JAATIQ010000060	UZAU01000678	https://www.ebi.ac.uk/ena/browser/view/UZAU01000678																							KY014580	https://www.ebi.ac.uk/ena/browser/view/KY014580																													ARE72275.1	https://www.ebi.ac.uk/ena/browser/view/ARE72275.1	KAF4362349.1	https://www.ebi.ac.uk/ena/browser/view/KAF4362349.1	KAF4391347.1	https://www.ebi.ac.uk/ena/browser/view/KAF4391347.1																																																																																										
A0A1V1FVQ6	LC127211	https://www.ebi.ac.uk/ena/browser/view/LC127211																																																									BAX09282.1	https://www.ebi.ac.uk/ena/browser/view/BAX09282.1																																																																																														
A0A1W6GW06																													KY432513	https://www.ebi.ac.uk/ena/browser/view/KY432513																													ARM19968.1	https://www.ebi.ac.uk/ena/browser/view/ARM19968.1																																																																																														
A0A1W6GW18																													KY432514	https://www.ebi.ac.uk/ena/browser/view/KY432514																													ARM19969.1	https://www.ebi.ac.uk/ena/browser/view/ARM19969.1																																																																																														
A0A1W6GW32																													KY432512	https://www.ebi.ac.uk/ena/browser/view/KY432512																													ARM19967.1	https://www.ebi.ac.uk/ena/browser/view/ARM19967.1																																																																																														
A0A1W6QDJ1																													KU180502	https://www.ebi.ac.uk/ena/browser/view/KU180502	KX831653	https://www.ebi.ac.uk/ena/browser/view/KX831653																											APJ36374.1	https://www.ebi.ac.uk/ena/browser/view/APJ36374.1	ARO38143.1	https://www.ebi.ac.uk/ena/browser/view/ARO38143.1																																																																																												
A0A1X9IRP7																													KU180500	https://www.ebi.ac.uk/ena/browser/view/KU180500																													APJ36372.1	https://www.ebi.ac.uk/ena/browser/view/APJ36372.1																																																																																														
A0A1X9IRQ7	MK344324	https://www.ebi.ac.uk/ena/browser/view/MK344324																											KU180499	https://www.ebi.ac.uk/ena/browser/view/KU180499	KX831651	https://www.ebi.ac.uk/ena/browser/view/KX831651																											APJ36371.1	https://www.ebi.ac.uk/ena/browser/view/APJ36371.1	ARO38141.1	https://www.ebi.ac.uk/ena/browser/view/ARO38141.1	QDQ03535.1	https://www.ebi.ac.uk/ena/browser/view/QDQ03535.1																																																																																										
A0A1X9ISH5																													KU180506	https://www.ebi.ac.uk/ena/browser/view/KU180506	KX831650	https://www.ebi.ac.uk/ena/browser/view/KX831650																											APJ36378.2	https://www.ebi.ac.uk/ena/browser/view/APJ36378.2	ARO38140.1	https://www.ebi.ac.uk/ena/browser/view/ARO38140.1																																																																																												
A0A1X9ISN9																													KY661361	https://www.ebi.ac.uk/ena/browser/view/KY661361	KU180503	https://www.ebi.ac.uk/ena/browser/view/KU180503																											ARO38144.1	https://www.ebi.ac.uk/ena/browser/view/ARO38144.1	APJ36375.1	https://www.ebi.ac.uk/ena/browser/view/APJ36375.1																																																																																												
A0A1X9ISP7																													KU180505	https://www.ebi.ac.uk/ena/browser/view/KU180505																													APJ36377.1	https://www.ebi.ac.uk/ena/browser/view/APJ36377.1																																																																																														
A0A1Y0BRF1	KY349137	https://www.ebi.ac.uk/ena/browser/view/KY349137																																																									ART41209.1	https://www.ebi.ac.uk/ena/browser/view/ART41209.1																																																																																														
A0A1Y0BRF2	KY349137	https://www.ebi.ac.uk/ena/browser/view/KY349137																																																									ART41207.1	https://www.ebi.ac.uk/ena/browser/view/ART41207.1																																																																																														
A0A1Y0BRF9	KY349137	https://www.ebi.ac.uk/ena/browser/view/KY349137																																																									ART41213.1	https://www.ebi.ac.uk/ena/browser/view/ART41213.1																																																																																														
A0A1Y1C7Q5	LC155210	https://www.ebi.ac.uk/ena/browser/view/LC155210																																																									BAX76657.1	https://www.ebi.ac.uk/ena/browser/view/BAX76657.1																																																																																														
A0A1Z3GBK8																													KX580633	https://www.ebi.ac.uk/ena/browser/view/KX580633																													ASC55316.1	https://www.ebi.ac.uk/ena/browser/view/ASC55316.1																																																																																														
A0A1Z3GC64																													KX580634	https://www.ebi.ac.uk/ena/browser/view/KX580634																													ASC55317.1	https://www.ebi.ac.uk/ena/browser/view/ASC55317.1																																																																																														
A0A1Z3GCD1																													KX580635	https://www.ebi.ac.uk/ena/browser/view/KX580635																													ASC55318.1	https://www.ebi.ac.uk/ena/browser/view/ASC55318.1																																																																																														
A0A291LSD6	MF614110	https://www.ebi.ac.uk/ena/browser/view/MF614110	MF614112	https://www.ebi.ac.uk/ena/browser/view/MF614112	MF614115	https://www.ebi.ac.uk/ena/browser/view/MF614115																																																					ATI25525.1	https://www.ebi.ac.uk/ena/browser/view/ATI25525.1	ATI25527.1	https://www.ebi.ac.uk/ena/browser/view/ATI25527.1	ATI25530.1	https://www.ebi.ac.uk/ena/browser/view/ATI25530.1																																																																																										
A0A2I1BSU0	MSZS01000014	https://www.ebi.ac.uk/ena/browser/view/MSZS01000014																																																									PKX88480.1	https://www.ebi.ac.uk/ena/browser/view/PKX88480.1																																																																																														
A0A2I1BSV1	MSZS01000014	https://www.ebi.ac.uk/ena/browser/view/MSZS01000014																																																									PKX88477.1	https://www.ebi.ac.uk/ena/browser/view/PKX88477.1																																																																																														
A0A2I1BSV7	MSZS01000014	https://www.ebi.ac.uk/ena/browser/view/MSZS01000014																																																									PKX88478.1	https://www.ebi.ac.uk/ena/browser/view/PKX88478.1																																																																																														
A0A2I1BSV9	MSZS01000014	https://www.ebi.ac.uk/ena/browser/view/MSZS01000014																																																									PKX88487.1	https://www.ebi.ac.uk/ena/browser/view/PKX88487.1																																																																																														
A0A2I1BSW0	MSZS01000014	https://www.ebi.ac.uk/ena/browser/view/MSZS01000014																																																									PKX88475.1	https://www.ebi.ac.uk/ena/browser/view/PKX88475.1																																																																																														
A0A2I1BSW6	MSZS01000014	https://www.ebi.ac.uk/ena/browser/view/MSZS01000014																																																									PKX88483.1	https://www.ebi.ac.uk/ena/browser/view/PKX88483.1																																																																																														
A0A2I1BSW8	MSZS01000014	https://www.ebi.ac.uk/ena/browser/view/MSZS01000014																																																									PKX88485.1	https://www.ebi.ac.uk/ena/browser/view/PKX88485.1																																																																																														
A0A2I1BSZ6	MSZS01000014	https://www.ebi.ac.uk/ena/browser/view/MSZS01000014																																																									PKX88482.1	https://www.ebi.ac.uk/ena/browser/view/PKX88482.1																																																																																														
A0A2I1BT01	MSZS01000014	https://www.ebi.ac.uk/ena/browser/view/MSZS01000014																																																									PKX88476.1	https://www.ebi.ac.uk/ena/browser/view/PKX88476.1																																																																																														
A0A2I1BT09	MSZS01000014	https://www.ebi.ac.uk/ena/browser/view/MSZS01000014																																																									PKX88486.1	https://www.ebi.ac.uk/ena/browser/view/PKX88486.1																																																																																														
A0A2K9RFZ7																													MG696748	https://www.ebi.ac.uk/ena/browser/view/MG696748																													AUT77120.1	https://www.ebi.ac.uk/ena/browser/view/AUT77120.1																																																																																														
A0A2K9RFZ9																													MG696753	https://www.ebi.ac.uk/ena/browser/view/MG696753																													AUT77125.1	https://www.ebi.ac.uk/ena/browser/view/AUT77125.1																																																																																														
A0A2L0VXR0																													MG764077	https://www.ebi.ac.uk/ena/browser/view/MG764077																													AVA16672.1	https://www.ebi.ac.uk/ena/browser/view/AVA16672.1																																																																																														
A0A2P1DP74	MF990004	https://www.ebi.ac.uk/ena/browser/view/MF990004	MH388470	https://www.ebi.ac.uk/ena/browser/view/MH388470																																																							AVK70105.1	https://www.ebi.ac.uk/ena/browser/view/AVK70105.1	QBC75443.1	https://www.ebi.ac.uk/ena/browser/view/QBC75443.1																																																																																												
A0A2P1DP91	MF989999	https://www.ebi.ac.uk/ena/browser/view/MF989999	MH388470	https://www.ebi.ac.uk/ena/browser/view/MH388470																																																							AVK70100.1	https://www.ebi.ac.uk/ena/browser/view/AVK70100.1	QBC75448.1	https://www.ebi.ac.uk/ena/browser/view/QBC75448.1																																																																																												
A0A2U8U2L0	MG736817	https://www.ebi.ac.uk/ena/browser/view/MG736817																																																									AWM95784.1	https://www.ebi.ac.uk/ena/browser/view/AWM95784.1																																																																																														
A0A2U8U2L6	MG736817	https://www.ebi.ac.uk/ena/browser/view/MG736817																																																									AWM95796.1	https://www.ebi.ac.uk/ena/browser/view/AWM95796.1																																																																																														
A0A2Z4HPY4	MF611888	https://www.ebi.ac.uk/ena/browser/view/MF611888																																																									AWW17216.1	https://www.ebi.ac.uk/ena/browser/view/AWW17216.1																																																																																														
A0A2Z4HPY5	MF611884	https://www.ebi.ac.uk/ena/browser/view/MF611884																																																									AWW17212.1	https://www.ebi.ac.uk/ena/browser/view/AWW17212.1																																																																																														
A0A2Z6AQX6	LC228602	https://www.ebi.ac.uk/ena/browser/view/LC228602																																																									BBD05405.1	https://www.ebi.ac.uk/ena/browser/view/BBD05405.1																																																																																														
A0A2Z6AQX7	LC228601	https://www.ebi.ac.uk/ena/browser/view/LC228601																																																									BBD05404.1	https://www.ebi.ac.uk/ena/browser/view/BBD05404.1																																																																																														
A0A2Z6FZ31	LC274619	https://www.ebi.ac.uk/ena/browser/view/LC274619																																																									BBE36502.1	https://www.ebi.ac.uk/ena/browser/view/BBE36502.1																																																																																														
A0A343W969																													MG662378	https://www.ebi.ac.uk/ena/browser/view/MG662378																													AVZ23977.1	https://www.ebi.ac.uk/ena/browser/view/AVZ23977.1																																																																																														
A0A343W970																													MG662379	https://www.ebi.ac.uk/ena/browser/view/MG662379																													AVZ23978.1	https://www.ebi.ac.uk/ena/browser/view/AVZ23978.1																																																																																														
A0A348B779																													LC378425	https://www.ebi.ac.uk/ena/browser/view/LC378425																													BBD74517.1	https://www.ebi.ac.uk/ena/browser/view/BBD74517.1																																																																																														
A0A348B780																													LC378426	https://www.ebi.ac.uk/ena/browser/view/LC378426																													BBD74518.1	https://www.ebi.ac.uk/ena/browser/view/BBD74518.1																																																																																														
A0A348DU52	LC411963	https://www.ebi.ac.uk/ena/browser/view/LC411963																																																									BBF45518.1	https://www.ebi.ac.uk/ena/browser/view/BBF45518.1																																																																																														
A0A385AJM6	GL871118	https://www.ebi.ac.uk/ena/browser/view/GL871118																											MG262473	https://www.ebi.ac.uk/ena/browser/view/MG262473																													AXN72981.1	https://www.ebi.ac.uk/ena/browser/view/AXN72981.1	EGC33982.1	https://www.ebi.ac.uk/ena/browser/view/EGC33982.1	XP_003289515.1	https://www.ncbi.nlm.nih.gov/protein/XP_003289515.1																																															XP_003289515.1	XM_003289467.1	https://www.ncbi.nlm.nih.gov/protein/XP_003289515.1	https://www.ncbi.nlm.nih.gov/nucleotide/XM_003289467.1																																								
A0A386JV86																													MG748543	https://www.ebi.ac.uk/ena/browser/view/MG748543																													AYD76069.1	https://www.ebi.ac.uk/ena/browser/view/AYD76069.1																																																																																														
A0A386KZI3	MH202990	https://www.ebi.ac.uk/ena/browser/view/MH202990																																																									AYD91074.1	https://www.ebi.ac.uk/ena/browser/view/AYD91074.1																																																																																														
A0A3G1QTS7																													KY937953	https://www.ebi.ac.uk/ena/browser/view/KY937953																													AWN06647.1	https://www.ebi.ac.uk/ena/browser/view/AWN06647.1																																																																																														
A0A3G1QTU5																													KY937955	https://www.ebi.ac.uk/ena/browser/view/KY937955																													AWN06649.1	https://www.ebi.ac.uk/ena/browser/view/AWN06649.1																																																																																														
A0A3G9GNK2	LC422696	https://www.ebi.ac.uk/ena/browser/view/LC422696																																																									BBG28489.1	https://www.ebi.ac.uk/ena/browser/view/BBG28489.1																																																																																														
A0A3G9GQ29	LC422696	https://www.ebi.ac.uk/ena/browser/view/LC422696																																																									BBG28484.1	https://www.ebi.ac.uk/ena/browser/view/BBG28484.1																																																																																														
A0A3L6G2C1	NCVQ01000003	https://www.ebi.ac.uk/ena/browser/view/NCVQ01000003																																																									PWZ40931.1	https://www.ebi.ac.uk/ena/browser/view/PWZ40931.1																																																																																														
A0A3Q7GFB5	CM001066	https://www.ebi.ac.uk/ena/browser/view/CM001066																											GU017421	https://www.ebi.ac.uk/ena/browser/view/GU017421																													ADK23849.1	https://www.ebi.ac.uk/ena/browser/view/ADK23849.1	NP_001234802.2	https://www.ncbi.nlm.nih.gov/protein/NP_001234802.2																																																	NP_001234802.2	NM_001247873.2	https://www.ncbi.nlm.nih.gov/protein/NP_001234802.2	https://www.ncbi.nlm.nih.gov/nucleotide/NM_001247873.2																																								
A0A3Q9FEJ4	MK140602	https://www.ebi.ac.uk/ena/browser/view/MK140602																																																									AZQ56742.1	https://www.ebi.ac.uk/ena/browser/view/AZQ56742.1																																																																																														
A0A3Q9FFM1	MK140602	https://www.ebi.ac.uk/ena/browser/view/MK140602																																																									AZQ56744.1	https://www.ebi.ac.uk/ena/browser/view/AZQ56744.1																																																																																														
A0A3S9NM20	MK140602	https://www.ebi.ac.uk/ena/browser/view/MK140602																																																									AZQ56743.1	https://www.ebi.ac.uk/ena/browser/view/AZQ56743.1																																																																																														
A0A455LLW3																													MH183007	https://www.ebi.ac.uk/ena/browser/view/MH183007																													AYO60874.1	https://www.ebi.ac.uk/ena/browser/view/AYO60874.1																																																																																														
A0A455M7S4																													MH183013	https://www.ebi.ac.uk/ena/browser/view/MH183013																													AYO60880.1	https://www.ebi.ac.uk/ena/browser/view/AYO60880.1																																																																																														
A0A455R4X0	LC406756	https://www.ebi.ac.uk/ena/browser/view/LC406756																																																									BBF25319.1	https://www.ebi.ac.uk/ena/browser/view/BBF25319.1																																																																																														
A0A455R5H4	LC406756	https://www.ebi.ac.uk/ena/browser/view/LC406756																																																									BBF25317.1	https://www.ebi.ac.uk/ena/browser/view/BBF25317.1																																																																																														
A0A455R5P9	LC406756	https://www.ebi.ac.uk/ena/browser/view/LC406756																																																									BBF25315.1	https://www.ebi.ac.uk/ena/browser/view/BBF25315.1																																																																																														
A0A455R624	LC406757	https://www.ebi.ac.uk/ena/browser/view/LC406757																																																									BBF25322.1	https://www.ebi.ac.uk/ena/browser/view/BBF25322.1																																																																																														
A0A4D6Q415																													MK562520	https://www.ebi.ac.uk/ena/browser/view/MK562520																													QCF41215.1	https://www.ebi.ac.uk/ena/browser/view/QCF41215.1																																																																																														
A0A4P8GHJ1	MK400120	https://www.ebi.ac.uk/ena/browser/view/MK400120																																																									QCO93110.1	https://www.ebi.ac.uk/ena/browser/view/QCO93110.1																																																																																														
A0A4V1E8I5	MK400120	https://www.ebi.ac.uk/ena/browser/view/MK400120																																																									QCO93109.1	https://www.ebi.ac.uk/ena/browser/view/QCO93109.1																																																																																														
A0A4Y5QZ62																													MK801763	https://www.ebi.ac.uk/ena/browser/view/MK801763																													QCY41291.1	https://www.ebi.ac.uk/ena/browser/view/QCY41291.1																																																																																														
A0A5Q0QP64	MN146027	https://www.ebi.ac.uk/ena/browser/view/MN146027																																																									QGA30880.1	https://www.ebi.ac.uk/ena/browser/view/QGA30880.1																																																																																														
A0A5Q0QRJ3	MN146024	https://www.ebi.ac.uk/ena/browser/view/MN146024																																																									QGA30877.1	https://www.ebi.ac.uk/ena/browser/view/QGA30877.1																																																																																														
A0A5Q0QU70	MN146026	https://www.ebi.ac.uk/ena/browser/view/MN146026																																																									QGA30879.1	https://www.ebi.ac.uk/ena/browser/view/QGA30879.1																																																																																														
A0A7C9FSB8	JAATIP010000271	https://www.ebi.ac.uk/ena/browser/view/JAATIP010000271	JAATIQ010000355	https://www.ebi.ac.uk/ena/browser/view/JAATIQ010000355	JAATIQ010000265	https://www.ebi.ac.uk/ena/browser/view/JAATIQ010000265	JAATIP010000039	https://www.ebi.ac.uk/ena/browser/view/JAATIP010000039																					KY014569	https://www.ebi.ac.uk/ena/browser/view/KY014569																													ARE72265.1	https://www.ebi.ac.uk/ena/browser/view/ARE72265.1	KAF4355009.1	https://www.ebi.ac.uk/ena/browser/view/KAF4355009.1	KAF4360213.1	https://www.ebi.ac.uk/ena/browser/view/KAF4360213.1	KAF4366084.1	https://www.ebi.ac.uk/ena/browser/view/KAF4366084.1	KAF4387345.1	https://www.ebi.ac.uk/ena/browser/view/KAF4387345.1	MBA5282455.1	https://www.ebi.ac.uk/ena/browser/view/MBA5282455.1																																																																																				
A0A7G5KLV0																													MN230105	https://www.ebi.ac.uk/ena/browser/view/MN230105																													QMW48842.1	https://www.ebi.ac.uk/ena/browser/view/QMW48842.1																																																																																														
A0A7G5KLV1																													MN230106	https://www.ebi.ac.uk/ena/browser/view/MN230106																													QMW48843.1	https://www.ebi.ac.uk/ena/browser/view/QMW48843.1																																																																																														
A0A7J6F8C5	JAATIP010000146	https://www.ebi.ac.uk/ena/browser/view/JAATIP010000146	JAATIQ010000418	https://www.ebi.ac.uk/ena/browser/view/JAATIQ010000418	UZAU01000015	https://www.ebi.ac.uk/ena/browser/view/UZAU01000015																							KY014579	https://www.ebi.ac.uk/ena/browser/view/KY014579																													KAF4366915.1	https://www.ebi.ac.uk/ena/browser/view/KAF4366915.1	KAF4356918.1	https://www.ebi.ac.uk/ena/browser/view/KAF4356918.1	ARE72274.1	https://www.ebi.ac.uk/ena/browser/view/ARE72274.1																																																																																										
A0A7J6HWR9	JAATIP010000132	https://www.ebi.ac.uk/ena/browser/view/JAATIP010000132	JAATIQ010000021	https://www.ebi.ac.uk/ena/browser/view/JAATIQ010000021	JAATIQ010000130	https://www.ebi.ac.uk/ena/browser/view/JAATIQ010000130	UZAU01000235	https://www.ebi.ac.uk/ena/browser/view/UZAU01000235																					KY014571	https://www.ebi.ac.uk/ena/browser/view/KY014571																													ARE72267.1	https://www.ebi.ac.uk/ena/browser/view/ARE72267.1	KAF4368817.1	https://www.ebi.ac.uk/ena/browser/view/KAF4368817.1	KAF4399445.1	https://www.ebi.ac.uk/ena/browser/view/KAF4399445.1	KAF4379173.1	https://www.ebi.ac.uk/ena/browser/view/KAF4379173.1																																																																																								
A0A858E4Y8	GL883090	https://www.ebi.ac.uk/ena/browser/view/GL883090																											MK946438	https://www.ebi.ac.uk/ena/browser/view/MK946438																													QIG55790.1	https://www.ebi.ac.uk/ena/browser/view/QIG55790.1	EGG12841.1	https://www.ebi.ac.uk/ena/browser/view/EGG12841.1	XP_007403779.1	https://www.ncbi.nlm.nih.gov/protein/XP_007403779.1																																															XP_007403779.1	XM_007403717.1	https://www.ncbi.nlm.nih.gov/protein/XP_007403779.1	https://www.ncbi.nlm.nih.gov/nucleotide/XM_007403717.1																																								
A0A8H4CUY8	WVTB01000012	https://www.ebi.ac.uk/ena/browser/view/WVTB01000012																																																									KAF3810331.1	https://www.ebi.ac.uk/ena/browser/view/KAF3810331.1	XP_045269490.1	https://www.ncbi.nlm.nih.gov/protein/XP_045269490.1																																																	XP_045269490.1	XM_045400515.1	https://www.ncbi.nlm.nih.gov/protein/XP_045269490.1	https://www.ncbi.nlm.nih.gov/nucleotide/XM_045400515.1																																								
A0A8H7XQ49	JAFIQS020000009	https://www.ebi.ac.uk/ena/browser/view/JAFIQS020000009																																																									KAH9477371.1	https://www.ebi.ac.uk/ena/browser/view/KAH9477371.1	XP_047744996.1	https://www.ncbi.nlm.nih.gov/protein/XP_047744996.1																																																	XP_047744996.1	XM_047895277.1	https://www.ncbi.nlm.nih.gov/protein/XP_047744996.1	https://www.ncbi.nlm.nih.gov/nucleotide/XM_047895277.1																																								
A0A8H8CFI5	JAFIQS020000012	https://www.ebi.ac.uk/ena/browser/view/JAFIQS020000012																																																									KAH9475167.1	https://www.ebi.ac.uk/ena/browser/view/KAH9475167.1	XP_047742792.1	https://www.ncbi.nlm.nih.gov/protein/XP_047742792.1																																																	XP_047742792.1	XM_047897903.1	https://www.ncbi.nlm.nih.gov/protein/XP_047742792.1	https://www.ncbi.nlm.nih.gov/nucleotide/XM_047897903.1																																								
A0A8K1AY78	MW248390	https://www.ebi.ac.uk/ena/browser/view/MW248390																																																									QVR97762.1	https://www.ebi.ac.uk/ena/browser/view/QVR97762.1																																																																																														
A0AA38CJ97	JAHRHJ020000010	https://www.ebi.ac.uk/ena/browser/view/JAHRHJ020000010																																																									KAH9297119.1	https://www.ebi.ac.uk/ena/browser/view/KAH9297119.1																																																																																														
A0AAW1L0L7	JBDFQZ010000005	https://www.ebi.ac.uk/ena/browser/view/JBDFQZ010000005																											OR426407	https://www.ebi.ac.uk/ena/browser/view/OR426407																													WWM48160.1	https://www.ebi.ac.uk/ena/browser/view/WWM48160.1	KAK9726778.1	https://www.ebi.ac.uk/ena/browser/view/KAK9726778.1																																																																																												
A1DN29	DS027698	https://www.ebi.ac.uk/ena/browser/view/DS027698																																																									EAW16200.1	https://www.ebi.ac.uk/ena/browser/view/EAW16200.1	XP_001258097.1	https://www.ncbi.nlm.nih.gov/protein/XP_001258097.1																																																	XP_001258097.1	XM_001258096.1	https://www.ncbi.nlm.nih.gov/protein/XP_001258097.1	https://www.ncbi.nlm.nih.gov/nucleotide/XM_001258096.1																																								
A4DA41	AAHF01000014	https://www.ebi.ac.uk/ena/browser/view/AAHF01000014																																																									EBA27209.1	https://www.ebi.ac.uk/ena/browser/view/EBA27209.1	XP_001481403.1	https://www.ncbi.nlm.nih.gov/protein/XP_001481403.1																																																	XP_001481403.1	XM_001481353.1	https://www.ncbi.nlm.nih.gov/protein/XP_001481403.1	https://www.ncbi.nlm.nih.gov/nucleotide/XM_001481353.1																																								
A4KAG7	CM000127	https://www.ebi.ac.uk/ena/browser/view/CM000127																											DQ823352	https://www.ebi.ac.uk/ena/browser/view/DQ823352																													ABH10732.1	https://www.ebi.ac.uk/ena/browser/view/ABH10732.1	EEC73447.1	https://www.ebi.ac.uk/ena/browser/view/EEC73447.1																																																																																												
A4KAG8	AP005114	https://www.ebi.ac.uk/ena/browser/view/AP005114	AP008208	https://www.ebi.ac.uk/ena/browser/view/AP008208	AP014958	https://www.ebi.ac.uk/ena/browser/view/AP014958																							DQ823353	https://www.ebi.ac.uk/ena/browser/view/DQ823353	AY347881	https://www.ebi.ac.uk/ena/browser/view/AY347881	AB126936	https://www.ebi.ac.uk/ena/browser/view/AB126936																									ABH10733.1	https://www.ebi.ac.uk/ena/browser/view/ABH10733.1	BAD17276.1	https://www.ebi.ac.uk/ena/browser/view/BAD17276.1	BAF09105.1	https://www.ebi.ac.uk/ena/browser/view/BAF09105.1	BAS79348.1	https://www.ebi.ac.uk/ena/browser/view/BAS79348.1	AAQ72564.1	https://www.ebi.ac.uk/ena/browser/view/AAQ72564.1	BAE72101.1	https://www.ebi.ac.uk/ena/browser/view/BAE72101.1	XP_015625945.1	https://www.ncbi.nlm.nih.gov/protein/XP_015625945.1																																							XP_015625945.1	XM_015770459.1	https://www.ncbi.nlm.nih.gov/protein/XP_015625945.1	https://www.ncbi.nlm.nih.gov/nucleotide/XM_015770459.1																																								
A8NE23	AACS02000002	https://www.ebi.ac.uk/ena/browser/view/AACS02000002																																																									EAU88892.1	https://www.ebi.ac.uk/ena/browser/view/EAU88892.1	XP_001832925.1	https://www.ncbi.nlm.nih.gov/protein/XP_001832925.1																																																	XP_001832925.1	XM_001832873.1	https://www.ncbi.nlm.nih.gov/protein/XP_001832925.1	https://www.ncbi.nlm.nih.gov/nucleotide/XM_001832873.1																																								
A8NU13	AACS02000004	https://www.ebi.ac.uk/ena/browser/view/AACS02000004																																																									EAU85540.1	https://www.ebi.ac.uk/ena/browser/view/EAU85540.1	XP_001836356.1	https://www.ncbi.nlm.nih.gov/protein/XP_001836356.1																																																	XP_001836356.1	XM_001836304.1	https://www.ncbi.nlm.nih.gov/protein/XP_001836356.1	https://www.ncbi.nlm.nih.gov/nucleotide/XM_001836304.1																																								
B0FGA9	EU443249	https://www.ebi.ac.uk/ena/browser/view/EU443249																											EU327785	https://www.ebi.ac.uk/ena/browser/view/EU327785																													ABY49939.1	https://www.ebi.ac.uk/ena/browser/view/ABY49939.1	ACA33925.1	https://www.ebi.ac.uk/ena/browser/view/ACA33925.1																																																																																												
B1B1U4	AB263738	https://www.ebi.ac.uk/ena/browser/view/AB263738																											AB247334	https://www.ebi.ac.uk/ena/browser/view/AB247334																													BAG12021.1	https://www.ebi.ac.uk/ena/browser/view/BAG12021.1	BAG12022.1	https://www.ebi.ac.uk/ena/browser/view/BAG12022.1																																																																																												
B2KSJ5																													EU158098	https://www.ebi.ac.uk/ena/browser/view/EU158098																													ABX83200.1	https://www.ebi.ac.uk/ena/browser/view/ABX83200.1	NP_001284382.1	https://www.ncbi.nlm.nih.gov/protein/NP_001284382.1																																																	NP_001284382.1	NM_001297453.1	https://www.ncbi.nlm.nih.gov/protein/NP_001284382.1	https://www.ncbi.nlm.nih.gov/nucleotide/NM_001297453.1																																								
B2KSJ6																													EU158099	https://www.ebi.ac.uk/ena/browser/view/EU158099																													ABX83201.1	https://www.ebi.ac.uk/ena/browser/view/ABX83201.1	NP_001284384.1	https://www.ncbi.nlm.nih.gov/protein/NP_001284384.1																																																	NP_001284384.1	NM_001297455.1	https://www.ncbi.nlm.nih.gov/protein/NP_001284384.1	https://www.ncbi.nlm.nih.gov/nucleotide/NM_001297455.1																																								
B3TPQ6	EU366429	https://www.ebi.ac.uk/ena/browser/view/EU366429																																																									ACC66281.1	https://www.ebi.ac.uk/ena/browser/view/ACC66281.1																																																																																														
B3TPQ7	EU366430	https://www.ebi.ac.uk/ena/browser/view/EU366430																																																									ACC66282.1	https://www.ebi.ac.uk/ena/browser/view/ACC66282.1																																																																																														
B4FVP3	CM000781	https://www.ebi.ac.uk/ena/browser/view/CM000781																											BT041181	https://www.ebi.ac.uk/ena/browser/view/BT041181																													AQK65312.1	https://www.ebi.ac.uk/ena/browser/view/AQK65312.1	ACF86186.1	https://www.ebi.ac.uk/ena/browser/view/ACF86186.1	NP_001141366.1	https://www.ncbi.nlm.nih.gov/protein/NP_001141366.1																																															NP_001141366.1	NM_001147894.1	https://www.ncbi.nlm.nih.gov/protein/NP_001141366.1	https://www.ncbi.nlm.nih.gov/nucleotide/NM_001147894.1																																								
B5GMG2	DS570626	https://www.ebi.ac.uk/ena/browser/view/DS570626	CM000914	https://www.ebi.ac.uk/ena/browser/view/CM000914																																																							EDY47508.1	https://www.ebi.ac.uk/ena/browser/view/EDY47508.1	EFG04469.2	https://www.ebi.ac.uk/ena/browser/view/EFG04469.2	WP_003952918.1	https://www.ncbi.nlm.nih.gov/protein/WP_003952918.1																																															WP_003952918.1	NZ_CM000914.1	https://www.ncbi.nlm.nih.gov/protein/WP_003952918.1	https://www.ncbi.nlm.nih.gov/nucleotide/NZ_CM000914.1																																								
B6HFX8	AM920435	https://www.ebi.ac.uk/ena/browser/view/AM920435																																																									CAP86415.1	https://www.ebi.ac.uk/ena/browser/view/CAP86415.1																																																																																														
B6HV32	AM920437	https://www.ebi.ac.uk/ena/browser/view/AM920437																																																									CAP99573.1	https://www.ebi.ac.uk/ena/browser/view/CAP99573.1																																																																																														
B6K412	KE651167	https://www.ebi.ac.uk/ena/browser/view/KE651167																																																									EEB08219.1	https://www.ebi.ac.uk/ena/browser/view/EEB08219.1	XP_002174512.1	https://www.ncbi.nlm.nih.gov/protein/XP_002174512.1																																																	XP_002174512.1	XM_002174476.2	https://www.ncbi.nlm.nih.gov/protein/XP_002174512.1	https://www.ncbi.nlm.nih.gov/nucleotide/XM_002174476.2																																								
B7TWW5																													FJ393274	https://www.ebi.ac.uk/ena/browser/view/FJ393274																													ACJ24907.2	https://www.ebi.ac.uk/ena/browser/view/ACJ24907.2																																																																																														
B8NHD6	EQ963478	https://www.ebi.ac.uk/ena/browser/view/EQ963478	CP044620	https://www.ebi.ac.uk/ena/browser/view/CP044620																																																							EED50778.1	https://www.ebi.ac.uk/ena/browser/view/EED50778.1	QRD86574.1	https://www.ebi.ac.uk/ena/browser/view/QRD86574.1																																																																																												
B8PD44	EQ966319	https://www.ebi.ac.uk/ena/browser/view/EQ966319																											LC378432	https://www.ebi.ac.uk/ena/browser/view/LC378432																													BBD74524.1	https://www.ebi.ac.uk/ena/browser/view/BBD74524.1	EED81184.1	https://www.ebi.ac.uk/ena/browser/view/EED81184.1																																																																																												
B8PQ84																													EU003997	https://www.ebi.ac.uk/ena/browser/view/EU003997	KC814639	https://www.ebi.ac.uk/ena/browser/view/KC814639																											ABV57835.1	https://www.ebi.ac.uk/ena/browser/view/ABV57835.1	AHJ59321.1	https://www.ebi.ac.uk/ena/browser/view/AHJ59321.1																																																																																												
B8XA41																													FJ194970	https://www.ebi.ac.uk/ena/browser/view/FJ194970																													ACJ38409.1	https://www.ebi.ac.uk/ena/browser/view/ACJ38409.1																																																																																														
B9RXW0	EQ973828	https://www.ebi.ac.uk/ena/browser/view/EQ973828																											JN315866	https://www.ebi.ac.uk/ena/browser/view/JN315866																													AEQ27768.1	https://www.ebi.ac.uk/ena/browser/view/AEQ27768.1	EEF43966.1	https://www.ebi.ac.uk/ena/browser/view/EEF43966.1	NP_001310649.1	https://www.ncbi.nlm.nih.gov/protein/NP_001310649.1																																															NP_001310649.1	NM_001323720.1	https://www.ncbi.nlm.nih.gov/protein/NP_001310649.1	https://www.ncbi.nlm.nih.gov/nucleotide/NM_001323720.1																																								
B9S9Z3	EQ973900	https://www.ebi.ac.uk/ena/browser/view/EQ973900																											JN315864	https://www.ebi.ac.uk/ena/browser/view/JN315864																													AEQ27766.1	https://www.ebi.ac.uk/ena/browser/view/AEQ27766.1	EEF39510.1	https://www.ebi.ac.uk/ena/browser/view/EEF39510.1	NP_001310685.1	https://www.ncbi.nlm.nih.gov/protein/NP_001310685.1																																															NP_001310685.1	NM_001323756.1	https://www.ncbi.nlm.nih.gov/protein/NP_001310685.1	https://www.ncbi.nlm.nih.gov/nucleotide/NM_001323756.1																																								
B9SIL7	EQ973975	https://www.ebi.ac.uk/ena/browser/view/EQ973975																																																									EEF36530.1	https://www.ebi.ac.uk/ena/browser/view/EEF36530.1																																																																																														
B9SIM2	EQ973975	https://www.ebi.ac.uk/ena/browser/view/EQ973975																																																									EEF36535.1	https://www.ebi.ac.uk/ena/browser/view/EEF36535.1																																																																																														
B9SIM3	EQ973975	https://www.ebi.ac.uk/ena/browser/view/EQ973975																																																									EEF36536.1	https://www.ebi.ac.uk/ena/browser/view/EEF36536.1																																																																																														
C0KWV3																													FJ644544	https://www.ebi.ac.uk/ena/browser/view/FJ644544																													ACN42009.1	https://www.ebi.ac.uk/ena/browser/view/ACN42009.1																																																																																														
C0KWV4																													FJ644545	https://www.ebi.ac.uk/ena/browser/view/FJ644545																													ACN42010.1	https://www.ebi.ac.uk/ena/browser/view/ACN42010.1																																																																																														
C0KWV5																													FJ644546	https://www.ebi.ac.uk/ena/browser/view/FJ644546																													ACN42011.1	https://www.ebi.ac.uk/ena/browser/view/ACN42011.1																																																																																														
C0KWV6																													FJ644547	https://www.ebi.ac.uk/ena/browser/view/FJ644547																													ACN42012.1	https://www.ebi.ac.uk/ena/browser/view/ACN42012.1																																																																																														
C0KWV7																													FJ644548	https://www.ebi.ac.uk/ena/browser/view/FJ644548																													ACN42013.2	https://www.ebi.ac.uk/ena/browser/view/ACN42013.2																																																																																														
C0PPM5																													BT070245	https://www.ebi.ac.uk/ena/browser/view/BT070245	HQ426161	https://www.ebi.ac.uk/ena/browser/view/HQ426161																											ACN39765.1	https://www.ebi.ac.uk/ena/browser/view/ACN39765.1	ADZ45516.1	https://www.ebi.ac.uk/ena/browser/view/ADZ45516.1																																																																																												
C0PPR1																													DQ195274	https://www.ebi.ac.uk/ena/browser/view/DQ195274	BT070282	https://www.ebi.ac.uk/ena/browser/view/BT070282	HQ426168	https://www.ebi.ac.uk/ena/browser/view/HQ426168																									ABA86247.1	https://www.ebi.ac.uk/ena/browser/view/ABA86247.1	ACN39801.1	https://www.ebi.ac.uk/ena/browser/view/ACN39801.1	ADZ45502.1	https://www.ebi.ac.uk/ena/browser/view/ADZ45502.1																																																																																										
C0PT35																													BT071518	https://www.ebi.ac.uk/ena/browser/view/BT071518	HQ426165	https://www.ebi.ac.uk/ena/browser/view/HQ426165																											ACN40975.1	https://www.ebi.ac.uk/ena/browser/view/ACN40975.1	ADZ45499.1	https://www.ebi.ac.uk/ena/browser/view/ADZ45499.1																																																																																												
C0PTH8																													BT071667	https://www.ebi.ac.uk/ena/browser/view/BT071667	HQ426169	https://www.ebi.ac.uk/ena/browser/view/HQ426169																											ACN41118.1	https://www.ebi.ac.uk/ena/browser/view/ACN41118.1	ADZ45506.1	https://www.ebi.ac.uk/ena/browser/view/ADZ45506.1																																																																																												
C1K5M2	KC807995	https://www.ebi.ac.uk/ena/browser/view/KC807995																											FJ797956	https://www.ebi.ac.uk/ena/browser/view/FJ797956																													ACO56895.1	https://www.ebi.ac.uk/ena/browser/view/ACO56895.1	AGK82810.1	https://www.ebi.ac.uk/ena/browser/view/AGK82810.1	NP_001234633.1	https://www.ncbi.nlm.nih.gov/protein/NP_001234633.1																																															NP_001234633.1	NM_001247704.1	https://www.ncbi.nlm.nih.gov/protein/NP_001234633.1	https://www.ncbi.nlm.nih.gov/nucleotide/NM_001247704.1																																								
C3RSF5																													EU099434	https://www.ebi.ac.uk/ena/browser/view/EU099434																													ABW80964.1	https://www.ebi.ac.uk/ena/browser/view/ABW80964.1																																																																																														
C5YHH7	CM000766	https://www.ebi.ac.uk/ena/browser/view/CM000766																																																									EES13421.1	https://www.ebi.ac.uk/ena/browser/view/EES13421.1																																																																																														
C5YHI2	CM000766	https://www.ebi.ac.uk/ena/browser/view/CM000766																																																									EES13422.1	https://www.ebi.ac.uk/ena/browser/view/EES13422.1																																																																																														
C8VE79	BN001305	https://www.ebi.ac.uk/ena/browser/view/BN001305	AACD01000152	https://www.ebi.ac.uk/ena/browser/view/AACD01000152																																																							CBF80424.1	https://www.ebi.ac.uk/ena/browser/view/CBF80424.1	EAA66901.1	https://www.ebi.ac.uk/ena/browser/view/EAA66901.1																																																																																												
C8VE82	BN001305	https://www.ebi.ac.uk/ena/browser/view/BN001305	AACD01000153	https://www.ebi.ac.uk/ena/browser/view/AACD01000153																																																							CBF80430.1	https://www.ebi.ac.uk/ena/browser/view/CBF80430.1	EAA67006.1	https://www.ebi.ac.uk/ena/browser/view/EAA67006.1																																																																																												
C8VN91	AACD01000025	https://www.ebi.ac.uk/ena/browser/view/AACD01000025	BN001307	https://www.ebi.ac.uk/ena/browser/view/BN001307																																																							EAA64305.1	https://www.ebi.ac.uk/ena/browser/view/EAA64305.1	CBF85188.1	https://www.ebi.ac.uk/ena/browser/view/CBF85188.1																																																																																												
C8VQ93	BN001308	https://www.ebi.ac.uk/ena/browser/view/BN001308																																																									CBF87258.1	https://www.ebi.ac.uk/ena/browser/view/CBF87258.1																																																																																														
C8VQ98	BN001308	https://www.ebi.ac.uk/ena/browser/view/BN001308																																																									CBF87267.1	https://www.ebi.ac.uk/ena/browser/view/CBF87267.1																																																																																														
C9K1X5	AB448947	https://www.ebi.ac.uk/ena/browser/view/AB448947																																																									BAI44338.1	https://www.ebi.ac.uk/ena/browser/view/BAI44338.1																																																																																														
C9K2Q3																													AB465604	https://www.ebi.ac.uk/ena/browser/view/AB465604																													BAI44849.1	https://www.ebi.ac.uk/ena/browser/view/BAI44849.1																																																																																														
D0UZK2	KK785100	https://www.ebi.ac.uk/ena/browser/view/KK785100																											AF441124	https://www.ebi.ac.uk/ena/browser/view/AF441124	GQ988384	https://www.ebi.ac.uk/ena/browser/view/GQ988384																											AAQ04608.1	https://www.ebi.ac.uk/ena/browser/view/AAQ04608.1	ACX70155.1	https://www.ebi.ac.uk/ena/browser/view/ACX70155.1	KDO49808.1	https://www.ebi.ac.uk/ena/browser/view/KDO49808.1	NP_001275785.1	https://www.ncbi.nlm.nih.gov/protein/NP_001275785.1																																													NP_001275785.1	NM_001288856.1	https://www.ncbi.nlm.nih.gov/protein/NP_001275785.1	https://www.ncbi.nlm.nih.gov/nucleotide/NM_001288856.1																																								
D0VMR6																													GU083697	https://www.ebi.ac.uk/ena/browser/view/GU083697																													ACY38195.1	https://www.ebi.ac.uk/ena/browser/view/ACY38195.1																																																																																														
D0VMR7																													GU083698	https://www.ebi.ac.uk/ena/browser/view/GU083698																													ACY38196.1	https://www.ebi.ac.uk/ena/browser/view/ACY38196.1																																																																																														
D0VMR8																													GU083699	https://www.ebi.ac.uk/ena/browser/view/GU083699																													ACY38197.1	https://www.ebi.ac.uk/ena/browser/view/ACY38197.1																																																																																														
D5SL78	CM000914	https://www.ebi.ac.uk/ena/browser/view/CM000914																																																									EFG04671.2	https://www.ebi.ac.uk/ena/browser/view/EFG04671.2	WP_003963519.1	https://www.ncbi.nlm.nih.gov/protein/WP_003963519.1																																																	WP_003963519.1	NZ_CM000914.1	https://www.ncbi.nlm.nih.gov/protein/WP_003963519.1	https://www.ncbi.nlm.nih.gov/nucleotide/NZ_CM000914.1																																								
D7PHY9	GU574477	https://www.ebi.ac.uk/ena/browser/view/GU574477																																																									ADI24937.1	https://www.ebi.ac.uk/ena/browser/view/ADI24937.1																																																																																														
D7PHZ2	GU574477	https://www.ebi.ac.uk/ena/browser/view/GU574477																																																									ADI24926.1	https://www.ebi.ac.uk/ena/browser/view/ADI24926.1																																																																																														
D7PHZ5	GU574477	https://www.ebi.ac.uk/ena/browser/view/GU574477																																																									ADI24929.1	https://www.ebi.ac.uk/ena/browser/view/ADI24929.1																																																																																														
D7PHZ6	GU574477	https://www.ebi.ac.uk/ena/browser/view/GU574477																																																									ADI24930.1	https://www.ebi.ac.uk/ena/browser/view/ADI24930.1																																																																																														
E2E2N3																													GU385967	https://www.ebi.ac.uk/ena/browser/view/GU385967																													ADK73614.1	https://www.ebi.ac.uk/ena/browser/view/ADK73614.1																																																																																														
E2E2N4																													GU385969	https://www.ebi.ac.uk/ena/browser/view/GU385969																													ADK73615.1	https://www.ebi.ac.uk/ena/browser/view/ADK73615.1																																																																																														
E2E2N5																													GU385970	https://www.ebi.ac.uk/ena/browser/view/GU385970																													ADK73616.1	https://www.ebi.ac.uk/ena/browser/view/ADK73616.1																																																																																														
E2E2P1																													GU385979	https://www.ebi.ac.uk/ena/browser/view/GU385979																													ADK73622.1	https://www.ebi.ac.uk/ena/browser/view/ADK73622.1																																																																																														
E2E2P2																													GU385980	https://www.ebi.ac.uk/ena/browser/view/GU385980																													ADK73623.1	https://www.ebi.ac.uk/ena/browser/view/ADK73623.1																																																																																														
E2IHE0																													HM537017	https://www.ebi.ac.uk/ena/browser/view/HM537017																													ADJ93862.1	https://www.ebi.ac.uk/ena/browser/view/ADJ93862.1																																																																																														
E7DN64																													HQ266580	https://www.ebi.ac.uk/ena/browser/view/HQ266580																													ADU52575.1	https://www.ebi.ac.uk/ena/browser/view/ADU52575.1	NP_001234597.1	https://www.ncbi.nlm.nih.gov/protein/NP_001234597.1																																																	NP_001234597.1	NM_001247668.2	https://www.ncbi.nlm.nih.gov/protein/NP_001234597.1	https://www.ncbi.nlm.nih.gov/nucleotide/NM_001247668.2																																								
F1CKI8	HQ850276	https://www.ebi.ac.uk/ena/browser/view/HQ850276																											HQ336800	https://www.ebi.ac.uk/ena/browser/view/HQ336800																													ADU85926.1	https://www.ebi.ac.uk/ena/browser/view/ADU85926.1	ADY38568.1	https://www.ebi.ac.uk/ena/browser/view/ADY38568.1																																																																																												
F1CKI9	HQ336801	https://www.ebi.ac.uk/ena/browser/view/HQ336801	HQ850277	https://www.ebi.ac.uk/ena/browser/view/HQ850277																									HQ336802	https://www.ebi.ac.uk/ena/browser/view/HQ336802																													ADU85927.1	https://www.ebi.ac.uk/ena/browser/view/ADU85927.1	ADU85928.1	https://www.ebi.ac.uk/ena/browser/view/ADU85928.1	ADY38569.1	https://www.ebi.ac.uk/ena/browser/view/ADY38569.1																																																																																										
F1CKJ1																													HQ336803	https://www.ebi.ac.uk/ena/browser/view/HQ336803	HQ336804	https://www.ebi.ac.uk/ena/browser/view/HQ336804																											ADU85929.1	https://www.ebi.ac.uk/ena/browser/view/ADU85929.1	ADU85930.1	https://www.ebi.ac.uk/ena/browser/view/ADU85930.1																																																																																												
F1SWA0																													AB480831	https://www.ebi.ac.uk/ena/browser/view/AB480831																													BAK09296.1	https://www.ebi.ac.uk/ena/browser/view/BAK09296.1																																																																																														
F2XF92																													HQ426150	https://www.ebi.ac.uk/ena/browser/view/HQ426150																													ADZ45512.1	https://www.ebi.ac.uk/ena/browser/view/ADZ45512.1																																																																																														
F2XF93																													HQ426151	https://www.ebi.ac.uk/ena/browser/view/HQ426151																													ADZ45500.1	https://www.ebi.ac.uk/ena/browser/view/ADZ45500.1																																																																																														
F2XF94																													HQ426152	https://www.ebi.ac.uk/ena/browser/view/HQ426152																													ADZ45510.1	https://www.ebi.ac.uk/ena/browser/view/ADZ45510.1																																																																																														
F2XF97																													HQ426155	https://www.ebi.ac.uk/ena/browser/view/HQ426155																													ADZ45513.1	https://www.ebi.ac.uk/ena/browser/view/ADZ45513.1																																																																																														
F2XF98																													HQ426156	https://www.ebi.ac.uk/ena/browser/view/HQ426156																													ADZ45497.1	https://www.ebi.ac.uk/ena/browser/view/ADZ45497.1																																																																																														
F2XFA0																													HQ426158	https://www.ebi.ac.uk/ena/browser/view/HQ426158																													ADZ45515.1	https://www.ebi.ac.uk/ena/browser/view/ADZ45515.1																																																																																														
F2XFA1																													HQ426159	https://www.ebi.ac.uk/ena/browser/view/HQ426159																													ADZ45503.1	https://www.ebi.ac.uk/ena/browser/view/ADZ45503.1																																																																																														
F2XFA2																													HQ426160	https://www.ebi.ac.uk/ena/browser/view/HQ426160																													ADZ45498.1	https://www.ebi.ac.uk/ena/browser/view/ADZ45498.1	JAI17753.1	https://www.ebi.ac.uk/ena/browser/view/JAI17753.1																																																																																												
F2XFA4																													HQ426162	https://www.ebi.ac.uk/ena/browser/view/HQ426162																													ADZ45504.1	https://www.ebi.ac.uk/ena/browser/view/ADZ45504.1																																																																																														
F2XFA5																													HQ426163	https://www.ebi.ac.uk/ena/browser/view/HQ426163																													ADZ45505.1	https://www.ebi.ac.uk/ena/browser/view/ADZ45505.1																																																																																														
F2XFA6																													HQ426164	https://www.ebi.ac.uk/ena/browser/view/HQ426164																													ADZ45501.1	https://www.ebi.ac.uk/ena/browser/view/ADZ45501.1																																																																																														
F6M8I0	JF746815	https://www.ebi.ac.uk/ena/browser/view/JF746815																																																									AEF32532.1	https://www.ebi.ac.uk/ena/browser/view/AEF32532.1																																																																																														
G0Y7D1																													HQ651178	https://www.ebi.ac.uk/ena/browser/view/HQ651178																													AEJ91554.1	https://www.ebi.ac.uk/ena/browser/view/AEJ91554.1																																																																																														
G0Y7D2																													HQ651179	https://www.ebi.ac.uk/ena/browser/view/HQ651179																													AEJ91555.1	https://www.ebi.ac.uk/ena/browser/view/AEJ91555.1																																																																																														
G3CCC0	HE588139	https://www.ebi.ac.uk/ena/browser/view/HE588139																																																									CCD33018.1	https://www.ebi.ac.uk/ena/browser/view/CCD33018.1																																																																																														
G3CCC1																													HE588140	https://www.ebi.ac.uk/ena/browser/view/HE588140	KF000066	https://www.ebi.ac.uk/ena/browser/view/KF000066																											CCD33019.1	https://www.ebi.ac.uk/ena/browser/view/CCD33019.1	AGN95433.1	https://www.ebi.ac.uk/ena/browser/view/AGN95433.1	NP_001312911.1	https://www.ncbi.nlm.nih.gov/protein/NP_001312911.1																																															NP_001312911.1	NM_001325982.1	https://www.ncbi.nlm.nih.gov/protein/NP_001312911.1	https://www.ncbi.nlm.nih.gov/nucleotide/NM_001325982.1																																								
G3E4M4																													HQ455831	https://www.ebi.ac.uk/ena/browser/view/HQ455831	HQ455832	https://www.ebi.ac.uk/ena/browser/view/HQ455832																											AEP03175.1	https://www.ebi.ac.uk/ena/browser/view/AEP03175.1	AEP03176.1	https://www.ebi.ac.uk/ena/browser/view/AEP03176.1																																																																																												
G3E4M6																													HQ455833	https://www.ebi.ac.uk/ena/browser/view/HQ455833																													AEP03177.1	https://www.ebi.ac.uk/ena/browser/view/AEP03177.1																																																																																														
G5CV45	JN412081	https://www.ebi.ac.uk/ena/browser/view/JN412081																																																									AEP82773.1	https://www.ebi.ac.uk/ena/browser/view/AEP82773.1	NP_001308023.1	https://www.ncbi.nlm.nih.gov/protein/NP_001308023.1																																																	NP_001308023.1	NM_001321094.1	https://www.ncbi.nlm.nih.gov/protein/NP_001308023.1	https://www.ncbi.nlm.nih.gov/nucleotide/NM_001321094.1																																								
G5CV46	JN412082	https://www.ebi.ac.uk/ena/browser/view/JN412082																											JN402396	https://www.ebi.ac.uk/ena/browser/view/JN402396																													AEM23833.1	https://www.ebi.ac.uk/ena/browser/view/AEM23833.1	AEP82774.1	https://www.ebi.ac.uk/ena/browser/view/AEP82774.1	NP_001239040.1	https://www.ncbi.nlm.nih.gov/protein/NP_001239040.1																																															NP_001239040.1	NM_001252111.1	https://www.ncbi.nlm.nih.gov/protein/NP_001239040.1	https://www.ncbi.nlm.nih.gov/nucleotide/NM_001252111.1																																								
G8GJ94																													JQ478435	https://www.ebi.ac.uk/ena/browser/view/JQ478435	JN133922	https://www.ebi.ac.uk/ena/browser/view/JN133922																											AFU61898.1	https://www.ebi.ac.uk/ena/browser/view/AFU61898.1	AET21246.1	https://www.ebi.ac.uk/ena/browser/view/AET21246.1																																																																																												
G8GJ95																													JN133923	https://www.ebi.ac.uk/ena/browser/view/JN133923	HQ641451	https://www.ebi.ac.uk/ena/browser/view/HQ641451																											AET21247.1	https://www.ebi.ac.uk/ena/browser/view/AET21247.1	ADW66454.1	https://www.ebi.ac.uk/ena/browser/view/ADW66454.1																																																																																												
G8GJ96																													JQ478434	https://www.ebi.ac.uk/ena/browser/view/JQ478434	JN133924	https://www.ebi.ac.uk/ena/browser/view/JN133924																											AFU61897.1	https://www.ebi.ac.uk/ena/browser/view/AFU61897.1	AET21248.1	https://www.ebi.ac.uk/ena/browser/view/AET21248.1																																																																																												
H8ZM73																													JN254808	https://www.ebi.ac.uk/ena/browser/view/JN254808																													AEL99953.1	https://www.ebi.ac.uk/ena/browser/view/AEL99953.1																																																																																														
H9L9E5																													GU987104	https://www.ebi.ac.uk/ena/browser/view/GU987104																													ADK94034.1	https://www.ebi.ac.uk/ena/browser/view/ADK94034.1																																																																																														
I1M2G5	CM000846	https://www.ebi.ac.uk/ena/browser/view/CM000846																											JF758895	https://www.ebi.ac.uk/ena/browser/view/JF758895																													AEE92791.1	https://www.ebi.ac.uk/ena/browser/view/AEE92791.1	KRH21637.1	https://www.ebi.ac.uk/ena/browser/view/KRH21637.1	NP_001276223.2	https://www.ncbi.nlm.nih.gov/protein/NP_001276223.2																																															NP_001276223.2	NM_001289294.2	https://www.ncbi.nlm.nih.gov/protein/NP_001276223.2	https://www.ncbi.nlm.nih.gov/nucleotide/NM_001289294.2																																								
I1RL11	HG970333	https://www.ebi.ac.uk/ena/browser/view/HG970333																																																									CEF79623.1	https://www.ebi.ac.uk/ena/browser/view/CEF79623.1	XP_011320993.1	https://www.ncbi.nlm.nih.gov/protein/XP_011320993.1																																																	XP_011320993.1	XM_011322691.1	https://www.ncbi.nlm.nih.gov/protein/XP_011320993.1	https://www.ncbi.nlm.nih.gov/nucleotide/XM_011322691.1																																								
I1RQ76	HG970334	https://www.ebi.ac.uk/ena/browser/view/HG970334																																																									CEF87525.1	https://www.ebi.ac.uk/ena/browser/view/CEF87525.1	XP_011324860.1	https://www.ncbi.nlm.nih.gov/protein/XP_011324860.1																																																	XP_011324860.1	XM_011326558.1	https://www.ncbi.nlm.nih.gov/protein/XP_011324860.1	https://www.ncbi.nlm.nih.gov/nucleotide/XM_011326558.1																																								
I1S104	HG970332	https://www.ebi.ac.uk/ena/browser/view/HG970332																																																									CEF75803.1	https://www.ebi.ac.uk/ena/browser/view/CEF75803.1	XP_011319367.1	https://www.ncbi.nlm.nih.gov/protein/XP_011319367.1																																																	XP_011319367.1	XM_011321065.1	https://www.ncbi.nlm.nih.gov/protein/XP_011319367.1	https://www.ncbi.nlm.nih.gov/nucleotide/XM_011321065.1																																								
I1ZHA5																													JN715077	https://www.ebi.ac.uk/ena/browser/view/JN715077																													AFJ23663.1	https://www.ebi.ac.uk/ena/browser/view/AFJ23663.1																																																																																														
I7GPX8	AB730584	https://www.ebi.ac.uk/ena/browser/view/AB730584																											AB303572	https://www.ebi.ac.uk/ena/browser/view/AB303572																													BAH03282.1	https://www.ebi.ac.uk/ena/browser/view/BAH03282.1	BAM24404.1	https://www.ebi.ac.uk/ena/browser/view/BAM24404.1																																																																																												
J7FJH2	JN613321	https://www.ebi.ac.uk/ena/browser/view/JN613321																																																									AFO85422.1	https://www.ebi.ac.uk/ena/browser/view/AFO85422.1																																																																																														
J7LP58																													JQ731632	https://www.ebi.ac.uk/ena/browser/view/JQ731632																													AFR23368.1	https://www.ebi.ac.uk/ena/browser/view/AFR23368.1																																																																																														
K2SUY0	AHHD01000085	https://www.ebi.ac.uk/ena/browser/view/AHHD01000085																																																									EKG20455.1	https://www.ebi.ac.uk/ena/browser/view/EKG20455.1																																																																																														
L0HAM7																													JX946357	https://www.ebi.ac.uk/ena/browser/view/JX946357																													AGA96119.1	https://www.ebi.ac.uk/ena/browser/view/AGA96119.1																																																																																														
L0HB77																													JX946358	https://www.ebi.ac.uk/ena/browser/view/JX946358																													AGA96120.1	https://www.ebi.ac.uk/ena/browser/view/AGA96120.1																																																																																														
L0N065																													AB686276	https://www.ebi.ac.uk/ena/browser/view/AB686276																													BAM71035.1	https://www.ebi.ac.uk/ena/browser/view/BAM71035.1																																																																																														
M1V9Q0	AB738084	https://www.ebi.ac.uk/ena/browser/view/AB738084																																																									BAM78697.1	https://www.ebi.ac.uk/ena/browser/view/BAM78697.1																																																																																														
M1VDX3	AB738085	https://www.ebi.ac.uk/ena/browser/view/AB738085																																																									BAM78698.1	https://www.ebi.ac.uk/ena/browser/view/BAM78698.1																																																																																														
M2U578	KB445573	https://www.ebi.ac.uk/ena/browser/view/KB445573																																																									EMD93704.1	https://www.ebi.ac.uk/ena/browser/view/EMD93704.1																																																																																														
M2V8C1	KB445570	https://www.ebi.ac.uk/ena/browser/view/KB445570																																																									EMD96232.1	https://www.ebi.ac.uk/ena/browser/view/EMD96232.1																																																																																														
M4HXU6																													JQ240312	https://www.ebi.ac.uk/ena/browser/view/JQ240312																													AFU73864.1	https://www.ebi.ac.uk/ena/browser/view/AFU73864.1																																																																																														
M4HY05																													JQ240310	https://www.ebi.ac.uk/ena/browser/view/JQ240310																													AFU73862.1	https://www.ebi.ac.uk/ena/browser/view/AFU73862.1																																																																																														
M4HYC6																													JQ240311	https://www.ebi.ac.uk/ena/browser/view/JQ240311																													AFU73863.1	https://www.ebi.ac.uk/ena/browser/view/AFU73863.1																																																																																														
M4I1C6																													JQ820249	https://www.ebi.ac.uk/ena/browser/view/JQ820249																													AFW17224.1	https://www.ebi.ac.uk/ena/browser/view/AFW17224.1																																																																																														
M4VQY9	AAHF01000014	https://www.ebi.ac.uk/ena/browser/view/AAHF01000014																											KC407776	https://www.ebi.ac.uk/ena/browser/view/KC407776																													AGI05042.1	https://www.ebi.ac.uk/ena/browser/view/AGI05042.1	EAL85115.1	https://www.ebi.ac.uk/ena/browser/view/EAL85115.1																																																																																												
O22340	AF326518	https://www.ebi.ac.uk/ena/browser/view/AF326518																											AF006193	https://www.ebi.ac.uk/ena/browser/view/AF006193																													AAB70907.1	https://www.ebi.ac.uk/ena/browser/view/AAB70907.1	AAK83565.1	https://www.ebi.ac.uk/ena/browser/view/AAK83565.1																																																																																												
O23390	Z97338	https://www.ebi.ac.uk/ena/browser/view/Z97338	AL161541	https://www.ebi.ac.uk/ena/browser/view/AL161541	CP002687	https://www.ebi.ac.uk/ena/browser/view/CP002687																																																					CAB10316.1	https://www.ebi.ac.uk/ena/browser/view/CAB10316.1	CAB78579.1	https://www.ebi.ac.uk/ena/browser/view/CAB78579.1	AEE83589.1	https://www.ebi.ac.uk/ena/browser/view/AEE83589.1	NP_193272.1	https://www.ncbi.nlm.nih.gov/protein/NP_193272.1																																													NP_193272.1	NM_117625.2	https://www.ncbi.nlm.nih.gov/protein/NP_193272.1	https://www.ncbi.nlm.nih.gov/nucleotide/NM_117625.2																																								
O24474																													U87908	https://www.ebi.ac.uk/ena/browser/view/U87908																													AAB71084.1	https://www.ebi.ac.uk/ena/browser/view/AAB71084.1																																																																																														
O24475	AF326517	https://www.ebi.ac.uk/ena/browser/view/AF326517																											U87909	https://www.ebi.ac.uk/ena/browser/view/U87909																													AAB71085.1	https://www.ebi.ac.uk/ena/browser/view/AAB71085.1	AAK83564.1	https://www.ebi.ac.uk/ena/browser/view/AAK83564.1																																																																																												
O48935																													AF024615	https://www.ebi.ac.uk/ena/browser/view/AF024615	AJ786642	https://www.ebi.ac.uk/ena/browser/view/AJ786642																											AAB95209.1	https://www.ebi.ac.uk/ena/browser/view/AAB95209.1	CAH10289.1	https://www.ebi.ac.uk/ena/browser/view/CAH10289.1																																																																																												
O64404	AF326513	https://www.ebi.ac.uk/ena/browser/view/AF326513																											U92266	https://www.ebi.ac.uk/ena/browser/view/U92266																													AAC05727.1	https://www.ebi.ac.uk/ena/browser/view/AAC05727.1	AAK83561.1	https://www.ebi.ac.uk/ena/browser/view/AAK83561.1																																																																																												
O64405																													U92267	https://www.ebi.ac.uk/ena/browser/view/U92267																													AAC05728.1	https://www.ebi.ac.uk/ena/browser/view/AAC05728.1																																																																																														
O65323																													AF061285	https://www.ebi.ac.uk/ena/browser/view/AF061285																													AAC61260.1	https://www.ebi.ac.uk/ena/browser/view/AAC61260.1																																																																																														
O65435	AL022224	https://www.ebi.ac.uk/ena/browser/view/AL022224	AL161552	https://www.ebi.ac.uk/ena/browser/view/AL161552	CP002687	https://www.ebi.ac.uk/ena/browser/view/CP002687																																																					CAA18246.1	https://www.ebi.ac.uk/ena/browser/view/CAA18246.1	CAB79021.1	https://www.ebi.ac.uk/ena/browser/view/CAB79021.1	AEE84285.1	https://www.ebi.ac.uk/ena/browser/view/AEE84285.1	NP_193754.2	https://www.ncbi.nlm.nih.gov/protein/NP_193754.2																																													NP_193754.2	NM_118140.3	https://www.ncbi.nlm.nih.gov/protein/NP_193754.2	https://www.ncbi.nlm.nih.gov/nucleotide/NM_118140.3																																								
O81000	AC004786	https://www.ebi.ac.uk/ena/browser/view/AC004786	CP002685	https://www.ebi.ac.uk/ena/browser/view/CP002685																																																							AAC32430.1	https://www.ebi.ac.uk/ena/browser/view/AAC32430.1	AEC07362.1	https://www.ebi.ac.uk/ena/browser/view/AEC07362.1	NP_179868.1	https://www.ncbi.nlm.nih.gov/protein/NP_179868.1																																															NP_179868.1	NM_127848.4	https://www.ncbi.nlm.nih.gov/protein/NP_179868.1	https://www.ncbi.nlm.nih.gov/nucleotide/NM_127848.4																																								
O81086	AF326515	https://www.ebi.ac.uk/ena/browser/view/AF326515																											AF006195	https://www.ebi.ac.uk/ena/browser/view/AF006195	AF006194	https://www.ebi.ac.uk/ena/browser/view/AF006194																											AAC24192.1	https://www.ebi.ac.uk/ena/browser/view/AAC24192.1	AAC24191.1	https://www.ebi.ac.uk/ena/browser/view/AAC24191.1	AAK83562.1	https://www.ebi.ac.uk/ena/browser/view/AAK83562.1																																																																																										
O82139																													AB009029	https://www.ebi.ac.uk/ena/browser/view/AB009029																													BAA33460.1	https://www.ebi.ac.uk/ena/browser/view/BAA33460.1																																																																																														
P00183	M12546	https://www.ebi.ac.uk/ena/browser/view/M12546	D00528	https://www.ebi.ac.uk/ena/browser/view/D00528																																																							AAA25760.1	https://www.ebi.ac.uk/ena/browser/view/AAA25760.1	BAA00412.1	https://www.ebi.ac.uk/ena/browser/view/BAA00412.1																																																																																												
P0CJ43																																																																																																																																																										
P0CV94																																																											CAD57081.1	https://www.ebi.ac.uk/ena/browser/view/CAD57081.1	CAD57082.1	https://www.ebi.ac.uk/ena/browser/view/CAD57082.1																																																																																												
P0CV95																																																											CAD57106.1	https://www.ebi.ac.uk/ena/browser/view/CAD57106.1																																																																																														
P0DL13	KZ293696	https://www.ebi.ac.uk/ena/browser/view/KZ293696																											KC852198	https://www.ebi.ac.uk/ena/browser/view/KC852198																													AGR34199.1	https://www.ebi.ac.uk/ena/browser/view/AGR34199.1	PBK84744.1	https://www.ebi.ac.uk/ena/browser/view/PBK84744.1																																																																																												
P0DO37																																																																																																																																																										
P0DO40																																																																																																																																																										
P16640	D00528	https://www.ebi.ac.uk/ena/browser/view/D00528	J05406	https://www.ebi.ac.uk/ena/browser/view/J05406	M12546	https://www.ebi.ac.uk/ena/browser/view/M12546																																																					BAA00413.1	https://www.ebi.ac.uk/ena/browser/view/BAA00413.1	AAA25758.1	https://www.ebi.ac.uk/ena/browser/view/AAA25758.1	AAA25761.1	https://www.ebi.ac.uk/ena/browser/view/AAA25761.1																																																																																										
P53799	AF004560	https://www.ebi.ac.uk/ena/browser/view/AF004560	AL023094	https://www.ebi.ac.uk/ena/browser/view/AL023094	AL161585	https://www.ebi.ac.uk/ena/browser/view/AL161585	CP002687	https://www.ebi.ac.uk/ena/browser/view/CP002687																					D29017	https://www.ebi.ac.uk/ena/browser/view/D29017	X86692	https://www.ebi.ac.uk/ena/browser/view/X86692	U79159	https://www.ebi.ac.uk/ena/browser/view/U79159	AY099868	https://www.ebi.ac.uk/ena/browser/view/AY099868	BT003419	https://www.ebi.ac.uk/ena/browser/view/BT003419																					BAA06103.1	https://www.ebi.ac.uk/ena/browser/view/BAA06103.1	CAA60385.1	https://www.ebi.ac.uk/ena/browser/view/CAA60385.1	AAB62242.1	https://www.ebi.ac.uk/ena/browser/view/AAB62242.1	AAD00296.1	https://www.ebi.ac.uk/ena/browser/view/AAD00296.1	CAA18843.1	https://www.ebi.ac.uk/ena/browser/view/CAA18843.1	CAB80181.1	https://www.ebi.ac.uk/ena/browser/view/CAB80181.1	AEE86403.1	https://www.ebi.ac.uk/ena/browser/view/AEE86403.1	AAM20719.1	https://www.ebi.ac.uk/ena/browser/view/AAM20719.1	AAO30082.1	https://www.ebi.ac.uk/ena/browser/view/AAO30082.1	NP_195190.1	https://www.ncbi.nlm.nih.gov/protein/NP_195190.1																																	NP_195190.1	NM_119630.4	https://www.ncbi.nlm.nih.gov/protein/NP_195190.1	https://www.ncbi.nlm.nih.gov/nucleotide/NM_119630.4																																								
P59287	EQ973781	https://www.ebi.ac.uk/ena/browser/view/EQ973781																											L32134	https://www.ebi.ac.uk/ena/browser/view/L32134																													EEF48743.1	https://www.ebi.ac.uk/ena/browser/view/EEF48743.1																																																																																														
P77735	U82664	https://www.ebi.ac.uk/ena/browser/view/U82664	U00096	https://www.ebi.ac.uk/ena/browser/view/U00096	AP009048	https://www.ebi.ac.uk/ena/browser/view/AP009048																																																					AAB40175.1	https://www.ebi.ac.uk/ena/browser/view/AAB40175.1	AAC73522.2	https://www.ebi.ac.uk/ena/browser/view/AAC73522.2	BAE76199.1	https://www.ebi.ac.uk/ena/browser/view/BAE76199.1	NP_414953.2	https://www.ncbi.nlm.nih.gov/protein/NP_414953.2	WP_001199800.1	https://www.ncbi.nlm.nih.gov/protein/WP_001199800.1																																											NP_414953.2	NC_000913.3	https://www.ncbi.nlm.nih.gov/protein/NP_414953.2	https://www.ncbi.nlm.nih.gov/nucleotide/NC_000913.3	WP_001199800.1	NZ_CP009789.1	https://www.ncbi.nlm.nih.gov/protein/WP_001199800.1	https://www.ncbi.nlm.nih.gov/nucleotide/NZ_CP009789.1																																				
P93665																													U88318	https://www.ebi.ac.uk/ena/browser/view/U88318																													AAC12784.1	https://www.ebi.ac.uk/ena/browser/view/AAC12784.1	NP_001313854.1	https://www.ncbi.nlm.nih.gov/protein/NP_001313854.1																																																	NP_001313854.1	NM_001326925.1	https://www.ncbi.nlm.nih.gov/protein/NP_001313854.1	https://www.ncbi.nlm.nih.gov/nucleotide/NM_001326925.1																																								
P9WEG9	OR962264	https://www.ebi.ac.uk/ena/browser/view/OR962264																																																									XAF84280.1	https://www.ebi.ac.uk/ena/browser/view/XAF84280.1																																																																																														
P9WEH1	OR962264	https://www.ebi.ac.uk/ena/browser/view/OR962264																																																									XAF84278.1	https://www.ebi.ac.uk/ena/browser/view/XAF84278.1																																																																																														
P9WEP0																													MW387950	https://www.ebi.ac.uk/ena/browser/view/MW387950																													QRF92542.1	https://www.ebi.ac.uk/ena/browser/view/QRF92542.1																																																																																														
P9WEQ0																																																																																																																																																										
P9WEQ1																																																																																																																																																										
P9WEQ6																																																																																																																																																										
P9WEQ9																																																																																																																																																										
P9WER6	MW446505	https://www.ebi.ac.uk/ena/browser/view/MW446505																																																									UPT51558.1	https://www.ebi.ac.uk/ena/browser/view/UPT51558.1																																																																																														
P9WEV2	KX449366	https://www.ebi.ac.uk/ena/browser/view/KX449366																																																									AQM58281.1	https://www.ebi.ac.uk/ena/browser/view/AQM58281.1																																																																																														
P9WEV3	KX449366	https://www.ebi.ac.uk/ena/browser/view/KX449366																																																									AQM58280.1	https://www.ebi.ac.uk/ena/browser/view/AQM58280.1																																																																																														
P9WEV6																																																																																																																																																										
P9WEV7																																																																																																																																																										
P9WEY7																													MN523652	https://www.ebi.ac.uk/ena/browser/view/MN523652																													QKE43661.1	https://www.ebi.ac.uk/ena/browser/view/QKE43661.1																																																																																														
Q00870	L39639	https://www.ebi.ac.uk/ena/browser/view/L39639																																																									AAA87627.1	https://www.ebi.ac.uk/ena/browser/view/AAA87627.1																																																																																														
Q00909	U22464	https://www.ebi.ac.uk/ena/browser/view/U22464	AF336366	https://www.ebi.ac.uk/ena/browser/view/AF336366	AY102567	https://www.ebi.ac.uk/ena/browser/view/AY102567	AY102581	https://www.ebi.ac.uk/ena/browser/view/AY102581	AY102584	https://www.ebi.ac.uk/ena/browser/view/AY102584	AY102587	https://www.ebi.ac.uk/ena/browser/view/AY102587	AY102599	https://www.ebi.ac.uk/ena/browser/view/AY102599	AY102603	https://www.ebi.ac.uk/ena/browser/view/AY102603	AY102605	https://www.ebi.ac.uk/ena/browser/view/AY102605	AF359361	https://www.ebi.ac.uk/ena/browser/view/AF359361	AY130290	https://www.ebi.ac.uk/ena/browser/view/AY130290	DS231664	https://www.ebi.ac.uk/ena/browser/view/DS231664	HG970333	https://www.ebi.ac.uk/ena/browser/view/HG970333																																	AAB72033.1	https://www.ebi.ac.uk/ena/browser/view/AAB72033.1	AAK53586.1	https://www.ebi.ac.uk/ena/browser/view/AAK53586.1	AAM48750.1	https://www.ebi.ac.uk/ena/browser/view/AAM48750.1	AAM48862.1	https://www.ebi.ac.uk/ena/browser/view/AAM48862.1	AAM48886.1	https://www.ebi.ac.uk/ena/browser/view/AAM48886.1	AAM48910.1	https://www.ebi.ac.uk/ena/browser/view/AAM48910.1	AAM49006.1	https://www.ebi.ac.uk/ena/browser/view/AAM49006.1	AAM49038.1	https://www.ebi.ac.uk/ena/browser/view/AAM49038.1	AAM49054.1	https://www.ebi.ac.uk/ena/browser/view/AAM49054.1	AAK33084.1	https://www.ebi.ac.uk/ena/browser/view/AAK33084.1	AAN05032.1	https://www.ebi.ac.uk/ena/browser/view/AAN05032.1	ESU09673.1	https://www.ebi.ac.uk/ena/browser/view/ESU09673.1	CEF78359.1	https://www.ebi.ac.uk/ena/browser/view/CEF78359.1	XP_011322172.1	https://www.ncbi.nlm.nih.gov/protein/XP_011322172.1																									XP_011322172.1	XM_011323870.1	https://www.ncbi.nlm.nih.gov/protein/XP_011322172.1	https://www.ncbi.nlm.nih.gov/nucleotide/XM_011323870.1																																								
Q00G37	CM000127	https://www.ebi.ac.uk/ena/browser/view/CM000127																											DQ823354	https://www.ebi.ac.uk/ena/browser/view/DQ823354																													ABH10734.1	https://www.ebi.ac.uk/ena/browser/view/ABH10734.1	EAY86361.1	https://www.ebi.ac.uk/ena/browser/view/EAY86361.1																																																																																												
Q04782	L04305	https://www.ebi.ac.uk/ena/browser/view/L04305	CP017624	https://www.ebi.ac.uk/ena/browser/view/CP017624																																																							AAA34342.1	https://www.ebi.ac.uk/ena/browser/view/AAA34342.1	AOW27286.1	https://www.ebi.ac.uk/ena/browser/view/AOW27286.1	XP_722612.2	https://www.ncbi.nlm.nih.gov/protein/XP_722612.2																																															XP_722612.2	XM_717519.2	https://www.ncbi.nlm.nih.gov/protein/XP_722612.2	https://www.ncbi.nlm.nih.gov/nucleotide/XM_717519.2																																								
Q0C8A1	CH476609	https://www.ebi.ac.uk/ena/browser/view/CH476609																																																									EAU29532.1	https://www.ebi.ac.uk/ena/browser/view/EAU29532.1	XP_001209385.1	https://www.ncbi.nlm.nih.gov/protein/XP_001209385.1																																																	XP_001209385.1	XM_001209385.1	https://www.ncbi.nlm.nih.gov/protein/XP_001209385.1	https://www.ncbi.nlm.nih.gov/nucleotide/XM_001209385.1																																								
Q0C8A2	CH476609	https://www.ebi.ac.uk/ena/browser/view/CH476609																																																									EAU29531.1	https://www.ebi.ac.uk/ena/browser/view/EAU29531.1	XP_001209384.1	https://www.ncbi.nlm.nih.gov/protein/XP_001209384.1																																																	XP_001209384.1	XM_001209384.1	https://www.ncbi.nlm.nih.gov/protein/XP_001209384.1	https://www.ncbi.nlm.nih.gov/nucleotide/XM_001209384.1																																								
Q0C8A4	CH476609	https://www.ebi.ac.uk/ena/browser/view/CH476609																																																									EAU29529.1	https://www.ebi.ac.uk/ena/browser/view/EAU29529.1	XP_001209382.1	https://www.ncbi.nlm.nih.gov/protein/XP_001209382.1																																																	XP_001209382.1	XM_001209382.1	https://www.ncbi.nlm.nih.gov/protein/XP_001209382.1	https://www.ncbi.nlm.nih.gov/nucleotide/XM_001209382.1																																								
Q0CRW6	CH476597	https://www.ebi.ac.uk/ena/browser/view/CH476597																																																									EAU36842.1	https://www.ebi.ac.uk/ena/browser/view/EAU36842.1	XP_001212746.1	https://www.ncbi.nlm.nih.gov/protein/XP_001212746.1																																																	XP_001212746.1	XM_001212746.1	https://www.ncbi.nlm.nih.gov/protein/XP_001212746.1	https://www.ncbi.nlm.nih.gov/nucleotide/XM_001212746.1																																								
Q0CRW7	CH476597	https://www.ebi.ac.uk/ena/browser/view/CH476597																																																									EAU36841.1	https://www.ebi.ac.uk/ena/browser/view/EAU36841.1	XP_001212745.1	https://www.ncbi.nlm.nih.gov/protein/XP_001212745.1																																																	XP_001212745.1	XM_001212745.1	https://www.ncbi.nlm.nih.gov/protein/XP_001212745.1	https://www.ncbi.nlm.nih.gov/nucleotide/XM_001212745.1																																								
Q0E088	AP005835	https://www.ebi.ac.uk/ena/browser/view/AP005835	AP008208	https://www.ebi.ac.uk/ena/browser/view/AP008208	AP014958	https://www.ebi.ac.uk/ena/browser/view/AP014958	CM000139	https://www.ebi.ac.uk/ena/browser/view/CM000139																					AB089272	https://www.ebi.ac.uk/ena/browser/view/AB089272																													BAC56714.1	https://www.ebi.ac.uk/ena/browser/view/BAC56714.1	BAD17672.1	https://www.ebi.ac.uk/ena/browser/view/BAD17672.1	BAF09100.1	https://www.ebi.ac.uk/ena/browser/view/BAF09100.1	BAS79338.1	https://www.ebi.ac.uk/ena/browser/view/BAS79338.1	EAZ23509.1	https://www.ebi.ac.uk/ena/browser/view/EAZ23509.1																																																																																						
Q0JA82	AL731610	https://www.ebi.ac.uk/ena/browser/view/AL731610	AP008210	https://www.ebi.ac.uk/ena/browser/view/AP008210	AP014960	https://www.ebi.ac.uk/ena/browser/view/AP014960																							AY347876	https://www.ebi.ac.uk/ena/browser/view/AY347876	AB126933	https://www.ebi.ac.uk/ena/browser/view/AB126933																											AAQ72559.1	https://www.ebi.ac.uk/ena/browser/view/AAQ72559.1	BAE72099.1	https://www.ebi.ac.uk/ena/browser/view/BAE72099.1	CAE05201.3	https://www.ebi.ac.uk/ena/browser/view/CAE05201.3	BAF15755.1	https://www.ebi.ac.uk/ena/browser/view/BAF15755.1	BAS90962.1	https://www.ebi.ac.uk/ena/browser/view/BAS90962.1																																																																																						
Q0JEZ8	AL662936	https://www.ebi.ac.uk/ena/browser/view/AL662936	AP008210	https://www.ebi.ac.uk/ena/browser/view/AP008210	AP014960	https://www.ebi.ac.uk/ena/browser/view/AP014960	CM000141	https://www.ebi.ac.uk/ena/browser/view/CM000141																					AB126934	https://www.ebi.ac.uk/ena/browser/view/AB126934	AY347880	https://www.ebi.ac.uk/ena/browser/view/AY347880																											BAD54751.1	https://www.ebi.ac.uk/ena/browser/view/BAD54751.1	AAQ72563.1	https://www.ebi.ac.uk/ena/browser/view/AAQ72563.1	CAD39717.1	https://www.ebi.ac.uk/ena/browser/view/CAD39717.1	BAF14089.1	https://www.ebi.ac.uk/ena/browser/view/BAF14089.1	BAS87953.1	https://www.ebi.ac.uk/ena/browser/view/BAS87953.1	EEE60594.1	https://www.ebi.ac.uk/ena/browser/view/EEE60594.1																																																																																				
Q0WQ07	Z97338	https://www.ebi.ac.uk/ena/browser/view/Z97338	AL161541	https://www.ebi.ac.uk/ena/browser/view/AL161541	CP002687	https://www.ebi.ac.uk/ena/browser/view/CP002687																							AK228903	https://www.ebi.ac.uk/ena/browser/view/AK228903																													CAB10312.1	https://www.ebi.ac.uk/ena/browser/view/CAB10312.1	CAB78575.1	https://www.ebi.ac.uk/ena/browser/view/CAB78575.1	AEE83585.1	https://www.ebi.ac.uk/ena/browser/view/AEE83585.1	BAF00792.1	https://www.ebi.ac.uk/ena/browser/view/BAF00792.1	NP_193268.3	https://www.ncbi.nlm.nih.gov/protein/NP_193268.3																																											NP_193268.3	NM_117621.5	https://www.ncbi.nlm.nih.gov/protein/NP_193268.3	https://www.ncbi.nlm.nih.gov/nucleotide/NM_117621.5																																								
Q10231	CU329670	https://www.ebi.ac.uk/ena/browser/view/CU329670																											U41368	https://www.ebi.ac.uk/ena/browser/view/U41368																													AAA92502.1	https://www.ebi.ac.uk/ena/browser/view/AAA92502.1	CAA93571.2	https://www.ebi.ac.uk/ena/browser/view/CAA93571.2	NP_593702.2	https://www.ncbi.nlm.nih.gov/protein/NP_593702.2																																															NP_593702.2	NM_001019134.2	https://www.ncbi.nlm.nih.gov/protein/NP_593702.2	https://www.ncbi.nlm.nih.gov/nucleotide/NM_001019134.2																																								
Q15FB4	DQ443465	https://www.ebi.ac.uk/ena/browser/view/DQ443465																																																									ABF20223.1	https://www.ebi.ac.uk/ena/browser/view/ABF20223.1																																																																																														
Q15FB6	DQ443465	https://www.ebi.ac.uk/ena/browser/view/DQ443465																																																									ABF20221.1	https://www.ebi.ac.uk/ena/browser/view/ABF20221.1																																																																																														
Q15FB7	DQ443465	https://www.ebi.ac.uk/ena/browser/view/DQ443465																																																									ABF20220.1	https://www.ebi.ac.uk/ena/browser/view/ABF20220.1																																																																																														
Q1AHB2	CM000136	https://www.ebi.ac.uk/ena/browser/view/CM000136																											DQ100373	https://www.ebi.ac.uk/ena/browser/view/DQ100373																													AAZ76733.1	https://www.ebi.ac.uk/ena/browser/view/AAZ76733.1	EEC68148.1	https://www.ebi.ac.uk/ena/browser/view/EEC68148.1																																																																																												
Q1G1A4	AL138649	https://www.ebi.ac.uk/ena/browser/view/AL138649	CP002686	https://www.ebi.ac.uk/ena/browser/view/CP002686																									DQ508794	https://www.ebi.ac.uk/ena/browser/view/DQ508794	AB247155	https://www.ebi.ac.uk/ena/browser/view/AB247155																											ABF57670.1	https://www.ebi.ac.uk/ena/browser/view/ABF57670.1	BAE95408.1	https://www.ebi.ac.uk/ena/browser/view/BAE95408.1	CAB72151.1	https://www.ebi.ac.uk/ena/browser/view/CAB72151.1	AEE77996.1	https://www.ebi.ac.uk/ena/browser/view/AEE77996.1	ANM65849.1	https://www.ebi.ac.uk/ena/browser/view/ANM65849.1	ANM65850.1	https://www.ebi.ac.uk/ena/browser/view/ANM65850.1	NP_001327787.1	https://www.ncbi.nlm.nih.gov/protein/NP_001327787.1	NP_001327788.1	https://www.ncbi.nlm.nih.gov/protein/NP_001327788.1	NP_190099.3	https://www.ncbi.nlm.nih.gov/protein/NP_190099.3																																			NP_001327787.1	NM_001339197.1	https://www.ncbi.nlm.nih.gov/protein/NP_001327787.1	https://www.ncbi.nlm.nih.gov/nucleotide/NM_001339197.1	NP_001327788.1	NM_001339196.1	https://www.ncbi.nlm.nih.gov/protein/NP_001327788.1	https://www.ncbi.nlm.nih.gov/nucleotide/NM_001339196.1	NP_190099.3	NM_114382.5	https://www.ncbi.nlm.nih.gov/protein/NP_190099.3	https://www.ncbi.nlm.nih.gov/nucleotide/NM_114382.5																																
Q1XBU5	JN408286	https://www.ebi.ac.uk/ena/browser/view/JN408286	CM001064	https://www.ebi.ac.uk/ena/browser/view/CM001064																									AY840091	https://www.ebi.ac.uk/ena/browser/view/AY840091																													AAX69063.1	https://www.ebi.ac.uk/ena/browser/view/AAX69063.1	AEM05855.1	https://www.ebi.ac.uk/ena/browser/view/AEM05855.1	NP_001233805.1	https://www.ncbi.nlm.nih.gov/protein/NP_001233805.1																																															NP_001233805.1	NM_001246876.3	https://www.ncbi.nlm.nih.gov/protein/NP_001233805.1	https://www.ncbi.nlm.nih.gov/nucleotide/NM_001246876.3																																								
Q20HU7																													DQ195275	https://www.ebi.ac.uk/ena/browser/view/DQ195275																													ABA86248.1	https://www.ebi.ac.uk/ena/browser/view/ABA86248.1																																																																																														
Q24FB1	GG662290	https://www.ebi.ac.uk/ena/browser/view/GG662290																																																									EAS06451.2	https://www.ebi.ac.uk/ena/browser/view/EAS06451.2	XP_001026696.2	https://www.ncbi.nlm.nih.gov/protein/XP_001026696.2																																																	XP_001026696.2	XM_001026696.2	https://www.ncbi.nlm.nih.gov/protein/XP_001026696.2	https://www.ncbi.nlm.nih.gov/nucleotide/XM_001026696.2																																								
Q2QQJ5	DP000011	https://www.ebi.ac.uk/ena/browser/view/DP000011	AP008218	https://www.ebi.ac.uk/ena/browser/view/AP008218	AP014968	https://www.ebi.ac.uk/ena/browser/view/AP014968																							DQ823355	https://www.ebi.ac.uk/ena/browser/view/DQ823355	AB126937	https://www.ebi.ac.uk/ena/browser/view/AB126937																											ABH10735.1	https://www.ebi.ac.uk/ena/browser/view/ABH10735.1	ABA98308.2	https://www.ebi.ac.uk/ena/browser/view/ABA98308.2	BAF29818.1	https://www.ebi.ac.uk/ena/browser/view/BAF29818.1	BAT17204.1	https://www.ebi.ac.uk/ena/browser/view/BAT17204.1	BAD54752.1	https://www.ebi.ac.uk/ena/browser/view/BAD54752.1																																																																																						
Q308N0																													DQ234300	https://www.ebi.ac.uk/ena/browser/view/DQ234300																													ABB30218.1	https://www.ebi.ac.uk/ena/browser/view/ABB30218.1																																																																																														
Q32KR6																													BC109959	https://www.ebi.ac.uk/ena/browser/view/BC109959																													AAI09960.1	https://www.ebi.ac.uk/ena/browser/view/AAI09960.1																																																																																														
Q39548																													U43904	https://www.ebi.ac.uk/ena/browser/view/U43904																													AAB39482.1	https://www.ebi.ac.uk/ena/browser/view/AAB39482.1	XP_022968895.1	https://www.ncbi.nlm.nih.gov/protein/XP_022968895.1	XP_022968896.1	https://www.ncbi.nlm.nih.gov/protein/XP_022968896.1																																															XP_022968895.1	XM_023113127.1	https://www.ncbi.nlm.nih.gov/protein/XP_022968895.1	https://www.ncbi.nlm.nih.gov/nucleotide/XM_023113127.1	XP_022968896.1	XM_023113128.1	https://www.ncbi.nlm.nih.gov/protein/XP_022968896.1	https://www.ncbi.nlm.nih.gov/nucleotide/XM_023113128.1																																				
Q39761																													U23206	https://www.ebi.ac.uk/ena/browser/view/U23206																													AAA93064.1	https://www.ebi.ac.uk/ena/browser/view/AAA93064.1																																																																																														
Q41594	AF326519	https://www.ebi.ac.uk/ena/browser/view/AF326519																											U48796	https://www.ebi.ac.uk/ena/browser/view/U48796																													AAC49310.1	https://www.ebi.ac.uk/ena/browser/view/AAC49310.1	AAK83566.1	https://www.ebi.ac.uk/ena/browser/view/AAK83566.1																																																																																												
Q43714																													X96429	https://www.ebi.ac.uk/ena/browser/view/X96429	U27535	https://www.ebi.ac.uk/ena/browser/view/U27535																											CAA65289.1	https://www.ebi.ac.uk/ena/browser/view/CAA65289.1	AAB41259.1	https://www.ebi.ac.uk/ena/browser/view/AAB41259.1	NP_001316949.1	https://www.ncbi.nlm.nih.gov/protein/NP_001316949.1																																															NP_001316949.1	NM_001330020.1	https://www.ncbi.nlm.nih.gov/protein/NP_001316949.1	https://www.ncbi.nlm.nih.gov/nucleotide/NM_001330020.1																																								
Q49SP4																													AY508729	https://www.ebi.ac.uk/ena/browser/view/AY508729																													AAS86322.1	https://www.ebi.ac.uk/ena/browser/view/AAS86322.1																																																																																														
Q49SP5																													AY508728	https://www.ebi.ac.uk/ena/browser/view/AY508728																													AAS86321.1	https://www.ebi.ac.uk/ena/browser/view/AAS86321.1																																																																																														
Q49SP6																													AY508727	https://www.ebi.ac.uk/ena/browser/view/AY508727																													AAS86320.1	https://www.ebi.ac.uk/ena/browser/view/AAS86320.1																																																																																														
Q49SP7																													AY508726	https://www.ebi.ac.uk/ena/browser/view/AY508726																													AAS86319.1	https://www.ebi.ac.uk/ena/browser/view/AAS86319.1																																																																																														
Q4JHG3																													DQ088667	https://www.ebi.ac.uk/ena/browser/view/DQ088667	DQ234298	https://www.ebi.ac.uk/ena/browser/view/DQ234298	DQ234299	https://www.ebi.ac.uk/ena/browser/view/DQ234299																									AAY88965.1	https://www.ebi.ac.uk/ena/browser/view/AAY88965.1	ABB30216.1	https://www.ebi.ac.uk/ena/browser/view/ABB30216.1	ABB30217.1	https://www.ebi.ac.uk/ena/browser/view/ABB30217.1																																																																																										
Q4U3F7	EU439590	https://www.ebi.ac.uk/ena/browser/view/EU439590																											DQ016667	https://www.ebi.ac.uk/ena/browser/view/DQ016667																													AAY41421.2	https://www.ebi.ac.uk/ena/browser/view/AAY41421.2	ACA14463.1	https://www.ebi.ac.uk/ena/browser/view/ACA14463.1																																																																																												
Q4WAY3	AAHF01000014	https://www.ebi.ac.uk/ena/browser/view/AAHF01000014																											KC407775	https://www.ebi.ac.uk/ena/browser/view/KC407775																													AGI05041.1	https://www.ebi.ac.uk/ena/browser/view/AGI05041.1	EAL85129.1	https://www.ebi.ac.uk/ena/browser/view/EAL85129.1																																																																																												
Q4WAY4	AAHF01000014	https://www.ebi.ac.uk/ena/browser/view/AAHF01000014																																																									EAL85128.1	https://www.ebi.ac.uk/ena/browser/view/EAL85128.1																																																																																														
Q4WAY7	AAHF01000014	https://www.ebi.ac.uk/ena/browser/view/AAHF01000014																																																									EAL85125.1	https://www.ebi.ac.uk/ena/browser/view/EAL85125.1																																																																																														
Q4WAZ3	AAHF01000014	https://www.ebi.ac.uk/ena/browser/view/AAHF01000014																																																									EAL85119.2	https://www.ebi.ac.uk/ena/browser/view/EAL85119.2	XP_747157.2	https://www.ncbi.nlm.nih.gov/protein/XP_747157.2																																																	XP_747157.2	XM_742064.2	https://www.ncbi.nlm.nih.gov/protein/XP_747157.2	https://www.ncbi.nlm.nih.gov/nucleotide/XM_742064.2																																								
Q4WAZ4	AAHF01000014	https://www.ebi.ac.uk/ena/browser/view/AAHF01000014																																																									EAL85118.1	https://www.ebi.ac.uk/ena/browser/view/EAL85118.1																																																																																														
Q4WAZ6	AAHF01000014	https://www.ebi.ac.uk/ena/browser/view/AAHF01000014																																																									EAL85116.1	https://www.ebi.ac.uk/ena/browser/view/EAL85116.1	XP_747154.1	https://www.ncbi.nlm.nih.gov/protein/XP_747154.1																																																	XP_747154.1	XM_742061.1	https://www.ncbi.nlm.nih.gov/protein/XP_747154.1	https://www.ncbi.nlm.nih.gov/nucleotide/XM_742061.1																																								
Q4WBH9	AAHF01000014	https://www.ebi.ac.uk/ena/browser/view/AAHF01000014																																																									EAL84933.1	https://www.ebi.ac.uk/ena/browser/view/EAL84933.1	XP_746971.1	https://www.ncbi.nlm.nih.gov/protein/XP_746971.1																																																	XP_746971.1	XM_741878.1	https://www.ncbi.nlm.nih.gov/protein/XP_746971.1	https://www.ncbi.nlm.nih.gov/nucleotide/XM_741878.1																																								
Q4WLD1	AAHF01000006	https://www.ebi.ac.uk/ena/browser/view/AAHF01000006																																																									EAL89233.1	https://www.ebi.ac.uk/ena/browser/view/EAL89233.1	XP_751271.1	https://www.ncbi.nlm.nih.gov/protein/XP_751271.1																																																	XP_751271.1	XM_746178.1	https://www.ncbi.nlm.nih.gov/protein/XP_751271.1	https://www.ncbi.nlm.nih.gov/nucleotide/XM_746178.1																																								
Q4WLD4	AAHF01000006	https://www.ebi.ac.uk/ena/browser/view/AAHF01000006																																																									EAL89230.2	https://www.ebi.ac.uk/ena/browser/view/EAL89230.2	XP_751268.2	https://www.ncbi.nlm.nih.gov/protein/XP_751268.2																																																	XP_751268.2	XM_746175.3	https://www.ncbi.nlm.nih.gov/protein/XP_751268.2	https://www.ncbi.nlm.nih.gov/nucleotide/XM_746175.3																																								
Q50EK2																													AY779541	https://www.ebi.ac.uk/ena/browser/view/AY779541																													AAX07435.1	https://www.ebi.ac.uk/ena/browser/view/AAX07435.1																																																																																														
Q54TW4	AAFI01000074	https://www.ebi.ac.uk/ena/browser/view/AAFI01000074																											KX364378	https://www.ebi.ac.uk/ena/browser/view/KX364378																													APC23389.1	https://www.ebi.ac.uk/ena/browser/view/APC23389.1	EAL66715.1	https://www.ebi.ac.uk/ena/browser/view/EAL66715.1	XP_640697.1	https://www.ncbi.nlm.nih.gov/protein/XP_640697.1																																															XP_640697.1	XM_635605.1	https://www.ncbi.nlm.nih.gov/protein/XP_640697.1	https://www.ncbi.nlm.nih.gov/nucleotide/XM_635605.1																																								
Q54YE2	AAFI01000052	https://www.ebi.ac.uk/ena/browser/view/AAFI01000052																											KX364382	https://www.ebi.ac.uk/ena/browser/view/KX364382																													APC23393.1	https://www.ebi.ac.uk/ena/browser/view/APC23393.1	EAL68312.1	https://www.ebi.ac.uk/ena/browser/view/EAL68312.1	XP_642260.1	https://www.ncbi.nlm.nih.gov/protein/XP_642260.1																																															XP_642260.1	XM_637168.1	https://www.ncbi.nlm.nih.gov/protein/XP_642260.1	https://www.ncbi.nlm.nih.gov/nucleotide/XM_637168.1																																								
Q56RZ1	AY742905	https://www.ebi.ac.uk/ena/browser/view/AY742905																																																									AAW88516.1	https://www.ebi.ac.uk/ena/browser/view/AAW88516.1																																																																																														
Q56RZ5	AY742903	https://www.ebi.ac.uk/ena/browser/view/AY742903																																																									AAW88512.1	https://www.ebi.ac.uk/ena/browser/view/AAW88512.1																																																																																														
Q5AR21	BN001308	https://www.ebi.ac.uk/ena/browser/view/BN001308	AACD01000172	https://www.ebi.ac.uk/ena/browser/view/AACD01000172																																																							CBF87269.1	https://www.ebi.ac.uk/ena/browser/view/CBF87269.1	EAA66326.1	https://www.ebi.ac.uk/ena/browser/view/EAA66326.1	XP_682528.1	https://www.ncbi.nlm.nih.gov/protein/XP_682528.1																																															XP_682528.1	XM_677436.1	https://www.ncbi.nlm.nih.gov/protein/XP_682528.1	https://www.ncbi.nlm.nih.gov/nucleotide/XM_677436.1																																								
Q5AR27	AACD01000172	https://www.ebi.ac.uk/ena/browser/view/AACD01000172	BN001308	https://www.ebi.ac.uk/ena/browser/view/BN001308																																																							EAA66320.1	https://www.ebi.ac.uk/ena/browser/view/EAA66320.1	CBF87253.1	https://www.ebi.ac.uk/ena/browser/view/CBF87253.1																																																																																												
Q5AR32	BN001308	https://www.ebi.ac.uk/ena/browser/view/BN001308	AACD01000172	https://www.ebi.ac.uk/ena/browser/view/AACD01000172																																																							CBF87243.1	https://www.ebi.ac.uk/ena/browser/view/CBF87243.1	EAA66315.1	https://www.ebi.ac.uk/ena/browser/view/EAA66315.1	XP_682517.1	https://www.ncbi.nlm.nih.gov/protein/XP_682517.1																																															XP_682517.1	XM_677425.1	https://www.ncbi.nlm.nih.gov/protein/XP_682517.1	https://www.ncbi.nlm.nih.gov/nucleotide/XM_677425.1																																								
Q5ATK1	BN001305	https://www.ebi.ac.uk/ena/browser/view/BN001305	AACD01000152	https://www.ebi.ac.uk/ena/browser/view/AACD01000152																																																							CBF80421.1	https://www.ebi.ac.uk/ena/browser/view/CBF80421.1	EAA66899.1	https://www.ebi.ac.uk/ena/browser/view/EAA66899.1	XP_681648.1	https://www.ncbi.nlm.nih.gov/protein/XP_681648.1																																															XP_681648.1	XM_676556.1	https://www.ncbi.nlm.nih.gov/protein/XP_681648.1	https://www.ncbi.nlm.nih.gov/nucleotide/XM_676556.1																																								
Q5KSN5	AB183750	https://www.ebi.ac.uk/ena/browser/view/AB183750																																																									BAD86797.1	https://www.ebi.ac.uk/ena/browser/view/BAD86797.1																																																																																														
Q5MQ85	CM000127	https://www.ebi.ac.uk/ena/browser/view/CM000127																											AY602991	https://www.ebi.ac.uk/ena/browser/view/AY602991																													AAT11021.1	https://www.ebi.ac.uk/ena/browser/view/AAT11021.1	EAY86365.1	https://www.ebi.ac.uk/ena/browser/view/EAY86365.1																																																																																												
Q5R6U3																													CR860391	https://www.ebi.ac.uk/ena/browser/view/CR860391																													CAH92517.1	https://www.ebi.ac.uk/ena/browser/view/CAH92517.1	NP_001126476.1	https://www.ncbi.nlm.nih.gov/protein/NP_001126476.1																																																	NP_001126476.1	NM_001133004.2	https://www.ncbi.nlm.nih.gov/protein/NP_001126476.1	https://www.ncbi.nlm.nih.gov/nucleotide/NM_001133004.2																																								
Q66QH3	CM000129	https://www.ebi.ac.uk/ena/browser/view/CM000129																											AY616862	https://www.ebi.ac.uk/ena/browser/view/AY616862																													AAU05906.1	https://www.ebi.ac.uk/ena/browser/view/AAU05906.1	EEC76856.1	https://www.ebi.ac.uk/ena/browser/view/EEC76856.1																																																																																												
Q672F7																													AY575970	https://www.ebi.ac.uk/ena/browser/view/AY575970																													AAT86042.1	https://www.ebi.ac.uk/ena/browser/view/AAT86042.1																																																																																														
Q675L4																													AY473621	https://www.ebi.ac.uk/ena/browser/view/AY473621																													AAS47691.1	https://www.ebi.ac.uk/ena/browser/view/AAS47691.1																																																																																														
Q675L5																													AY473620	https://www.ebi.ac.uk/ena/browser/view/AY473620																													AAS47690.2	https://www.ebi.ac.uk/ena/browser/view/AAS47690.2																																																																																														
Q6BDZ9	DP000010	https://www.ebi.ac.uk/ena/browser/view/DP000010	AP008217	https://www.ebi.ac.uk/ena/browser/view/AP008217	AP014967	https://www.ebi.ac.uk/ena/browser/view/AP014967																							AB118056	https://www.ebi.ac.uk/ena/browser/view/AB118056																													BAD34478.1	https://www.ebi.ac.uk/ena/browser/view/BAD34478.1	ABA93676.1	https://www.ebi.ac.uk/ena/browser/view/ABA93676.1	BAF28250.1	https://www.ebi.ac.uk/ena/browser/view/BAF28250.1																																																																																										
Q6E7D7	CM000129	https://www.ebi.ac.uk/ena/browser/view/CM000129																											AY530101	https://www.ebi.ac.uk/ena/browser/view/AY530101																													AAS98158.1	https://www.ebi.ac.uk/ena/browser/view/AAS98158.1	EAY93229.1	https://www.ebi.ac.uk/ena/browser/view/EAY93229.1																																																																																												
Q6ET36	AP004872	https://www.ebi.ac.uk/ena/browser/view/AP004872	AP008208	https://www.ebi.ac.uk/ena/browser/view/AP008208	AP014958	https://www.ebi.ac.uk/ena/browser/view/AP014958																							AB126932	https://www.ebi.ac.uk/ena/browser/view/AB126932																													BAD28184.1	https://www.ebi.ac.uk/ena/browser/view/BAD28184.1	BAF08464.1	https://www.ebi.ac.uk/ena/browser/view/BAF08464.1	BAS78107.1	https://www.ebi.ac.uk/ena/browser/view/BAS78107.1	BAD42449.2	https://www.ebi.ac.uk/ena/browser/view/BAD42449.2																																																																																								
Q6JD72	CM000786	https://www.ebi.ac.uk/ena/browser/view/CM000786																											AY518311	https://www.ebi.ac.uk/ena/browser/view/AY518311																													AAS88572.1	https://www.ebi.ac.uk/ena/browser/view/AAS88572.1	AQK41282.1	https://www.ebi.ac.uk/ena/browser/view/AQK41282.1	NP_001288477.1	https://www.ncbi.nlm.nih.gov/protein/NP_001288477.1																																															NP_001288477.1	NM_001301548.1	https://www.ncbi.nlm.nih.gov/protein/NP_001288477.1	https://www.ncbi.nlm.nih.gov/nucleotide/NM_001301548.1																																								
Q6Q3H2																													AY561843	https://www.ebi.ac.uk/ena/browser/view/AY561843	FJ696653	https://www.ebi.ac.uk/ena/browser/view/FJ696653																											AAS66358.1	https://www.ebi.ac.uk/ena/browser/view/AAS66358.1	ACO36239.1	https://www.ebi.ac.uk/ena/browser/view/ACO36239.1	NP_001268215.1	https://www.ncbi.nlm.nih.gov/protein/NP_001268215.1																																															NP_001268215.1	NM_001281286.1	https://www.ncbi.nlm.nih.gov/protein/NP_001268215.1	https://www.ncbi.nlm.nih.gov/nucleotide/NM_001281286.1																																								
Q6Q3H3	FN595229	https://www.ebi.ac.uk/ena/browser/view/FN595229	FN597046	https://www.ebi.ac.uk/ena/browser/view/FN597046	AM481907	https://www.ebi.ac.uk/ena/browser/view/AM481907	AM466733	https://www.ebi.ac.uk/ena/browser/view/AM466733																					AY561842	https://www.ebi.ac.uk/ena/browser/view/AY561842																													AAS66357.1	https://www.ebi.ac.uk/ena/browser/view/AAS66357.1	CBI20483.3	https://www.ebi.ac.uk/ena/browser/view/CBI20483.3	CAN68620.1	https://www.ebi.ac.uk/ena/browser/view/CAN68620.1	CAN83470.1	https://www.ebi.ac.uk/ena/browser/view/CAN83470.1																																																																																								
Q6STM1	AY450285	https://www.ebi.ac.uk/ena/browser/view/AY450285	AB771747	https://www.ebi.ac.uk/ena/browser/view/AB771747																																																							AAR21560.1	https://www.ebi.ac.uk/ena/browser/view/AAR21560.1	BAN13281.1	https://www.ebi.ac.uk/ena/browser/view/BAN13281.1																																																																																												
Q6WAU0																													AY300163	https://www.ebi.ac.uk/ena/browser/view/AY300163	EU108701	https://www.ebi.ac.uk/ena/browser/view/EU108701																											AAQ75423.1	https://www.ebi.ac.uk/ena/browser/view/AAQ75423.1	ABW86885.1	https://www.ebi.ac.uk/ena/browser/view/ABW86885.1																																																																																												
Q6WAU1																													AY300162	https://www.ebi.ac.uk/ena/browser/view/AY300162	EU108700	https://www.ebi.ac.uk/ena/browser/view/EU108700																											AAQ75422.1	https://www.ebi.ac.uk/ena/browser/view/AAQ75422.1	ABW86884.1	https://www.ebi.ac.uk/ena/browser/view/ABW86884.1																																																																																												
Q6WP50	AY277723	https://www.ebi.ac.uk/ena/browser/view/AY277723																																																									AAQ16575.1	https://www.ebi.ac.uk/ena/browser/view/AAQ16575.1																																																																																														
Q6Z5I0	AP005114	https://www.ebi.ac.uk/ena/browser/view/AP005114	AP008208	https://www.ebi.ac.uk/ena/browser/view/AP008208	AP014958	https://www.ebi.ac.uk/ena/browser/view/AP014958	CM000139	https://www.ebi.ac.uk/ena/browser/view/CM000139																					AB066271	https://www.ebi.ac.uk/ena/browser/view/AB066271																													BAD42452.1	https://www.ebi.ac.uk/ena/browser/view/BAD42452.1	BAD17267.1	https://www.ebi.ac.uk/ena/browser/view/BAD17267.1	BAF09103.1	https://www.ebi.ac.uk/ena/browser/view/BAF09103.1	EAZ23513.1	https://www.ebi.ac.uk/ena/browser/view/EAZ23513.1																																																																																								
Q6ZH94	AP004078	https://www.ebi.ac.uk/ena/browser/view/AP004078	AP008208	https://www.ebi.ac.uk/ena/browser/view/AP008208	AP014958	https://www.ebi.ac.uk/ena/browser/view/AP014958																							EU596453	https://www.ebi.ac.uk/ena/browser/view/EU596453	AK110925	https://www.ebi.ac.uk/ena/browser/view/AK110925																											ACF05530.1	https://www.ebi.ac.uk/ena/browser/view/ACF05530.1	BAD07605.1	https://www.ebi.ac.uk/ena/browser/view/BAD07605.1	BAF07634.1	https://www.ebi.ac.uk/ena/browser/view/BAF07634.1	BAS76713.1	https://www.ebi.ac.uk/ena/browser/view/BAS76713.1	BAG99084.1	https://www.ebi.ac.uk/ena/browser/view/BAG99084.1																																																																																						
Q796C3	AF027868	https://www.ebi.ac.uk/ena/browser/view/AF027868	AL009126	https://www.ebi.ac.uk/ena/browser/view/AL009126																																																							AAB84441.1	https://www.ebi.ac.uk/ena/browser/view/AAB84441.1	CAB13824.2	https://www.ebi.ac.uk/ena/browser/view/CAB13824.2	NP_389814.2	https://www.ncbi.nlm.nih.gov/protein/NP_389814.2	WP_004399534.1	https://www.ncbi.nlm.nih.gov/protein/WP_004399534.1																																													NP_389814.2	NC_000964.3	https://www.ncbi.nlm.nih.gov/protein/NP_389814.2	https://www.ncbi.nlm.nih.gov/nucleotide/NC_000964.3	WP_004399534.1	NC_000964.3	https://www.ncbi.nlm.nih.gov/protein/WP_004399534.1	https://www.ncbi.nlm.nih.gov/nucleotide/NC_000964.3																																				
Q82IY3	BA000030	https://www.ebi.ac.uk/ena/browser/view/BA000030																																																									BAC70710.1	https://www.ebi.ac.uk/ena/browser/view/BAC70710.1	WP_010984430.1	https://www.ncbi.nlm.nih.gov/protein/WP_010984430.1																																																	WP_010984430.1	NC_003155.5	https://www.ncbi.nlm.nih.gov/protein/WP_010984430.1	https://www.ncbi.nlm.nih.gov/nucleotide/NC_003155.5																																								
Q82IY4	BA000030	https://www.ebi.ac.uk/ena/browser/view/BA000030																																																									BAC70709.1	https://www.ebi.ac.uk/ena/browser/view/BAC70709.1	WP_010984429.1	https://www.ncbi.nlm.nih.gov/protein/WP_010984429.1																																																	WP_010984429.1	NC_003155.5	https://www.ncbi.nlm.nih.gov/protein/WP_010984429.1	https://www.ncbi.nlm.nih.gov/nucleotide/NC_003155.5																																								
Q84KL4																													AF543529	https://www.ebi.ac.uk/ena/browser/view/AF543529																													AAO61227.1	https://www.ebi.ac.uk/ena/browser/view/AAO61227.1																																																																																														
Q84NC8																													AY195607	https://www.ebi.ac.uk/ena/browser/view/AY195607																													AAO42614.1	https://www.ebi.ac.uk/ena/browser/view/AAO42614.1																																																																																														
Q84NC9																													AY195609	https://www.ebi.ac.uk/ena/browser/view/AY195609																													AAO41727.1	https://www.ebi.ac.uk/ena/browser/view/AAO41727.1																																																																																														
Q84SM8																													AF461460	https://www.ebi.ac.uk/ena/browser/view/AF461460																													AAO73863.1	https://www.ebi.ac.uk/ena/browser/view/AAO73863.1																																																																																														
Q84UU9	AC002062	https://www.ebi.ac.uk/ena/browser/view/AC002062	CP002684	https://www.ebi.ac.uk/ena/browser/view/CP002684																									AF497486	https://www.ebi.ac.uk/ena/browser/view/AF497486																													AAB61105.1	https://www.ebi.ac.uk/ena/browser/view/AAB61105.1	AEE35014.1	https://www.ebi.ac.uk/ena/browser/view/AEE35014.1	AAO85534.1	https://www.ebi.ac.uk/ena/browser/view/AAO85534.1	NP_177165.1	https://www.ncbi.nlm.nih.gov/protein/NP_177165.1																																													NP_177165.1	NM_105676.2	https://www.ncbi.nlm.nih.gov/protein/NP_177165.1	https://www.ncbi.nlm.nih.gov/nucleotide/NM_105676.2																																								
Q84UV0	AC005882	https://www.ebi.ac.uk/ena/browser/view/AC005882	CP002684	https://www.ebi.ac.uk/ena/browser/view/CP002684																									AF497485	https://www.ebi.ac.uk/ena/browser/view/AF497485																													AAO85533.1	https://www.ebi.ac.uk/ena/browser/view/AAO85533.1	AAD21414.1	https://www.ebi.ac.uk/ena/browser/view/AAD21414.1	AEE33873.1	https://www.ebi.ac.uk/ena/browser/view/AEE33873.1	NP_176361.2	https://www.ncbi.nlm.nih.gov/protein/NP_176361.2																																													NP_176361.2	NM_104850.2	https://www.ncbi.nlm.nih.gov/protein/NP_176361.2	https://www.ncbi.nlm.nih.gov/nucleotide/NM_104850.2																																								
Q86II4	AAFI01000022	https://www.ebi.ac.uk/ena/browser/view/AAFI01000022																											KX364376	https://www.ebi.ac.uk/ena/browser/view/KX364376																													APC23387.1	https://www.ebi.ac.uk/ena/browser/view/APC23387.1	EAL70990.1	https://www.ebi.ac.uk/ena/browser/view/EAL70990.1	XP_644874.1	https://www.ncbi.nlm.nih.gov/protein/XP_644874.1																																															XP_644874.1	XM_639782.1	https://www.ncbi.nlm.nih.gov/protein/XP_644874.1	https://www.ncbi.nlm.nih.gov/nucleotide/XM_639782.1																																								
Q8H2B4																													AY083653	https://www.ebi.ac.uk/ena/browser/view/AY083653																													AAL99381.1	https://www.ebi.ac.uk/ena/browser/view/AAL99381.1																																																																																														
Q8L5K4																													AF514286	https://www.ebi.ac.uk/ena/browser/view/AF514286																													AAM53943.1	https://www.ebi.ac.uk/ena/browser/view/AAM53943.1																																																																																														
Q8L7G4	AL022224	https://www.ebi.ac.uk/ena/browser/view/AL022224	AL161552	https://www.ebi.ac.uk/ena/browser/view/AL161552	CP002687	https://www.ebi.ac.uk/ena/browser/view/CP002687																							AF497487	https://www.ebi.ac.uk/ena/browser/view/AF497487	AY133718	https://www.ebi.ac.uk/ena/browser/view/AY133718	AK221612	https://www.ebi.ac.uk/ena/browser/view/AK221612																									AAO85535.1	https://www.ebi.ac.uk/ena/browser/view/AAO85535.1	CAA18248.1	https://www.ebi.ac.uk/ena/browser/view/CAA18248.1	CAB79023.1	https://www.ebi.ac.uk/ena/browser/view/CAB79023.1	AEE84287.2	https://www.ebi.ac.uk/ena/browser/view/AEE84287.2	AAM91652.1	https://www.ebi.ac.uk/ena/browser/view/AAM91652.1	BAD95195.1	https://www.ebi.ac.uk/ena/browser/view/BAD95195.1	NP_001320004.1	https://www.ncbi.nlm.nih.gov/protein/NP_001320004.1																																							NP_001320004.1	NM_001341404.1	https://www.ncbi.nlm.nih.gov/protein/NP_001320004.1	https://www.ncbi.nlm.nih.gov/nucleotide/NM_001341404.1																																								
Q8LSC3																													AF497999	https://www.ebi.ac.uk/ena/browser/view/AF497999																													AAM21658.1	https://www.ebi.ac.uk/ena/browser/view/AAM21658.1																																																																																														
Q8RWT0	AC002986	https://www.ebi.ac.uk/ena/browser/view/AC002986	CP002684	https://www.ebi.ac.uk/ena/browser/view/CP002684																									AY091131	https://www.ebi.ac.uk/ena/browser/view/AY091131	AY114039	https://www.ebi.ac.uk/ena/browser/view/AY114039	AF003472	https://www.ebi.ac.uk/ena/browser/view/AF003472	AK230119	https://www.ebi.ac.uk/ena/browser/view/AK230119	AK221820	https://www.ebi.ac.uk/ena/browser/view/AK221820																					AAC17070.1	https://www.ebi.ac.uk/ena/browser/view/AAC17070.1	AEE36185.1	https://www.ebi.ac.uk/ena/browser/view/AEE36185.1	ANM60689.1	https://www.ebi.ac.uk/ena/browser/view/ANM60689.1	ANM60690.1	https://www.ebi.ac.uk/ena/browser/view/ANM60690.1	AAM14080.1	https://www.ebi.ac.uk/ena/browser/view/AAM14080.1	AAM45087.1	https://www.ebi.ac.uk/ena/browser/view/AAM45087.1	AAC98864.1	https://www.ebi.ac.uk/ena/browser/view/AAC98864.1	BAF01935.1	https://www.ebi.ac.uk/ena/browser/view/BAF01935.1	BAD94022.1	https://www.ebi.ac.uk/ena/browser/view/BAD94022.1	NP_001322959.1	https://www.ncbi.nlm.nih.gov/protein/NP_001322959.1	NP_001322960.1	https://www.ncbi.nlm.nih.gov/protein/NP_001322960.1	NP_178017.2	https://www.ncbi.nlm.nih.gov/protein/NP_178017.2																													NP_001322959.1	NM_001334861.1	https://www.ncbi.nlm.nih.gov/protein/NP_001322959.1	https://www.ncbi.nlm.nih.gov/nucleotide/NM_001334861.1	NP_001322960.1	NM_001334862.1	https://www.ncbi.nlm.nih.gov/protein/NP_001322960.1	https://www.ncbi.nlm.nih.gov/nucleotide/NM_001334862.1	NP_178017.2	NM_106545.4	https://www.ncbi.nlm.nih.gov/protein/NP_178017.2	https://www.ncbi.nlm.nih.gov/nucleotide/NM_106545.4																																
Q8SA63																													AF472361	https://www.ebi.ac.uk/ena/browser/view/AF472361																													AAL79181.1	https://www.ebi.ac.uk/ena/browser/view/AAL79181.1																																																																																														
Q8VYH2	AL035709	https://www.ebi.ac.uk/ena/browser/view/AL035709	AL161592	https://www.ebi.ac.uk/ena/browser/view/AL161592	CP002687	https://www.ebi.ac.uk/ena/browser/view/CP002687																							AY072019	https://www.ebi.ac.uk/ena/browser/view/AY072019	BT001057	https://www.ebi.ac.uk/ena/browser/view/BT001057	AK226847	https://www.ebi.ac.uk/ena/browser/view/AK226847																									CAB38924.1	https://www.ebi.ac.uk/ena/browser/view/CAB38924.1	CAB80441.1	https://www.ebi.ac.uk/ena/browser/view/CAB80441.1	AEE86835.1	https://www.ebi.ac.uk/ena/browser/view/AEE86835.1	AAL57712.1	https://www.ebi.ac.uk/ena/browser/view/AAL57712.1	AAN46811.1	https://www.ebi.ac.uk/ena/browser/view/AAN46811.1	BAE98940.1	https://www.ebi.ac.uk/ena/browser/view/BAE98940.1	NP_568033.1	https://www.ncbi.nlm.nih.gov/protein/NP_568033.1																																							NP_568033.1	NM_119938.4	https://www.ncbi.nlm.nih.gov/protein/NP_568033.1	https://www.ncbi.nlm.nih.gov/nucleotide/NM_119938.4																																								
Q947C4	AY574248	https://www.ebi.ac.uk/ena/browser/view/AY574248																											AF331704	https://www.ebi.ac.uk/ena/browser/view/AF331704																													AAL09965.1	https://www.ebi.ac.uk/ena/browser/view/AAL09965.1	AAS89668.1	https://www.ebi.ac.uk/ena/browser/view/AAS89668.1																																																																																												
Q96WT2	AB114137	https://www.ebi.ac.uk/ena/browser/view/AB114137																											AB049075	https://www.ebi.ac.uk/ena/browser/view/AB049075																													BAB62102.1	https://www.ebi.ac.uk/ena/browser/view/BAB62102.1	BAD29971.1	https://www.ebi.ac.uk/ena/browser/view/BAD29971.1																																																																																												
Q9AJE4	AB048795	https://www.ebi.ac.uk/ena/browser/view/AB048795																																																									BAB39206.1	https://www.ebi.ac.uk/ena/browser/view/BAB39206.1																																																																																														
Q9AR86																													AJ294819	https://www.ebi.ac.uk/ena/browser/view/AJ294819																													CAC35696.1	https://www.ebi.ac.uk/ena/browser/view/CAC35696.1																																																																																														
Q9C447	HM171111	https://www.ebi.ac.uk/ena/browser/view/HM171111																																																									AAK11530.1	https://www.ebi.ac.uk/ena/browser/view/AAK11530.1																																																																																														
Q9C449	HM171111	https://www.ebi.ac.uk/ena/browser/view/HM171111																																																									AAK11528.1	https://www.ebi.ac.uk/ena/browser/view/AAK11528.1																																																																																														
Q9C450	HM171111	https://www.ebi.ac.uk/ena/browser/view/HM171111																																																									AAK11527.1	https://www.ebi.ac.uk/ena/browser/view/AAK11527.1																																																																																														
Q9C8E3	AC026480	https://www.ebi.ac.uk/ena/browser/view/AC026480	CP002684	https://www.ebi.ac.uk/ena/browser/view/CP002684																									AK117510	https://www.ebi.ac.uk/ena/browser/view/AK117510	BT005423	https://www.ebi.ac.uk/ena/browser/view/BT005423																											AAG51300.1	https://www.ebi.ac.uk/ena/browser/view/AAG51300.1	AEE34452.1	https://www.ebi.ac.uk/ena/browser/view/AEE34452.1	BAC42173.1	https://www.ebi.ac.uk/ena/browser/view/BAC42173.1	AAO63843.1	https://www.ebi.ac.uk/ena/browser/view/AAO63843.1	NP_176776.1	https://www.ncbi.nlm.nih.gov/protein/NP_176776.1																																											NP_176776.1	NM_105273.3	https://www.ncbi.nlm.nih.gov/protein/NP_176776.1	https://www.ncbi.nlm.nih.gov/nucleotide/NM_105273.3																																								
Q9FR95	Z97338	https://www.ebi.ac.uk/ena/browser/view/Z97338	AL161541	https://www.ebi.ac.uk/ena/browser/view/AL161541	CP002687	https://www.ebi.ac.uk/ena/browser/view/CP002687																							AF062513	https://www.ebi.ac.uk/ena/browser/view/AF062513	AB257562	https://www.ebi.ac.uk/ena/browser/view/AB257562																											AAF21768.1	https://www.ebi.ac.uk/ena/browser/view/AAF21768.1	BAF33292.1	https://www.ebi.ac.uk/ena/browser/view/BAF33292.1	CAB10313.1	https://www.ebi.ac.uk/ena/browser/view/CAB10313.1	CAB78576.1	https://www.ebi.ac.uk/ena/browser/view/CAB78576.1	AEE83586.1	https://www.ebi.ac.uk/ena/browser/view/AEE83586.1	NP_567462.1	https://www.ncbi.nlm.nih.gov/protein/NP_567462.1																																									NP_567462.1	NM_117622.3	https://www.ncbi.nlm.nih.gov/protein/NP_567462.1	https://www.ncbi.nlm.nih.gov/nucleotide/NM_117622.3																																								
Q9FXY7																													AJ271792	https://www.ebi.ac.uk/ena/browser/view/AJ271792	AY835398	https://www.ebi.ac.uk/ena/browser/view/AY835398	EU252034	https://www.ebi.ac.uk/ena/browser/view/EU252034																									CAC12731.1	https://www.ebi.ac.uk/ena/browser/view/CAC12731.1	AAX39387.1	https://www.ebi.ac.uk/ena/browser/view/AAX39387.1	ABX09997.1	https://www.ebi.ac.uk/ena/browser/view/ABX09997.1																																																																																										
Q9K499	AL939123	https://www.ebi.ac.uk/ena/browser/view/AL939123																																																									CAB94607.1	https://www.ebi.ac.uk/ena/browser/view/CAB94607.1	WP_011030119.1	https://www.ncbi.nlm.nih.gov/protein/WP_011030119.1																																																	WP_011030119.1	NC_003888.3	https://www.ncbi.nlm.nih.gov/protein/WP_011030119.1	https://www.ncbi.nlm.nih.gov/nucleotide/NC_003888.3																																								
Q9LIA1	AP001309	https://www.ebi.ac.uk/ena/browser/view/AP001309	CP002686	https://www.ebi.ac.uk/ena/browser/view/CP002686																									AF497488	https://www.ebi.ac.uk/ena/browser/view/AF497488	BX822709	https://www.ebi.ac.uk/ena/browser/view/BX822709																											AAO85536.1	https://www.ebi.ac.uk/ena/browser/view/AAO85536.1	BAB02588.1	https://www.ebi.ac.uk/ena/browser/view/BAB02588.1	AEE77582.1	https://www.ebi.ac.uk/ena/browser/view/AEE77582.1	NP_189587.1	https://www.ncbi.nlm.nih.gov/protein/NP_189587.1																																													NP_189587.1	NM_113867.5	https://www.ncbi.nlm.nih.gov/protein/NP_189587.1	https://www.ncbi.nlm.nih.gov/nucleotide/NM_113867.5																																								
Q9LLR9																													AF157059	https://www.ebi.ac.uk/ena/browser/view/AF157059	AJ001539	https://www.ebi.ac.uk/ena/browser/view/AJ001539	AJ249561	https://www.ebi.ac.uk/ena/browser/view/AJ249561																									AAF80333.1	https://www.ebi.ac.uk/ena/browser/view/AAF80333.1	CAC08805.1	https://www.ebi.ac.uk/ena/browser/view/CAC08805.1	CAB56499.1	https://www.ebi.ac.uk/ena/browser/view/CAB56499.1																																																																																										
Q9LQ27	AC010164	https://www.ebi.ac.uk/ena/browser/view/AC010164	CP002684	https://www.ebi.ac.uk/ena/browser/view/CP002684																																																							AAF97286.1	https://www.ebi.ac.uk/ena/browser/view/AAF97286.1	AEE31620.1	https://www.ebi.ac.uk/ena/browser/view/AEE31620.1	NP_174635.1	https://www.ncbi.nlm.nih.gov/protein/NP_174635.1																																															NP_174635.1	NM_103094.3	https://www.ncbi.nlm.nih.gov/protein/NP_174635.1	https://www.ncbi.nlm.nih.gov/nucleotide/NM_103094.3																																								
Q9M7C9																													AF139207	https://www.ebi.ac.uk/ena/browser/view/AF139207																													AAF61455.1	https://www.ebi.ac.uk/ena/browser/view/AAF61455.1																																																																																														
Q9SPN0																													AF154125	https://www.ebi.ac.uk/ena/browser/view/AF154125																													AAF13357.1	https://www.ebi.ac.uk/ena/browser/view/AAF13357.1																																																																																														
Q9SPN1																													AF154124	https://www.ebi.ac.uk/ena/browser/view/AF154124																													AAF13356.1	https://www.ebi.ac.uk/ena/browser/view/AAF13356.1																																																																																														
Q9SYN1	AC007260	https://www.ebi.ac.uk/ena/browser/view/AC007260	CP002684	https://www.ebi.ac.uk/ena/browser/view/CP002684																									AB274959	https://www.ebi.ac.uk/ena/browser/view/AB274959																													AAD30585.1	https://www.ebi.ac.uk/ena/browser/view/AAD30585.1	AEE36113.1	https://www.ebi.ac.uk/ena/browser/view/AEE36113.1	ANM60176.1	https://www.ebi.ac.uk/ena/browser/view/ANM60176.1	BAF80447.1	https://www.ebi.ac.uk/ena/browser/view/BAF80447.1	NP_001322480.1	https://www.ncbi.nlm.nih.gov/protein/NP_001322480.1	NP_177971.1	https://www.ncbi.nlm.nih.gov/protein/NP_177971.1																																									NP_001322480.1	NM_001334828.1	https://www.ncbi.nlm.nih.gov/protein/NP_001322480.1	https://www.ncbi.nlm.nih.gov/nucleotide/NM_001334828.1	NP_177971.1	NM_106497.1	https://www.ncbi.nlm.nih.gov/protein/NP_177971.1	https://www.ncbi.nlm.nih.gov/nucleotide/NM_106497.1																																				
Q9UR08	AF198360	https://www.ebi.ac.uk/ena/browser/view/AF198360																											AF198359	https://www.ebi.ac.uk/ena/browser/view/AF198359																													AAF13263.1	https://www.ebi.ac.uk/ena/browser/view/AAF13263.1	AAF13264.1	https://www.ebi.ac.uk/ena/browser/view/AAF13264.1																																																																																												
Q9UVY5	Y15013	https://www.ebi.ac.uk/ena/browser/view/Y15013																											AB013295	https://www.ebi.ac.uk/ena/browser/view/AB013295																													BAA84917.1	https://www.ebi.ac.uk/ena/browser/view/BAA84917.1	CAA75244.1	https://www.ebi.ac.uk/ena/browser/view/CAA75244.1																																																																																												
Q9XEH9																													AF097310	https://www.ebi.ac.uk/ena/browser/view/AF097310																													AAD34294.1	https://www.ebi.ac.uk/ena/browser/view/AAD34294.1																																																																																														
Q9XEI0																													AF097311	https://www.ebi.ac.uk/ena/browser/view/AF097311																													AAD34295.1	https://www.ebi.ac.uk/ena/browser/view/AAD34295.1																																																																																														
Q9ZAG3	Y18005	https://www.ebi.ac.uk/ena/browser/view/Y18005	AJ272366	https://www.ebi.ac.uk/ena/browser/view/AJ272366																																																							CAA77012.1	https://www.ebi.ac.uk/ena/browser/view/CAA77012.1	CAC20854.1	https://www.ebi.ac.uk/ena/browser/view/CAC20854.1																																																																																												
R4JGL8	KC181098	https://www.ebi.ac.uk/ena/browser/view/KC181098																											KC181099	https://www.ebi.ac.uk/ena/browser/view/KC181099	KC181103	https://www.ebi.ac.uk/ena/browser/view/KC181103																											AGK88253.1	https://www.ebi.ac.uk/ena/browser/view/AGK88253.1	AGK88254.1	https://www.ebi.ac.uk/ena/browser/view/AGK88254.1	AGK88258.1	https://www.ebi.ac.uk/ena/browser/view/AGK88258.1																																																																																										
R4JJJ1	KC181095	https://www.ebi.ac.uk/ena/browser/view/KC181095																											KC181102	https://www.ebi.ac.uk/ena/browser/view/KC181102	KC181105	https://www.ebi.ac.uk/ena/browser/view/KC181105																											AGK88250.1	https://www.ebi.ac.uk/ena/browser/view/AGK88250.1	AGK88257.1	https://www.ebi.ac.uk/ena/browser/view/AGK88257.1	AGK88260.1	https://www.ebi.ac.uk/ena/browser/view/AGK88260.1																																																																																										
R4JND9	KC181097	https://www.ebi.ac.uk/ena/browser/view/KC181097																											KC181100	https://www.ebi.ac.uk/ena/browser/view/KC181100																													AGK88252.1	https://www.ebi.ac.uk/ena/browser/view/AGK88252.1	AGK88255.1	https://www.ebi.ac.uk/ena/browser/view/AGK88255.1																																																																																												
R4JQS2	KC181096	https://www.ebi.ac.uk/ena/browser/view/KC181096																											KC181101	https://www.ebi.ac.uk/ena/browser/view/KC181101	KC181104	https://www.ebi.ac.uk/ena/browser/view/KC181104																											AGK88251.1	https://www.ebi.ac.uk/ena/browser/view/AGK88251.1	AGK88256.1	https://www.ebi.ac.uk/ena/browser/view/AGK88256.1	AGK88259.1	https://www.ebi.ac.uk/ena/browser/view/AGK88259.1																																																																																										
R4JQT5	KC691293	https://www.ebi.ac.uk/ena/browser/view/KC691293																											KC691294	https://www.ebi.ac.uk/ena/browser/view/KC691294	KC691295	https://www.ebi.ac.uk/ena/browser/view/KC691295																											AGK88261.1	https://www.ebi.ac.uk/ena/browser/view/AGK88261.1	AGK88262.1	https://www.ebi.ac.uk/ena/browser/view/AGK88262.1	AGK88263.1	https://www.ebi.ac.uk/ena/browser/view/AGK88263.1																																																																																										
R9QMR1																													JQ240298	https://www.ebi.ac.uk/ena/browser/view/JQ240298																													AFU73850.1	https://www.ebi.ac.uk/ena/browser/view/AFU73850.1																																																																																														
R9QMR4																													JQ240301	https://www.ebi.ac.uk/ena/browser/view/JQ240301																													AFU73853.1	https://www.ebi.ac.uk/ena/browser/view/AFU73853.1																																																																																														
R9QMR6																													JQ240306	https://www.ebi.ac.uk/ena/browser/view/JQ240306																													AFU73858.1	https://www.ebi.ac.uk/ena/browser/view/AFU73858.1																																																																																														
R9QMW2																													JQ240295	https://www.ebi.ac.uk/ena/browser/view/JQ240295																													AFU73847.1	https://www.ebi.ac.uk/ena/browser/view/AFU73847.1																																																																																														
R9QMW3																													JQ240300	https://www.ebi.ac.uk/ena/browser/view/JQ240300																													AFU73852.1	https://www.ebi.ac.uk/ena/browser/view/AFU73852.1																																																																																														
R9QMW4																													JQ240305	https://www.ebi.ac.uk/ena/browser/view/JQ240305																													AFU73857.1	https://www.ebi.ac.uk/ena/browser/view/AFU73857.1																																																																																														
R9QMW7																													JQ240302	https://www.ebi.ac.uk/ena/browser/view/JQ240302																													AFU73854.1	https://www.ebi.ac.uk/ena/browser/view/AFU73854.1																																																																																														
R9QMW8																													JQ240307	https://www.ebi.ac.uk/ena/browser/view/JQ240307																													AFU73859.1	https://www.ebi.ac.uk/ena/browser/view/AFU73859.1																																																																																														
S0EA85	HF679027	https://www.ebi.ac.uk/ena/browser/view/HF679027																																																									CCT69398.1	https://www.ebi.ac.uk/ena/browser/view/CCT69398.1																																																																																														
S0ECT9	HF679030	https://www.ebi.ac.uk/ena/browser/view/HF679030																																																									CCT72694.1	https://www.ebi.ac.uk/ena/browser/view/CCT72694.1																																																																																														
U3LVL5																													JX401284	https://www.ebi.ac.uk/ena/browser/view/JX401284																													AGL98420.1	https://www.ebi.ac.uk/ena/browser/view/AGL98420.1																																																																																														
U3LW50																													JX401282	https://www.ebi.ac.uk/ena/browser/view/JX401282																													AGL98418.1	https://www.ebi.ac.uk/ena/browser/view/AGL98418.1																																																																																														
W6QAE7	HG792016	https://www.ebi.ac.uk/ena/browser/view/HG792016																																																									CDM32996.1	https://www.ebi.ac.uk/ena/browser/view/CDM32996.1																																																																																														
A0A067DDU9	KK786358	https://www.ebi.ac.uk/ena/browser/view/KK786358																																																									KDO39700.1	https://www.ebi.ac.uk/ena/browser/view/KDO39700.1																																																																																														
A0A067ECN5	KK785125	https://www.ebi.ac.uk/ena/browser/view/KK785125																																																									KDO48982.1	https://www.ebi.ac.uk/ena/browser/view/KDO48982.1																																																																																														
A0A067FI21	KK784898	https://www.ebi.ac.uk/ena/browser/view/KK784898																																																									KDO67049.1	https://www.ebi.ac.uk/ena/browser/view/KDO67049.1																																																																																														
A0A067SEC9	KL142403	https://www.ebi.ac.uk/ena/browser/view/KL142403																																																									KDR69261.1	https://www.ebi.ac.uk/ena/browser/view/KDR69261.1																																																																																														
A0A075F9Z3																													KJ584451	https://www.ebi.ac.uk/ena/browser/view/KJ584451																													AIE77091.1	https://www.ebi.ac.uk/ena/browser/view/AIE77091.1																																																																																														
A0A075FA51																													KJ584452	https://www.ebi.ac.uk/ena/browser/view/KJ584452																													AIE77092.1	https://www.ebi.ac.uk/ena/browser/view/AIE77092.1																																																																																														
A0A075FAK4																													KJ584450	https://www.ebi.ac.uk/ena/browser/view/KJ584450																													AIE77090.1	https://www.ebi.ac.uk/ena/browser/view/AIE77090.1																																																																																														
A0A075FBT3																													KJ584453	https://www.ebi.ac.uk/ena/browser/view/KJ584453																													AIE77093.1	https://www.ebi.ac.uk/ena/browser/view/AIE77093.1																																																																																														
A0A084R1H6	KL659308	https://www.ebi.ac.uk/ena/browser/view/KL659308																																																									KFA70061.1	https://www.ebi.ac.uk/ena/browser/view/KFA70061.1																																																																																														
A0A084R1J1	KL659308	https://www.ebi.ac.uk/ena/browser/view/KL659308																																																									KFA70076.1	https://www.ebi.ac.uk/ena/browser/view/KFA70076.1																																																																																														
A0A084R1J2	KL659308	https://www.ebi.ac.uk/ena/browser/view/KL659308																																																									KFA70077.1	https://www.ebi.ac.uk/ena/browser/view/KFA70077.1																																																																																														
A0A084R1M6	KL659308	https://www.ebi.ac.uk/ena/browser/view/KL659308																																																									KFA70111.1	https://www.ebi.ac.uk/ena/browser/view/KFA70111.1																																																																																														
A0A084R1M7	KL659308	https://www.ebi.ac.uk/ena/browser/view/KL659308																																																									KFA70112.1	https://www.ebi.ac.uk/ena/browser/view/KFA70112.1																																																																																														
A0A097ZPC9	AB981314	https://www.ebi.ac.uk/ena/browser/view/AB981314																																																									BAP81857.1	https://www.ebi.ac.uk/ena/browser/view/BAP81857.1																																																																																														
A0A097ZPD4	AB981314	https://www.ebi.ac.uk/ena/browser/view/AB981314																																																									BAP81862.1	https://www.ebi.ac.uk/ena/browser/view/BAP81862.1																																																																																														
A0A097ZPD5	AB981314	https://www.ebi.ac.uk/ena/browser/view/AB981314																																																									BAP81855.1	https://www.ebi.ac.uk/ena/browser/view/BAP81855.1																																																																																														
A0A097ZPD9	AB981314	https://www.ebi.ac.uk/ena/browser/view/AB981314																																																									BAP81860.1	https://www.ebi.ac.uk/ena/browser/view/BAP81860.1																																																																																														
A0A097ZPE0	AB981314	https://www.ebi.ac.uk/ena/browser/view/AB981314																																																									BAP81867.1	https://www.ebi.ac.uk/ena/browser/view/BAP81867.1																																																																																														
A0A097ZPE3	AB981314	https://www.ebi.ac.uk/ena/browser/view/AB981314																																																									BAP81858.1	https://www.ebi.ac.uk/ena/browser/view/BAP81858.1																																																																																														
A0A097ZPE4	AB981314	https://www.ebi.ac.uk/ena/browser/view/AB981314																																																									BAP81865.1	https://www.ebi.ac.uk/ena/browser/view/BAP81865.1																																																																																														
A0A097ZPE8	AB981314	https://www.ebi.ac.uk/ena/browser/view/AB981314																																																									BAP81863.1	https://www.ebi.ac.uk/ena/browser/view/BAP81863.1																																																																																														
A0A097ZPF7	AB981314	https://www.ebi.ac.uk/ena/browser/view/AB981314																																																									BAP81859.1	https://www.ebi.ac.uk/ena/browser/view/BAP81859.1																																																																																														
A0A097ZPG2	AB981314	https://www.ebi.ac.uk/ena/browser/view/AB981314																																																									BAP81864.1	https://www.ebi.ac.uk/ena/browser/view/BAP81864.1																																																																																														
A0A098DME4	HG970333	https://www.ebi.ac.uk/ena/browser/view/HG970333																																																									CEF79630.1	https://www.ebi.ac.uk/ena/browser/view/CEF79630.1																																																																																														
A0A0A2JB87	JQFZ01000261	https://www.ebi.ac.uk/ena/browser/view/JQFZ01000261																																																									KGO52657.1	https://www.ebi.ac.uk/ena/browser/view/KGO52657.1	XP_016595385.1	https://www.ncbi.nlm.nih.gov/protein/XP_016595385.1																																																	XP_016595385.1	XM_016745457.1	https://www.ncbi.nlm.nih.gov/protein/XP_016595385.1	https://www.ncbi.nlm.nih.gov/nucleotide/XM_016745457.1																																								
A0A0A2JP58	JQFZ01000152	https://www.ebi.ac.uk/ena/browser/view/JQFZ01000152																																																									KGO57192.1	https://www.ebi.ac.uk/ena/browser/view/KGO57192.1	XP_016598880.1	https://www.ncbi.nlm.nih.gov/protein/XP_016598880.1																																																	XP_016598880.1	XM_016737444.1	https://www.ncbi.nlm.nih.gov/protein/XP_016598880.1	https://www.ncbi.nlm.nih.gov/nucleotide/XM_016737444.1																																								
A0A0A2K6S6	JQFZ01000020	https://www.ebi.ac.uk/ena/browser/view/JQFZ01000020																																																									KGO62561.1	https://www.ebi.ac.uk/ena/browser/view/KGO62561.1	XP_016603092.1	https://www.ncbi.nlm.nih.gov/protein/XP_016603092.1																																																	XP_016603092.1	XM_016741862.1	https://www.ncbi.nlm.nih.gov/protein/XP_016603092.1	https://www.ncbi.nlm.nih.gov/nucleotide/XM_016741862.1																																								
A0A0B2XGM8	ADNJ02000014	https://www.ebi.ac.uk/ena/browser/view/ADNJ02000014																																																									KHO10692.1	https://www.ebi.ac.uk/ena/browser/view/KHO10692.1	XP_011410913.1	https://www.ncbi.nlm.nih.gov/protein/XP_011410913.1																																																	XP_011410913.1	XM_011412611.1	https://www.ncbi.nlm.nih.gov/protein/XP_011410913.1	https://www.ncbi.nlm.nih.gov/nucleotide/XM_011412611.1																																								
A0A0B4FWC3	AZNG01000036	https://www.ebi.ac.uk/ena/browser/view/AZNG01000036																																																									KID60519.1	https://www.ebi.ac.uk/ena/browser/view/KID60519.1	XP_014539580.2	https://www.ncbi.nlm.nih.gov/protein/XP_014539580.2																																																	XP_014539580.2	XM_014684094.2	https://www.ncbi.nlm.nih.gov/protein/XP_014539580.2	https://www.ncbi.nlm.nih.gov/nucleotide/XM_014684094.2																																								
A0A0B4G3Q7	AZNG01000027	https://www.ebi.ac.uk/ena/browser/view/AZNG01000027																																																									KID63054.1	https://www.ebi.ac.uk/ena/browser/view/KID63054.1																																																																																														
A0A0B4GN88	AZNH01000187	https://www.ebi.ac.uk/ena/browser/view/AZNH01000187																																																									KID81182.1	https://www.ebi.ac.uk/ena/browser/view/KID81182.1																																																																																														
A0A0B4IF96	AZNE01000088	https://www.ebi.ac.uk/ena/browser/view/AZNE01000088																																																									KID95099.1	https://www.ebi.ac.uk/ena/browser/view/KID95099.1																																																																																														
A0A0C3FBR2	KN833028	https://www.ebi.ac.uk/ena/browser/view/KN833028																																																									KIM77136.1	https://www.ebi.ac.uk/ena/browser/view/KIM77136.1																																																																																														
A0A0C9VD04	KN837114	https://www.ebi.ac.uk/ena/browser/view/KN837114																																																									KIJ44869.1	https://www.ebi.ac.uk/ena/browser/view/KIJ44869.1																																																																																														
A0A0D2L718	KN817547	https://www.ebi.ac.uk/ena/browser/view/KN817547																																																									KJA22852.1	https://www.ebi.ac.uk/ena/browser/view/KJA22852.1																																																																																														
A0A0D4D912																													KJ194511	https://www.ebi.ac.uk/ena/browser/view/KJ194511																													AJT60315.1	https://www.ebi.ac.uk/ena/browser/view/AJT60315.1																																																																																														
A0A0E3D8L2	KC963408	https://www.ebi.ac.uk/ena/browser/view/KC963408																																																									AGZ20203.1	https://www.ebi.ac.uk/ena/browser/view/AGZ20203.1																																																																																														
A0A0E3D8L3	KF280651	https://www.ebi.ac.uk/ena/browser/view/KF280651																																																									AGZ20475.1	https://www.ebi.ac.uk/ena/browser/view/AGZ20475.1																																																																																														
A0A0E3D8L5	KF280651	https://www.ebi.ac.uk/ena/browser/view/KF280651																																																									AGZ20480.1	https://www.ebi.ac.uk/ena/browser/view/AGZ20480.1																																																																																														
A0A0E3D8L6	KC963408	https://www.ebi.ac.uk/ena/browser/view/KC963408																																																									AGZ20191.1	https://www.ebi.ac.uk/ena/browser/view/AGZ20191.1																																																																																														
A0A0E3D8L9	KC963408	https://www.ebi.ac.uk/ena/browser/view/KC963408																																																									AGZ20196.1	https://www.ebi.ac.uk/ena/browser/view/AGZ20196.1																																																																																														
A0A0E3D8M1	KC963408	https://www.ebi.ac.uk/ena/browser/view/KC963408																																																									AGZ20201.1	https://www.ebi.ac.uk/ena/browser/view/AGZ20201.1																																																																																														
A0A0E3D8M5	KF280651	https://www.ebi.ac.uk/ena/browser/view/KF280651																																																									AGZ20478.1	https://www.ebi.ac.uk/ena/browser/view/AGZ20478.1																																																																																														
A0A0E3D8M6	KC963408	https://www.ebi.ac.uk/ena/browser/view/KC963408																																																									AGZ20200.1	https://www.ebi.ac.uk/ena/browser/view/AGZ20200.1																																																																																														
A0A0E3D8N1	KC963408	https://www.ebi.ac.uk/ena/browser/view/KC963408																																																									AGZ20189.1	https://www.ebi.ac.uk/ena/browser/view/AGZ20189.1																																																																																														
A0A0E3D8N3	KF280651	https://www.ebi.ac.uk/ena/browser/view/KF280651																																																									AGZ20477.1	https://www.ebi.ac.uk/ena/browser/view/AGZ20477.1																																																																																														
A0A0E3D8N7	KF280651	https://www.ebi.ac.uk/ena/browser/view/KF280651																																																									AGZ20487.1	https://www.ebi.ac.uk/ena/browser/view/AGZ20487.1																																																																																														
A0A0E3D8P5	KC963408	https://www.ebi.ac.uk/ena/browser/view/KC963408																																																									AGZ20187.1	https://www.ebi.ac.uk/ena/browser/view/AGZ20187.1																																																																																														
A0A0E3D8P8	KC963408	https://www.ebi.ac.uk/ena/browser/view/KC963408																																																									AGZ20192.1	https://www.ebi.ac.uk/ena/browser/view/AGZ20192.1																																																																																														
A0A0F7TN11	CDHK01000006	https://www.ebi.ac.uk/ena/browser/view/CDHK01000006																																																									CEJ58143.1	https://www.ebi.ac.uk/ena/browser/view/CEJ58143.1																																																																																														
A0A0F7TN16	CDHK01000006	https://www.ebi.ac.uk/ena/browser/view/CDHK01000006																																																									CEJ58148.1	https://www.ebi.ac.uk/ena/browser/view/CEJ58148.1																																																																																														
A0A0F7TN60	CDHK01000006	https://www.ebi.ac.uk/ena/browser/view/CDHK01000006																																																									CEJ58139.1	https://www.ebi.ac.uk/ena/browser/view/CEJ58139.1																																																																																														
A0A0F7TQP2	CDHK01000006	https://www.ebi.ac.uk/ena/browser/view/CDHK01000006																																																									CEJ58141.1	https://www.ebi.ac.uk/ena/browser/view/CEJ58141.1																																																																																														
A0A0F7TSZ5	CDHK01000006	https://www.ebi.ac.uk/ena/browser/view/CDHK01000006																																																									CEJ58147.1	https://www.ebi.ac.uk/ena/browser/view/CEJ58147.1																																																																																														
A0A0F7TWX5	CDHK01000010	https://www.ebi.ac.uk/ena/browser/view/CDHK01000010																																																									CEJ61174.1	https://www.ebi.ac.uk/ena/browser/view/CEJ61174.1																																																																																														
A0A0F7TXA0	CDHK01000010	https://www.ebi.ac.uk/ena/browser/view/CDHK01000010																																																									CEJ61314.1	https://www.ebi.ac.uk/ena/browser/view/CEJ61314.1																																																																																														
A0A0F7TXA1	CDHK01000010	https://www.ebi.ac.uk/ena/browser/view/CDHK01000010																																																									CEJ61313.1	https://www.ebi.ac.uk/ena/browser/view/CEJ61313.1																																																																																														
A0A0F7TXA5	CDHK01000010	https://www.ebi.ac.uk/ena/browser/view/CDHK01000010																																																									CEJ61319.1	https://www.ebi.ac.uk/ena/browser/view/CEJ61319.1																																																																																														
A0A0F7TXA8	CDHK01000010	https://www.ebi.ac.uk/ena/browser/view/CDHK01000010																																																									CEJ61318.1	https://www.ebi.ac.uk/ena/browser/view/CEJ61318.1																																																																																														
A0A0F7TZD6	CDHK01000010	https://www.ebi.ac.uk/ena/browser/view/CDHK01000010																																																									CEJ61311.1	https://www.ebi.ac.uk/ena/browser/view/CEJ61311.1																																																																																														
A0A0F7U0K0	CDHK01000010	https://www.ebi.ac.uk/ena/browser/view/CDHK01000010																																																									CEJ61175.1	https://www.ebi.ac.uk/ena/browser/view/CEJ61175.1																																																																																														
A0A0F7U1Z1	CDHK01000010	https://www.ebi.ac.uk/ena/browser/view/CDHK01000010																																																									CEJ61317.1	https://www.ebi.ac.uk/ena/browser/view/CEJ61317.1																																																																																														
A0A0F7U1Z8	CDHK01000010	https://www.ebi.ac.uk/ena/browser/view/CDHK01000010																																																									CEJ61322.1	https://www.ebi.ac.uk/ena/browser/view/CEJ61322.1																																																																																														
A0A0H5BB17	LC064029	https://www.ebi.ac.uk/ena/browser/view/LC064029																																																									BAR97461.1	https://www.ebi.ac.uk/ena/browser/view/BAR97461.1																																																																																														
A0A0H5BN61	LC064029	https://www.ebi.ac.uk/ena/browser/view/LC064029																																																									BAR97463.1	https://www.ebi.ac.uk/ena/browser/view/BAR97463.1																																																																																														
A0A0M4M0T9																													KP889113	https://www.ebi.ac.uk/ena/browser/view/KP889113																													ALE19958.1	https://www.ebi.ac.uk/ena/browser/view/ALE19958.1																																																																																														
A0A0M5L832																													KP889111	https://www.ebi.ac.uk/ena/browser/view/KP889111																													ALE19956.1	https://www.ebi.ac.uk/ena/browser/view/ALE19956.1																																																																																														
A0A0M8MW83	BK010418	https://www.ebi.ac.uk/ena/browser/view/BK010418	LGSR01000019	https://www.ebi.ac.uk/ena/browser/view/LGSR01000019																																																							DAB41647.1	https://www.ebi.ac.uk/ena/browser/view/DAB41647.1	KOS19888.1	https://www.ebi.ac.uk/ena/browser/view/KOS19888.1																																																																																												
A0A0M9VUG7	BK010418	https://www.ebi.ac.uk/ena/browser/view/BK010418	LGSR01000019	https://www.ebi.ac.uk/ena/browser/view/LGSR01000019																																																							DAB41646.1	https://www.ebi.ac.uk/ena/browser/view/DAB41646.1	KOS19885.1	https://www.ebi.ac.uk/ena/browser/view/KOS19885.1																																																																																												
A0A0M9VUP1	BK010418	https://www.ebi.ac.uk/ena/browser/view/BK010418	LGSR01000019	https://www.ebi.ac.uk/ena/browser/view/LGSR01000019																																																							DAB41645.1	https://www.ebi.ac.uk/ena/browser/view/DAB41645.1	KOS19955.1	https://www.ebi.ac.uk/ena/browser/view/KOS19955.1																																																																																												
A0A0N0RTK4	BK010418	https://www.ebi.ac.uk/ena/browser/view/BK010418	LGSR01000019	https://www.ebi.ac.uk/ena/browser/view/LGSR01000019																																																							DAB41644.1	https://www.ebi.ac.uk/ena/browser/view/DAB41644.1	KOS19953.1	https://www.ebi.ac.uk/ena/browser/view/KOS19953.1																																																																																												
A0A0P0ZEA9	LC073704	https://www.ebi.ac.uk/ena/browser/view/LC073704																																																									BAT32890.1	https://www.ebi.ac.uk/ena/browser/view/BAT32890.1																																																																																														
A0A0S2IHL6																													KT150523	https://www.ebi.ac.uk/ena/browser/view/KT150523																													ALO23119.1	https://www.ebi.ac.uk/ena/browser/view/ALO23119.1																																																																																														
A0A0U2D9C5	JN831120	https://www.ebi.ac.uk/ena/browser/view/JN831120																											KP063138	https://www.ebi.ac.uk/ena/browser/view/KP063138																													AKN91186.1	https://www.ebi.ac.uk/ena/browser/view/AKN91186.1	AEZ55690.1	https://www.ebi.ac.uk/ena/browser/view/AEZ55690.1	AEZ55691.1	https://www.ebi.ac.uk/ena/browser/view/AEZ55691.1																																																																																										
A0A0U2U4F3	JQ172796	https://www.ebi.ac.uk/ena/browser/view/JQ172796																											KP784690	https://www.ebi.ac.uk/ena/browser/view/KP784690	JQ172795	https://www.ebi.ac.uk/ena/browser/view/JQ172795																											ALR73780.1	https://www.ebi.ac.uk/ena/browser/view/ALR73780.1	AFF27505.1	https://www.ebi.ac.uk/ena/browser/view/AFF27505.1	AFF27506.1	https://www.ebi.ac.uk/ena/browser/view/AFF27506.1																																																																																										
A0A0U3LQ20																													KC814642	https://www.ebi.ac.uk/ena/browser/view/KC814642	KT934789	https://www.ebi.ac.uk/ena/browser/view/KT934789	JX156302	https://www.ebi.ac.uk/ena/browser/view/JX156302																									AHJ59324.1	https://www.ebi.ac.uk/ena/browser/view/AHJ59324.1	ALX18648.1	https://www.ebi.ac.uk/ena/browser/view/ALX18648.1	AGF69544.1	https://www.ebi.ac.uk/ena/browser/view/AGF69544.1																																																																																										
A0A0U4CDK4																													KT934790	https://www.ebi.ac.uk/ena/browser/view/KT934790																													ALX18649.1	https://www.ebi.ac.uk/ena/browser/view/ALX18649.1																																																																																														
A0A0U4ZPJ7	CDMC01000024	https://www.ebi.ac.uk/ena/browser/view/CDMC01000024																																																									CEL11253.1	https://www.ebi.ac.uk/ena/browser/view/CEL11253.1																																																																																														
A0A0U4ZPL6	CDMC01000024	https://www.ebi.ac.uk/ena/browser/view/CDMC01000024																																																									CEL11269.1	https://www.ebi.ac.uk/ena/browser/view/CEL11269.1																																																																																														
A0A0U5CJM3	CDMC01000024	https://www.ebi.ac.uk/ena/browser/view/CDMC01000024																																																									CEL11260.1	https://www.ebi.ac.uk/ena/browser/view/CEL11260.1																																																																																														
A0A0U5CJU2	CDMC01000024	https://www.ebi.ac.uk/ena/browser/view/CDMC01000024																																																									CEL11258.1	https://www.ebi.ac.uk/ena/browser/view/CEL11258.1																																																																																														
A0A0U5CJU6	CDMC01000024	https://www.ebi.ac.uk/ena/browser/view/CDMC01000024																																																									CEL11273.1	https://www.ebi.ac.uk/ena/browser/view/CEL11273.1																																																																																														
A0A0U5CJV1	CDMC01000024	https://www.ebi.ac.uk/ena/browser/view/CDMC01000024																																																									CEL11274.1	https://www.ebi.ac.uk/ena/browser/view/CEL11274.1																																																																																														
A0A0U5CNN8	CDMC01000002	https://www.ebi.ac.uk/ena/browser/view/CDMC01000002																																																									CEN60545.1	https://www.ebi.ac.uk/ena/browser/view/CEN60545.1																																																																																														
A0A0U5CNP2	CDMC01000002	https://www.ebi.ac.uk/ena/browser/view/CDMC01000002																																																									CEN60546.1	https://www.ebi.ac.uk/ena/browser/view/CEN60546.1																																																																																														
A0A0U5GFQ6	CDMC01000024	https://www.ebi.ac.uk/ena/browser/view/CDMC01000024																																																									CEL11265.1	https://www.ebi.ac.uk/ena/browser/view/CEL11265.1																																																																																														
A0A0U5GFR4	CDMC01000024	https://www.ebi.ac.uk/ena/browser/view/CDMC01000024																																																									CEL11250.1	https://www.ebi.ac.uk/ena/browser/view/CEL11250.1																																																																																														
A0A0U5GGX2	CDMC01000024	https://www.ebi.ac.uk/ena/browser/view/CDMC01000024																																																									CEL11259.1	https://www.ebi.ac.uk/ena/browser/view/CEL11259.1																																																																																														
A0A0U5GHD4	CDMC01000024	https://www.ebi.ac.uk/ena/browser/view/CDMC01000024																																																									CEL11270.1	https://www.ebi.ac.uk/ena/browser/view/CEL11270.1																																																																																														
A0A0U5GHG9	CDMC01000024	https://www.ebi.ac.uk/ena/browser/view/CDMC01000024																																																									CEL11251.1	https://www.ebi.ac.uk/ena/browser/view/CEL11251.1																																																																																														
A0A0U5GHU6	CDMC01000024	https://www.ebi.ac.uk/ena/browser/view/CDMC01000024																																																									CEL11264.1	https://www.ebi.ac.uk/ena/browser/view/CEL11264.1																																																																																														
A0A0U5GIM7	CDMC01000024	https://www.ebi.ac.uk/ena/browser/view/CDMC01000024																																																									CEL11255.1	https://www.ebi.ac.uk/ena/browser/view/CEL11255.1																																																																																														
A0A0U5GIU9	CDMC01000024	https://www.ebi.ac.uk/ena/browser/view/CDMC01000024																																																									CEL11271.1	https://www.ebi.ac.uk/ena/browser/view/CEL11271.1																																																																																														
A0A0U5GJ41	CDMC01000024	https://www.ebi.ac.uk/ena/browser/view/CDMC01000024																																																									CEL11261.1	https://www.ebi.ac.uk/ena/browser/view/CEL11261.1																																																																																														
A0A0U5GK88	CDMC01000024	https://www.ebi.ac.uk/ena/browser/view/CDMC01000024																																																									CEL11262.1	https://www.ebi.ac.uk/ena/browser/view/CEL11262.1																																																																																														
A0A0U5GNT1	CDMC01000002	https://www.ebi.ac.uk/ena/browser/view/CDMC01000002																																																									CEN60542.1	https://www.ebi.ac.uk/ena/browser/view/CEN60542.1																																																																																														
A0A0U5GQ05	CDMC01000002	https://www.ebi.ac.uk/ena/browser/view/CDMC01000002																																																									CEN60543.1	https://www.ebi.ac.uk/ena/browser/view/CEN60543.1																																																																																														
A0A0U5HAQ4	CDMC01000024	https://www.ebi.ac.uk/ena/browser/view/CDMC01000024																																																									CEL11268.1	https://www.ebi.ac.uk/ena/browser/view/CEL11268.1																																																																																														
A0A125SXN1																													LC053635	https://www.ebi.ac.uk/ena/browser/view/LC053635																													BAU46471.1	https://www.ebi.ac.uk/ena/browser/view/BAU46471.1																																																																																														
A0A125SXN2																													LC053636	https://www.ebi.ac.uk/ena/browser/view/LC053636																													BAU46472.1	https://www.ebi.ac.uk/ena/browser/view/BAU46472.1																																																																																														
A0A125SXN3																													LC053637	https://www.ebi.ac.uk/ena/browser/view/LC053637																													BAU46473.1	https://www.ebi.ac.uk/ena/browser/view/BAU46473.1																																																																																														
A0A140JWS5	LC027936	https://www.ebi.ac.uk/ena/browser/view/LC027936																																																									BAU61552.1	https://www.ebi.ac.uk/ena/browser/view/BAU61552.1																																																																																														
A0A140JWT0	LC027936	https://www.ebi.ac.uk/ena/browser/view/LC027936																																																									BAU61557.1	https://www.ebi.ac.uk/ena/browser/view/BAU61557.1																																																																																														
A0A140JWT1	LC027936	https://www.ebi.ac.uk/ena/browser/view/LC027936																																																									BAU61558.1	https://www.ebi.ac.uk/ena/browser/view/BAU61558.1																																																																																														
A0A140JWT3	LC027936	https://www.ebi.ac.uk/ena/browser/view/LC027936																																																									BAU61560.1	https://www.ebi.ac.uk/ena/browser/view/BAU61560.1																																																																																														
A0A140JWT4	LC027936	https://www.ebi.ac.uk/ena/browser/view/LC027936																																																									BAU61561.1	https://www.ebi.ac.uk/ena/browser/view/BAU61561.1																																																																																														
A0A140JWT5	LC027936	https://www.ebi.ac.uk/ena/browser/view/LC027936																																																									BAU61562.1	https://www.ebi.ac.uk/ena/browser/view/BAU61562.1																																																																																														
A0A140JWT6	LC027936	https://www.ebi.ac.uk/ena/browser/view/LC027936																																																									BAU61563.1	https://www.ebi.ac.uk/ena/browser/view/BAU61563.1																																																																																														
A0A140JWT8	LC027937	https://www.ebi.ac.uk/ena/browser/view/LC027937																																																									BAU61565.1	https://www.ebi.ac.uk/ena/browser/view/BAU61565.1																																																																																														
A0A140JWT9	LC027937	https://www.ebi.ac.uk/ena/browser/view/LC027937																																																									BAU61566.1	https://www.ebi.ac.uk/ena/browser/view/BAU61566.1																																																																																														
A0A140JWU1	LC027937	https://www.ebi.ac.uk/ena/browser/view/LC027937																																																									BAU61568.1	https://www.ebi.ac.uk/ena/browser/view/BAU61568.1																																																																																														
A0A140KFG9																													LC070683	https://www.ebi.ac.uk/ena/browser/view/LC070683																													BAU68096.1	https://www.ebi.ac.uk/ena/browser/view/BAU68096.1																																																																																														
A0A142BX74																													KT317709	https://www.ebi.ac.uk/ena/browser/view/KT317709																													AMP42991.1	https://www.ebi.ac.uk/ena/browser/view/AMP42991.1																																																																																														
A0A159AKG3																													KM272331	https://www.ebi.ac.uk/ena/browser/view/KM272331																													AKF17614.1	https://www.ebi.ac.uk/ena/browser/view/AKF17614.1																																																																																														
A0A167V661																													KU892071	https://www.ebi.ac.uk/ena/browser/view/KU892071																													ANB66333.1	https://www.ebi.ac.uk/ena/browser/view/ANB66333.1																																																																																														
A0A1B4XBG5	LC079035	https://www.ebi.ac.uk/ena/browser/view/LC079035																																																									BAV32145.1	https://www.ebi.ac.uk/ena/browser/view/BAV32145.1																																																																																														
A0A1B7YCK2	LTAN01000004	https://www.ebi.ac.uk/ena/browser/view/LTAN01000004	CACQ02005368	https://www.ebi.ac.uk/ena/browser/view/CACQ02005368																																																							OBR09786.1	https://www.ebi.ac.uk/ena/browser/view/OBR09786.1	XP_018158303.1	https://www.ncbi.nlm.nih.gov/protein/XP_018158303.1																																																	XP_018158303.1	XM_018300453.1	https://www.ncbi.nlm.nih.gov/protein/XP_018158303.1	https://www.ncbi.nlm.nih.gov/nucleotide/XM_018300453.1																																								
A0A1B7YCL6	CM004458	https://www.ebi.ac.uk/ena/browser/view/CM004458	CACQ02005368	https://www.ebi.ac.uk/ena/browser/view/CACQ02005368																																																							OBR09787.1	https://www.ebi.ac.uk/ena/browser/view/OBR09787.1	XP_018158304.1	https://www.ncbi.nlm.nih.gov/protein/XP_018158304.1																																																	XP_018158304.1	XM_018300454.1	https://www.ncbi.nlm.nih.gov/protein/XP_018158304.1	https://www.ncbi.nlm.nih.gov/nucleotide/XM_018300454.1																																								
A0A1B7YCX1	LTAN01000004	https://www.ebi.ac.uk/ena/browser/view/LTAN01000004																																																									OBR09784.1	https://www.ebi.ac.uk/ena/browser/view/OBR09784.1	XP_018158301.1	https://www.ncbi.nlm.nih.gov/protein/XP_018158301.1																																																	XP_018158301.1	XM_018300451.1	https://www.ncbi.nlm.nih.gov/protein/XP_018158301.1	https://www.ncbi.nlm.nih.gov/nucleotide/XM_018300451.1																																								
A0A1E1FFL1	LC127182	https://www.ebi.ac.uk/ena/browser/view/LC127182																																																									BAV69304.1	https://www.ebi.ac.uk/ena/browser/view/BAV69304.1																																																																																														
A0A1E1FFL4	LC127182	https://www.ebi.ac.uk/ena/browser/view/LC127182																																																									BAV69305.1	https://www.ebi.ac.uk/ena/browser/view/BAV69305.1																																																																																														
A0A1E1FFL6	LC127182	https://www.ebi.ac.uk/ena/browser/view/LC127182																																																									BAV69307.1	https://www.ebi.ac.uk/ena/browser/view/BAV69307.1																																																																																														
A0A1E1FFM3	LC127182	https://www.ebi.ac.uk/ena/browser/view/LC127182																																																									BAV69303.1	https://www.ebi.ac.uk/ena/browser/view/BAV69303.1																																																																																														
A0A1E1FFM8	LC127182	https://www.ebi.ac.uk/ena/browser/view/LC127182																																																									BAV69306.1	https://www.ebi.ac.uk/ena/browser/view/BAV69306.1																																																																																														
A0A1E1FFN3	LC127182	https://www.ebi.ac.uk/ena/browser/view/LC127182																																																									BAV69315.1	https://www.ebi.ac.uk/ena/browser/view/BAV69315.1																																																																																														
A0A1E1FFN7	LC127182	https://www.ebi.ac.uk/ena/browser/view/LC127182																																																									BAV69311.1	https://www.ebi.ac.uk/ena/browser/view/BAV69311.1																																																																																														
A0A1E1FFP5	LC127182	https://www.ebi.ac.uk/ena/browser/view/LC127182																																																									BAV69310.1	https://www.ebi.ac.uk/ena/browser/view/BAV69310.1																																																																																														
A0A1G9UQQ0	LT629701	https://www.ebi.ac.uk/ena/browser/view/LT629701																																																									SDM62252.1	https://www.ebi.ac.uk/ena/browser/view/SDM62252.1	WP_030432512.1	https://www.ncbi.nlm.nih.gov/protein/WP_030432512.1																																																	WP_030432512.1	NZ_JOEF01000028.1	https://www.ncbi.nlm.nih.gov/protein/WP_030432512.1	https://www.ncbi.nlm.nih.gov/nucleotide/NZ_JOEF01000028.1																																								
A0A1G9VRW7	LT629701	https://www.ebi.ac.uk/ena/browser/view/LT629701																																																									SDM74615.1	https://www.ebi.ac.uk/ena/browser/view/SDM74615.1	WP_052407688.1	https://www.ncbi.nlm.nih.gov/protein/WP_052407688.1																																																	WP_052407688.1	NZ_JOEF01000019.1	https://www.ncbi.nlm.nih.gov/protein/WP_052407688.1	https://www.ncbi.nlm.nih.gov/nucleotide/NZ_JOEF01000019.1																																								
A0A1L5YKS7																													KU664191	https://www.ebi.ac.uk/ena/browser/view/KU664191																													APP91789.1	https://www.ebi.ac.uk/ena/browser/view/APP91789.1																																																																																														
A0A1L6Z3A5																													KU685113	https://www.ebi.ac.uk/ena/browser/view/KU685113																													APT40485.1	https://www.ebi.ac.uk/ena/browser/view/APT40485.1																																																																																														
A0A1L7U8F2	FCQH01000014	https://www.ebi.ac.uk/ena/browser/view/FCQH01000014																																																									CVL03997.1	https://www.ebi.ac.uk/ena/browser/view/CVL03997.1	XP_041688448.1	https://www.ncbi.nlm.nih.gov/protein/XP_041688448.1																																																	XP_041688448.1	XM_041822804.1	https://www.ncbi.nlm.nih.gov/protein/XP_041688448.1	https://www.ncbi.nlm.nih.gov/nucleotide/XM_041822804.1																																								
A0A1L7VEQ6	FJOF01000003	https://www.ebi.ac.uk/ena/browser/view/FJOF01000003																																																									CZR39159.1	https://www.ebi.ac.uk/ena/browser/view/CZR39159.1																																																																																														
A0A1L7VEQ8	FJOF01000003	https://www.ebi.ac.uk/ena/browser/view/FJOF01000003																																																									CZR39163.1	https://www.ebi.ac.uk/ena/browser/view/CZR39163.1																																																																																														
A0A1L7VET6	FJOF01000003	https://www.ebi.ac.uk/ena/browser/view/FJOF01000003																																																									CZR39161.1	https://www.ebi.ac.uk/ena/browser/view/CZR39161.1																																																																																														
A0A1L7VI12	FJOF01000003	https://www.ebi.ac.uk/ena/browser/view/FJOF01000003																																																									CZR39160.1	https://www.ebi.ac.uk/ena/browser/view/CZR39160.1																																																																																														
A0A1L7VZE7	FJOF01000009	https://www.ebi.ac.uk/ena/browser/view/FJOF01000009																																																									CZR45361.1	https://www.ebi.ac.uk/ena/browser/view/CZR45361.1	XP_031085895.1	https://www.ncbi.nlm.nih.gov/protein/XP_031085895.1																																																	XP_031085895.1	XM_031220213.1	https://www.ncbi.nlm.nih.gov/protein/XP_031085895.1	https://www.ncbi.nlm.nih.gov/nucleotide/XM_031220213.1																																								
A0A1L9WQK2	KV878980	https://www.ebi.ac.uk/ena/browser/view/KV878980																																																									OJJ98432.1	https://www.ebi.ac.uk/ena/browser/view/OJJ98432.1	XP_020054772.1	https://www.ncbi.nlm.nih.gov/protein/XP_020054772.1																																																	XP_020054772.1	XM_020202736.1	https://www.ncbi.nlm.nih.gov/protein/XP_020054772.1	https://www.ncbi.nlm.nih.gov/nucleotide/XM_020202736.1																																								
A0A1L9WUI2	KV878977	https://www.ebi.ac.uk/ena/browser/view/KV878977																																																									OJJ99914.1	https://www.ebi.ac.uk/ena/browser/view/OJJ99914.1	XP_020056254.1	https://www.ncbi.nlm.nih.gov/protein/XP_020056254.1																																																	XP_020056254.1	XM_020203588.1	https://www.ncbi.nlm.nih.gov/protein/XP_020056254.1	https://www.ncbi.nlm.nih.gov/nucleotide/XM_020203588.1																																								
A0A1L9WUI4	KV878977	https://www.ebi.ac.uk/ena/browser/view/KV878977																																																									OJJ99916.1	https://www.ebi.ac.uk/ena/browser/view/OJJ99916.1																																																																																														
A0A1L9WUM2	KV878977	https://www.ebi.ac.uk/ena/browser/view/KV878977																																																									OJJ99919.1	https://www.ebi.ac.uk/ena/browser/view/OJJ99919.1	XP_020056259.1	https://www.ncbi.nlm.nih.gov/protein/XP_020056259.1																																																	XP_020056259.1	XM_020201280.1	https://www.ncbi.nlm.nih.gov/protein/XP_020056259.1	https://www.ncbi.nlm.nih.gov/nucleotide/XM_020201280.1																																								
A0A1L9WUX8	KV878977	https://www.ebi.ac.uk/ena/browser/view/KV878977																																																									OJJ99912.1	https://www.ebi.ac.uk/ena/browser/view/OJJ99912.1	XP_020056252.1	https://www.ncbi.nlm.nih.gov/protein/XP_020056252.1																																																	XP_020056252.1	XM_020196277.1	https://www.ncbi.nlm.nih.gov/protein/XP_020056252.1	https://www.ncbi.nlm.nih.gov/nucleotide/XM_020196277.1																																								
A0A1P7Y0A2																													KP689320	https://www.ebi.ac.uk/ena/browser/view/KP689320																													AJK30632.1	https://www.ebi.ac.uk/ena/browser/view/AJK30632.1																																																																																														
A0A1P7Y0C9																													KP689318	https://www.ebi.ac.uk/ena/browser/view/KP689318	KP689319	https://www.ebi.ac.uk/ena/browser/view/KP689319																											AJK30630.1	https://www.ebi.ac.uk/ena/browser/view/AJK30630.1	AJK30631.1	https://www.ebi.ac.uk/ena/browser/view/AJK30631.1																																																																																												
A0A1P7Y0D4																													KP689321	https://www.ebi.ac.uk/ena/browser/view/KP689321																													AJK30633.1	https://www.ebi.ac.uk/ena/browser/view/AJK30633.1																																																																																														
A0A1U8QGE6	BN001308	https://www.ebi.ac.uk/ena/browser/view/BN001308	AACD01000172	https://www.ebi.ac.uk/ena/browser/view/AACD01000172																																																							CBF87254.1	https://www.ebi.ac.uk/ena/browser/view/CBF87254.1	EAA66321.1	https://www.ebi.ac.uk/ena/browser/view/EAA66321.1	XP_682523.1	https://www.ncbi.nlm.nih.gov/protein/XP_682523.1																																															XP_682523.1	XM_677431.1	https://www.ncbi.nlm.nih.gov/protein/XP_682523.1	https://www.ncbi.nlm.nih.gov/nucleotide/XM_677431.1																																								
A0A1V0QSF8																													KY014561	https://www.ebi.ac.uk/ena/browser/view/KY014561																													ARE72257.1	https://www.ebi.ac.uk/ena/browser/view/ARE72257.1																																																																																														
A0A1V0QSG1																													KY014558	https://www.ebi.ac.uk/ena/browser/view/KY014558																													ARE72254.3	https://www.ebi.ac.uk/ena/browser/view/ARE72254.3																																																																																														
A0A1V0QSG9	JAATIP010000220	https://www.ebi.ac.uk/ena/browser/view/JAATIP010000220	JAATIQ010000048	https://www.ebi.ac.uk/ena/browser/view/JAATIQ010000048	UZAU01000699	https://www.ebi.ac.uk/ena/browser/view/UZAU01000699																							KY014567	https://www.ebi.ac.uk/ena/browser/view/KY014567																													ARE72263.1	https://www.ebi.ac.uk/ena/browser/view/ARE72263.1	MBA5282442.1	https://www.ebi.ac.uk/ena/browser/view/MBA5282442.1	MBA5282454.1	https://www.ebi.ac.uk/ena/browser/view/MBA5282454.1																																																																																										
A0A1V0QSH1																													KY014563	https://www.ebi.ac.uk/ena/browser/view/KY014563																													ARE72259.1	https://www.ebi.ac.uk/ena/browser/view/ARE72259.1																																																																																														
A0A1V1FNM9	LC127211	https://www.ebi.ac.uk/ena/browser/view/LC127211																																																									BAX09283.1	https://www.ebi.ac.uk/ena/browser/view/BAX09283.1																																																																																														
A0A1V1FNZ5	LC127211	https://www.ebi.ac.uk/ena/browser/view/LC127211																																																									BAX09280.1	https://www.ebi.ac.uk/ena/browser/view/BAX09280.1																																																																																														
A0A1V6NYL5	MDYM01000002	https://www.ebi.ac.uk/ena/browser/view/MDYM01000002																																																									OQD69720.1	https://www.ebi.ac.uk/ena/browser/view/OQD69720.1																																																																																														
A0A1W6QDI6																													KY661362	https://www.ebi.ac.uk/ena/browser/view/KY661362																													ARO38145.1	https://www.ebi.ac.uk/ena/browser/view/ARO38145.1																																																																																														
A0A1Y0BRF3	KY349137	https://www.ebi.ac.uk/ena/browser/view/KY349137																																																									ART41210.1	https://www.ebi.ac.uk/ena/browser/view/ART41210.1																																																																																														
A0A1Y0BRF4	KY349137	https://www.ebi.ac.uk/ena/browser/view/KY349137																																																									ART41215.1	https://www.ebi.ac.uk/ena/browser/view/ART41215.1																																																																																														
A0A1Y0BRF5	KY349137	https://www.ebi.ac.uk/ena/browser/view/KY349137																																																									ART41214.1	https://www.ebi.ac.uk/ena/browser/view/ART41214.1																																																																																														
A0A1Y0BRF7	KY349137	https://www.ebi.ac.uk/ena/browser/view/KY349137																																																									ART41212.1	https://www.ebi.ac.uk/ena/browser/view/ART41212.1																																																																																														
A0A1Y0BRF8	KY349137	https://www.ebi.ac.uk/ena/browser/view/KY349137																																																									ART41211.1	https://www.ebi.ac.uk/ena/browser/view/ART41211.1																																																																																														
A0A1Y0BRG0	KY349137	https://www.ebi.ac.uk/ena/browser/view/KY349137																																																									ART41216.1	https://www.ebi.ac.uk/ena/browser/view/ART41216.1																																																																																														
A0A1Y1C7S2	LC155210	https://www.ebi.ac.uk/ena/browser/view/LC155210																																																									BAX76656.1	https://www.ebi.ac.uk/ena/browser/view/BAX76656.1																																																																																														
A0A284RNH4	FUEG01000012	https://www.ebi.ac.uk/ena/browser/view/FUEG01000012																																																									SJL10288.1	https://www.ebi.ac.uk/ena/browser/view/SJL10288.1																																																																																														
A0A2B7YDW3	PDNA01000047	https://www.ebi.ac.uk/ena/browser/view/PDNA01000047																																																									PGH19455.1	https://www.ebi.ac.uk/ena/browser/view/PGH19455.1																																																																																														
A0A2I1BSX0	MSZS01000014	https://www.ebi.ac.uk/ena/browser/view/MSZS01000014																																																									PKX88479.1	https://www.ebi.ac.uk/ena/browser/view/PKX88479.1																																																																																														
A0A2I1BT15	MSZS01000014	https://www.ebi.ac.uk/ena/browser/view/MSZS01000014																																																									PKX88484.1	https://www.ebi.ac.uk/ena/browser/view/PKX88484.1																																																																																														
A0A2I1BT56	MSZS01000014	https://www.ebi.ac.uk/ena/browser/view/MSZS01000014																																																									PKX88481.1	https://www.ebi.ac.uk/ena/browser/view/PKX88481.1																																																																																														
A0A2I6PIZ2	MG182145	https://www.ebi.ac.uk/ena/browser/view/MG182145																																																									AUM60051.1	https://www.ebi.ac.uk/ena/browser/view/AUM60051.1																																																																																														
A0A2I6PIZ8	MG182145	https://www.ebi.ac.uk/ena/browser/view/MG182145																																																									AUM60057.1	https://www.ebi.ac.uk/ena/browser/view/AUM60057.1																																																																																														
A0A2I6PIZ9	MG182145	https://www.ebi.ac.uk/ena/browser/view/MG182145																																																									AUM60058.1	https://www.ebi.ac.uk/ena/browser/view/AUM60058.1																																																																																														
A0A2I6PJ00	MG182145	https://www.ebi.ac.uk/ena/browser/view/MG182145																																																									AUM60053.1	https://www.ebi.ac.uk/ena/browser/view/AUM60053.1																																																																																														
A0A2I6PJ01	MG182145	https://www.ebi.ac.uk/ena/browser/view/MG182145																																																									AUM60054.1	https://www.ebi.ac.uk/ena/browser/view/AUM60054.1																																																																																														
A0A2I6PJ07	MG182145	https://www.ebi.ac.uk/ena/browser/view/MG182145																																																									AUM60064.1	https://www.ebi.ac.uk/ena/browser/view/AUM60064.1																																																																																														
A0A2I6PJ08	MG182145	https://www.ebi.ac.uk/ena/browser/view/MG182145																																																									AUM60065.1	https://www.ebi.ac.uk/ena/browser/view/AUM60065.1																																																																																														
A0A2I6PJ12	MG182145	https://www.ebi.ac.uk/ena/browser/view/MG182145																																																									AUM60066.1	https://www.ebi.ac.uk/ena/browser/view/AUM60066.1																																																																																														
A0A2I6PJ13	MG182145	https://www.ebi.ac.uk/ena/browser/view/MG182145																																																									AUM60067.1	https://www.ebi.ac.uk/ena/browser/view/AUM60067.1																																																																																														
A0A2K9RFY0																													MG696751	https://www.ebi.ac.uk/ena/browser/view/MG696751																													AUT77123.1	https://www.ebi.ac.uk/ena/browser/view/AUT77123.1																																																																																														
A0A2K9RFZ8																													MG696750	https://www.ebi.ac.uk/ena/browser/view/MG696750																													AUT77122.1	https://www.ebi.ac.uk/ena/browser/view/AUT77122.1																																																																																														
A0A2K9RG07																													MG696752	https://www.ebi.ac.uk/ena/browser/view/MG696752																													AUT77124.1	https://www.ebi.ac.uk/ena/browser/view/AUT77124.1																																																																																														
A0A2P1DP75	MF990001	https://www.ebi.ac.uk/ena/browser/view/MF990001	MH388470	https://www.ebi.ac.uk/ena/browser/view/MH388470																																																							AVK70102.1	https://www.ebi.ac.uk/ena/browser/view/AVK70102.1	QBC75446.1	https://www.ebi.ac.uk/ena/browser/view/QBC75446.1																																																																																												
A0A2P1DP77	MF990002	https://www.ebi.ac.uk/ena/browser/view/MF990002	MH388470	https://www.ebi.ac.uk/ena/browser/view/MH388470																																																							AVK70103.1	https://www.ebi.ac.uk/ena/browser/view/AVK70103.1	QBC75445.1	https://www.ebi.ac.uk/ena/browser/view/QBC75445.1																																																																																												
A0A2P1DP87	MF989998	https://www.ebi.ac.uk/ena/browser/view/MF989998	MH388470	https://www.ebi.ac.uk/ena/browser/view/MH388470																																																							AVK70099.1	https://www.ebi.ac.uk/ena/browser/view/AVK70099.1	QBC75449.1	https://www.ebi.ac.uk/ena/browser/view/QBC75449.1																																																																																												
A0A2P1DP89	MF989995	https://www.ebi.ac.uk/ena/browser/view/MF989995	MH388470	https://www.ebi.ac.uk/ena/browser/view/MH388470																																																							AVK70096.1	https://www.ebi.ac.uk/ena/browser/view/AVK70096.1	QBC75452.1	https://www.ebi.ac.uk/ena/browser/view/QBC75452.1																																																																																												
A0A2P1DP90	MF989997	https://www.ebi.ac.uk/ena/browser/view/MF989997	MH388470	https://www.ebi.ac.uk/ena/browser/view/MH388470																																																							AVK70098.1	https://www.ebi.ac.uk/ena/browser/view/AVK70098.1	QBC75450.1	https://www.ebi.ac.uk/ena/browser/view/QBC75450.1																																																																																												
A0A2P1DP94	MF989996	https://www.ebi.ac.uk/ena/browser/view/MF989996	MH388470	https://www.ebi.ac.uk/ena/browser/view/MH388470																																																							AVK70097.1	https://www.ebi.ac.uk/ena/browser/view/AVK70097.1	QBC75451.1	https://www.ebi.ac.uk/ena/browser/view/QBC75451.1																																																																																												
A0A2P1DP98	MF990005	https://www.ebi.ac.uk/ena/browser/view/MF990005	MH388470	https://www.ebi.ac.uk/ena/browser/view/MH388470																																																							AVK70106.1	https://www.ebi.ac.uk/ena/browser/view/AVK70106.1	QBC75442.1	https://www.ebi.ac.uk/ena/browser/view/QBC75442.1																																																																																												
A0A2P1DPA5	MF990000	https://www.ebi.ac.uk/ena/browser/view/MF990000	MH388470	https://www.ebi.ac.uk/ena/browser/view/MH388470																																																							AVK70101.1	https://www.ebi.ac.uk/ena/browser/view/AVK70101.1	QBC75447.1	https://www.ebi.ac.uk/ena/browser/view/QBC75447.1																																																																																												
A0A2U8U2K8	MG736817	https://www.ebi.ac.uk/ena/browser/view/MG736817																																																									AWM95785.1	https://www.ebi.ac.uk/ena/browser/view/AWM95785.1																																																																																														
A0A2U8U2L3	MG736817	https://www.ebi.ac.uk/ena/browser/view/MG736817																																																									AWM95787.1	https://www.ebi.ac.uk/ena/browser/view/AWM95787.1																																																																																														
A0A2U8U2L4	MG736817	https://www.ebi.ac.uk/ena/browser/view/MG736817																																																									AWM95786.1	https://www.ebi.ac.uk/ena/browser/view/AWM95786.1																																																																																														
A0A2U8U2L5	MG736817	https://www.ebi.ac.uk/ena/browser/view/MG736817																																																									AWM95795.1	https://www.ebi.ac.uk/ena/browser/view/AWM95795.1																																																																																														
A0A2U8U2M1	MG736817	https://www.ebi.ac.uk/ena/browser/view/MG736817																																																									AWM95794.1	https://www.ebi.ac.uk/ena/browser/view/AWM95794.1																																																																																														
A0A2U8U2M8	MG736817	https://www.ebi.ac.uk/ena/browser/view/MG736817																																																									AWM95791.1	https://www.ebi.ac.uk/ena/browser/view/AWM95791.1																																																																																														
A0A2Z4HPY0	MF611889	https://www.ebi.ac.uk/ena/browser/view/MF611889																																																									AWW17217.1	https://www.ebi.ac.uk/ena/browser/view/AWW17217.1																																																																																														
A0A2Z4HPZ0	MF611890	https://www.ebi.ac.uk/ena/browser/view/MF611890																																																									AWW17218.1	https://www.ebi.ac.uk/ena/browser/view/AWW17218.1																																																																																														
A0A2Z4HPZ5	MF611894	https://www.ebi.ac.uk/ena/browser/view/MF611894																																																									AWW17222.1	https://www.ebi.ac.uk/ena/browser/view/AWW17222.1																																																																																														
A0A2Z4HPZ6	MF611886	https://www.ebi.ac.uk/ena/browser/view/MF611886																																																									AWW17214.1	https://www.ebi.ac.uk/ena/browser/view/AWW17214.1																																																																																														
A0A2Z4HPZ7	MF611883	https://www.ebi.ac.uk/ena/browser/view/MF611883																																																									AWW17211.1	https://www.ebi.ac.uk/ena/browser/view/AWW17211.1																																																																																														
A0A2Z6E8J2	LC380446	https://www.ebi.ac.uk/ena/browser/view/LC380446																																																									BBD84642.1	https://www.ebi.ac.uk/ena/browser/view/BBD84642.1																																																																																														
A0A2Z6E914	LC380446	https://www.ebi.ac.uk/ena/browser/view/LC380446																																																									BBD84647.1	https://www.ebi.ac.uk/ena/browser/view/BBD84647.1																																																																																														
A0A2Z6E9B9	LC380446	https://www.ebi.ac.uk/ena/browser/view/LC380446																																																									BBD84645.1	https://www.ebi.ac.uk/ena/browser/view/BBD84645.1																																																																																														
A0A2Z6E9C0	LC380446	https://www.ebi.ac.uk/ena/browser/view/LC380446																																																									BBD84646.1	https://www.ebi.ac.uk/ena/browser/view/BBD84646.1																																																																																														
A0A2Z6FZ19	LC274619	https://www.ebi.ac.uk/ena/browser/view/LC274619																																																									BBE36501.1	https://www.ebi.ac.uk/ena/browser/view/BBE36501.1																																																																																														
A0A2Z6FZ20	LC274619	https://www.ebi.ac.uk/ena/browser/view/LC274619																																																									BBE36500.1	https://www.ebi.ac.uk/ena/browser/view/BBE36500.1																																																																																														
A0A2Z6FZX4	LC274619	https://www.ebi.ac.uk/ena/browser/view/LC274619																																																									BBE36499.1	https://www.ebi.ac.uk/ena/browser/view/BBE36499.1																																																																																														
A0A345BJQ0	MF806533	https://www.ebi.ac.uk/ena/browser/view/MF806533																																																									AXF50663.1	https://www.ebi.ac.uk/ena/browser/view/AXF50663.1																																																																																														
A0A348AUV5																													LC212976	https://www.ebi.ac.uk/ena/browser/view/LC212976																													BBC44636.1	https://www.ebi.ac.uk/ena/browser/view/BBC44636.1																																																																																														
A0A348AUV6																													LC212977	https://www.ebi.ac.uk/ena/browser/view/LC212977																													BBC44637.1	https://www.ebi.ac.uk/ena/browser/view/BBC44637.1																																																																																														
A0A348AUV7																													LC212978	https://www.ebi.ac.uk/ena/browser/view/LC212978																													BBC44638.1	https://www.ebi.ac.uk/ena/browser/view/BBC44638.1																																																																																														
A0A348AUV9																													LC212980	https://www.ebi.ac.uk/ena/browser/view/LC212980																													BBC44640.1	https://www.ebi.ac.uk/ena/browser/view/BBC44640.1																																																																																														
A0A348AUW0																													LC212981	https://www.ebi.ac.uk/ena/browser/view/LC212981																													BBC44641.1	https://www.ebi.ac.uk/ena/browser/view/BBC44641.1																																																																																														
A0A348AUW1																													LC212982	https://www.ebi.ac.uk/ena/browser/view/LC212982																													BBC44642.1	https://www.ebi.ac.uk/ena/browser/view/BBC44642.1																																																																																														
A0A348B781	EQ966293	https://www.ebi.ac.uk/ena/browser/view/EQ966293																											LC378427	https://www.ebi.ac.uk/ena/browser/view/LC378427																													BBD74519.1	https://www.ebi.ac.uk/ena/browser/view/BBD74519.1	EED82142.1	https://www.ebi.ac.uk/ena/browser/view/EED82142.1																																																																																												
A0A348B782																													LC378428	https://www.ebi.ac.uk/ena/browser/view/LC378428																													BBD74520.1	https://www.ebi.ac.uk/ena/browser/view/BBD74520.1																																																																																														
A0A348B784																													LC378430	https://www.ebi.ac.uk/ena/browser/view/LC378430																													BBD74522.1	https://www.ebi.ac.uk/ena/browser/view/BBD74522.1																																																																																														
A0A348B785																													LC378431	https://www.ebi.ac.uk/ena/browser/view/LC378431																													BBD74523.1	https://www.ebi.ac.uk/ena/browser/view/BBD74523.1																																																																																														
A0A348B788																													LC378434	https://www.ebi.ac.uk/ena/browser/view/LC378434																													BBD74526.1	https://www.ebi.ac.uk/ena/browser/view/BBD74526.1																																																																																														
A0A348B790																													LC378436	https://www.ebi.ac.uk/ena/browser/view/LC378436																													BBD74528.1	https://www.ebi.ac.uk/ena/browser/view/BBD74528.1																																																																																														
A0A385AJN0	GL871106	https://www.ebi.ac.uk/ena/browser/view/GL871106																											MG262472	https://www.ebi.ac.uk/ena/browser/view/MG262472																													AXN72980.1	https://www.ebi.ac.uk/ena/browser/view/AXN72980.1	EGC34225.1	https://www.ebi.ac.uk/ena/browser/view/EGC34225.1	XP_003289235.1	https://www.ncbi.nlm.nih.gov/protein/XP_003289235.1																																															XP_003289235.1	XM_003289187.1	https://www.ncbi.nlm.nih.gov/protein/XP_003289235.1	https://www.ncbi.nlm.nih.gov/nucleotide/XM_003289187.1																																								
A0A3G1DJL2	KU946987	https://www.ebi.ac.uk/ena/browser/view/KU946987																																																									AMY15074.1	https://www.ebi.ac.uk/ena/browser/view/AMY15074.1																																																																																														
A0A3G1QTT3																													KY937954	https://www.ebi.ac.uk/ena/browser/view/KY937954																													AWN06648.1	https://www.ebi.ac.uk/ena/browser/view/AWN06648.1																																																																																														
A0A3G9GNJ4	LC422696	https://www.ebi.ac.uk/ena/browser/view/LC422696																																																									BBG28487.1	https://www.ebi.ac.uk/ena/browser/view/BBG28487.1																																																																																														
A0A3G9GR23	LC422696	https://www.ebi.ac.uk/ena/browser/view/LC422696																																																									BBG28483.1	https://www.ebi.ac.uk/ena/browser/view/BBG28483.1																																																																																														
A0A3G9GUR6	LC422696	https://www.ebi.ac.uk/ena/browser/view/LC422696																																																									BBG28482.1	https://www.ebi.ac.uk/ena/browser/view/BBG28482.1																																																																																														
A0A3G9GX61	LC422696	https://www.ebi.ac.uk/ena/browser/view/LC422696																																																									BBG28488.1	https://www.ebi.ac.uk/ena/browser/view/BBG28488.1																																																																																														
A0A3G9H185	LC422696	https://www.ebi.ac.uk/ena/browser/view/LC422696																																																									BBG28480.1	https://www.ebi.ac.uk/ena/browser/view/BBG28480.1																																																																																														
A0A3G9H8P0	LC422696	https://www.ebi.ac.uk/ena/browser/view/LC422696																																																									BBG28486.1	https://www.ebi.ac.uk/ena/browser/view/BBG28486.1																																																																																														
A0A3G9HAL8	LC422696	https://www.ebi.ac.uk/ena/browser/view/LC422696																																																									BBG28485.1	https://www.ebi.ac.uk/ena/browser/view/BBG28485.1																																																																																														
A0A3L6G998	NCVQ01000002	https://www.ebi.ac.uk/ena/browser/view/NCVQ01000002																																																									PWZ45177.1	https://www.ebi.ac.uk/ena/browser/view/PWZ45177.1																																																																																														
A0A3T0ZHJ0	LC422695	https://www.ebi.ac.uk/ena/browser/view/LC422695																																																									BBG28471.1	https://www.ebi.ac.uk/ena/browser/view/BBG28471.1																																																																																														
A0A3T0ZHK6	LC422695	https://www.ebi.ac.uk/ena/browser/view/LC422695																																																									BBG28474.1	https://www.ebi.ac.uk/ena/browser/view/BBG28474.1																																																																																														
A0A3T0ZHK9	LC422695	https://www.ebi.ac.uk/ena/browser/view/LC422695																																																									BBG28472.1	https://www.ebi.ac.uk/ena/browser/view/BBG28472.1																																																																																														
A0A3T0ZHL2	LC422695	https://www.ebi.ac.uk/ena/browser/view/LC422695																																																									BBG28473.1	https://www.ebi.ac.uk/ena/browser/view/BBG28473.1																																																																																														
A0A3T0ZHL4	LC422695	https://www.ebi.ac.uk/ena/browser/view/LC422695																																																									BBG28475.1	https://www.ebi.ac.uk/ena/browser/view/BBG28475.1																																																																																														
A0A455LLV4																													MH182997	https://www.ebi.ac.uk/ena/browser/view/MH182997																													AYO60864.1	https://www.ebi.ac.uk/ena/browser/view/AYO60864.1																																																																																														
A0A455LLV8																													MH183006	https://www.ebi.ac.uk/ena/browser/view/MH183006																													AYO60873.1	https://www.ebi.ac.uk/ena/browser/view/AYO60873.1																																																																																														
A0A455LLW0																													MH183016	https://www.ebi.ac.uk/ena/browser/view/MH183016																													AYO60883.1	https://www.ebi.ac.uk/ena/browser/view/AYO60883.1																																																																																														
A0A455LLW7																													MH183017	https://www.ebi.ac.uk/ena/browser/view/MH183017																													AYO60884.1	https://www.ebi.ac.uk/ena/browser/view/AYO60884.1																																																																																														
A0A455LLW9																													MH183004	https://www.ebi.ac.uk/ena/browser/view/MH183004																													AYO60871.1	https://www.ebi.ac.uk/ena/browser/view/AYO60871.1																																																																																														
A0A455LLX1																													MH183014	https://www.ebi.ac.uk/ena/browser/view/MH183014																													AYO60881.1	https://www.ebi.ac.uk/ena/browser/view/AYO60881.1																																																																																														
A0A455LLX2																													MH183008	https://www.ebi.ac.uk/ena/browser/view/MH183008																													AYO60875.1	https://www.ebi.ac.uk/ena/browser/view/AYO60875.1																																																																																														
A0A455LLX4																													MH183018	https://www.ebi.ac.uk/ena/browser/view/MH183018																													AYO60885.1	https://www.ebi.ac.uk/ena/browser/view/AYO60885.1																																																																																														
A0A455LM21																													MH182999	https://www.ebi.ac.uk/ena/browser/view/MH182999																													AYO60866.1	https://www.ebi.ac.uk/ena/browser/view/AYO60866.1																																																																																														
A0A455LM26																													MH183009	https://www.ebi.ac.uk/ena/browser/view/MH183009																													AYO60876.1	https://www.ebi.ac.uk/ena/browser/view/AYO60876.1																																																																																														
A0A455LM27																													MH183019	https://www.ebi.ac.uk/ena/browser/view/MH183019																													AYO60886.1	https://www.ebi.ac.uk/ena/browser/view/AYO60886.1																																																																																														
A0A455LN84																													MH183005	https://www.ebi.ac.uk/ena/browser/view/MH183005																													AYO60872.1	https://www.ebi.ac.uk/ena/browser/view/AYO60872.1																																																																																														
A0A455LN86																													MH183015	https://www.ebi.ac.uk/ena/browser/view/MH183015																													AYO60882.1	https://www.ebi.ac.uk/ena/browser/view/AYO60882.1																																																																																														
A0A455LRW3																													MH183002	https://www.ebi.ac.uk/ena/browser/view/MH183002																													AYO60869.1	https://www.ebi.ac.uk/ena/browser/view/AYO60869.1																																																																																														
A0A455LRX2																													MH183012	https://www.ebi.ac.uk/ena/browser/view/MH183012																													AYO60879.1	https://www.ebi.ac.uk/ena/browser/view/AYO60879.1																																																																																														
A0A455LXK0																													MH183000	https://www.ebi.ac.uk/ena/browser/view/MH183000																													AYO60867.1	https://www.ebi.ac.uk/ena/browser/view/AYO60867.1																																																																																														
A0A455M2Y3																													MH183001	https://www.ebi.ac.uk/ena/browser/view/MH183001																													AYO60868.1	https://www.ebi.ac.uk/ena/browser/view/AYO60868.1																																																																																														
A0A455M7R7																													MH183003	https://www.ebi.ac.uk/ena/browser/view/MH183003																													AYO60870.1	https://www.ebi.ac.uk/ena/browser/view/AYO60870.1																																																																																														
A0A455R413	LC406756	https://www.ebi.ac.uk/ena/browser/view/LC406756																																																									BBF25313.1	https://www.ebi.ac.uk/ena/browser/view/BBF25313.1																																																																																														
A0A455R5K2	LC406757	https://www.ebi.ac.uk/ena/browser/view/LC406757																																																									BBF25320.1	https://www.ebi.ac.uk/ena/browser/view/BBF25320.1																																																																																														
A0A455R7E6	LC406756	https://www.ebi.ac.uk/ena/browser/view/LC406756																																																									BBF25314.1	https://www.ebi.ac.uk/ena/browser/view/BBF25314.1																																																																																														
A0A455R7M0	LC406756	https://www.ebi.ac.uk/ena/browser/view/LC406756																																																									BBF25316.1	https://www.ebi.ac.uk/ena/browser/view/BBF25316.1																																																																																														
A0A455RAK9	LC406756	https://www.ebi.ac.uk/ena/browser/view/LC406756																																																									BBF25318.1	https://www.ebi.ac.uk/ena/browser/view/BBF25318.1																																																																																														
A0A484FVL2	KB726025	https://www.ebi.ac.uk/ena/browser/view/KB726025	AMCV02000011	https://www.ebi.ac.uk/ena/browser/view/AMCV02000011																																																							ENH79268.1	https://www.ebi.ac.uk/ena/browser/view/ENH79268.1	TDZ22090.1	https://www.ebi.ac.uk/ena/browser/view/TDZ22090.1																																																																																												
A0A484FXR4	KB726025	https://www.ebi.ac.uk/ena/browser/view/KB726025	AMCV02000011	https://www.ebi.ac.uk/ena/browser/view/AMCV02000011																																																							ENH79270.1	https://www.ebi.ac.uk/ena/browser/view/ENH79270.1	TDZ21877.1	https://www.ebi.ac.uk/ena/browser/view/TDZ21877.1																																																																																												
A0A4D6IA24	MK312630	https://www.ebi.ac.uk/ena/browser/view/MK312630																																																									QCC62379.1	https://www.ebi.ac.uk/ena/browser/view/QCC62379.1																																																																																														
A0A4P8GEA3	MK400120	https://www.ebi.ac.uk/ena/browser/view/MK400120																																																									QCO93111.1	https://www.ebi.ac.uk/ena/browser/view/QCO93111.1																																																																																														
A0A4P8GEB4	MK400120	https://www.ebi.ac.uk/ena/browser/view/MK400120																																																									QCO93115.1	https://www.ebi.ac.uk/ena/browser/view/QCO93115.1																																																																																														
A0A4P8GEE8	MK400120	https://www.ebi.ac.uk/ena/browser/view/MK400120																																																									QCO93107.1	https://www.ebi.ac.uk/ena/browser/view/QCO93107.1																																																																																														
A0A4P8GF19	MK400120	https://www.ebi.ac.uk/ena/browser/view/MK400120																																																									QCO93114.1	https://www.ebi.ac.uk/ena/browser/view/QCO93114.1																																																																																														
A0A4P8GFV8	MK400120	https://www.ebi.ac.uk/ena/browser/view/MK400120																																																									QCO93112.1	https://www.ebi.ac.uk/ena/browser/view/QCO93112.1																																																																																														
A0A4P8GG75	MK400120	https://www.ebi.ac.uk/ena/browser/view/MK400120																																																									QCO93106.1	https://www.ebi.ac.uk/ena/browser/view/QCO93106.1																																																																																														
A0A4S8MAF3	ML179122	https://www.ebi.ac.uk/ena/browser/view/ML179122																																																									THU99250.1	https://www.ebi.ac.uk/ena/browser/view/THU99250.1																																																																																														
A0A4Y5L9K3	JAATIQ010000272	https://www.ebi.ac.uk/ena/browser/view/JAATIQ010000272																											MK131289	https://www.ebi.ac.uk/ena/browser/view/MK131289																													KAF4365547.1	https://www.ebi.ac.uk/ena/browser/view/KAF4365547.1	QCQ18307.1	https://www.ebi.ac.uk/ena/browser/view/QCQ18307.1																																																																																												
A0A4Y5QVX6																													MK801762	https://www.ebi.ac.uk/ena/browser/view/MK801762																													QCY41290.1	https://www.ebi.ac.uk/ena/browser/view/QCY41290.1																																																																																														
A0A4Y5QWA6																													MK801764	https://www.ebi.ac.uk/ena/browser/view/MK801764																													QCY41292.1	https://www.ebi.ac.uk/ena/browser/view/QCY41292.1																																																																																														
A0A4Y5QWK5																													MK801765	https://www.ebi.ac.uk/ena/browser/view/MK801765																													QCY41293.1	https://www.ebi.ac.uk/ena/browser/view/QCY41293.1																																																																																														
A0A516F405	MK692947	https://www.ebi.ac.uk/ena/browser/view/MK692947																																																									QDO73502.1	https://www.ebi.ac.uk/ena/browser/view/QDO73502.1																																																																																														
A0A5B8NBE6																													MK803261	https://www.ebi.ac.uk/ena/browser/view/MK803261																													QDZ36304.1	https://www.ebi.ac.uk/ena/browser/view/QDZ36304.1																																																																																														
A0A5B8NBN0																													JX997149	https://www.ebi.ac.uk/ena/browser/view/JX997149	MH807380	https://www.ebi.ac.uk/ena/browser/view/MH807380	MK803262	https://www.ebi.ac.uk/ena/browser/view/MK803262																									AGC82084.1	https://www.ebi.ac.uk/ena/browser/view/AGC82084.1	QBZ67152.1	https://www.ebi.ac.uk/ena/browser/view/QBZ67152.1	QDZ36305.1	https://www.ebi.ac.uk/ena/browser/view/QDZ36305.1																																																																																										
A0A5P8DHZ6																													MK043034	https://www.ebi.ac.uk/ena/browser/view/MK043034																													QFP98578.1	https://www.ebi.ac.uk/ena/browser/view/QFP98578.1																																																																																														
A0A5P8DI06																													MK043035	https://www.ebi.ac.uk/ena/browser/view/MK043035																													QFP98579.1	https://www.ebi.ac.uk/ena/browser/view/QFP98579.1																																																																																														
A0A5P8DI07																													MK043036	https://www.ebi.ac.uk/ena/browser/view/MK043036																													QFP98580.1	https://www.ebi.ac.uk/ena/browser/view/QFP98580.1																																																																																														
A0A5P8DI15																													MK043033	https://www.ebi.ac.uk/ena/browser/view/MK043033																													QFP98577.1	https://www.ebi.ac.uk/ena/browser/view/QFP98577.1																																																																																														
A0A5Q0QMX0	MN146032	https://www.ebi.ac.uk/ena/browser/view/MN146032																																																									QGA30885.1	https://www.ebi.ac.uk/ena/browser/view/QGA30885.1																																																																																														
A0A5Q0QMX1	MN146031	https://www.ebi.ac.uk/ena/browser/view/MN146031																																																									QGA30884.1	https://www.ebi.ac.uk/ena/browser/view/QGA30884.1																																																																																														
A0A5Q0QN66	MN146029	https://www.ebi.ac.uk/ena/browser/view/MN146029																																																									QGA30882.1	https://www.ebi.ac.uk/ena/browser/view/QGA30882.1																																																																																														
A0A5Q0QNH9	MN146030	https://www.ebi.ac.uk/ena/browser/view/MN146030																																																									QGA30883.1	https://www.ebi.ac.uk/ena/browser/view/QGA30883.1																																																																																														
A0A5Q0QNJ2	MN146025	https://www.ebi.ac.uk/ena/browser/view/MN146025																																																									QGA30878.1	https://www.ebi.ac.uk/ena/browser/view/QGA30878.1																																																																																														
A0A5Q0QSI8	MN146028	https://www.ebi.ac.uk/ena/browser/view/MN146028																																																									QGA30881.1	https://www.ebi.ac.uk/ena/browser/view/QGA30881.1																																																																																														
A0A6S6QR11	LC314149	https://www.ebi.ac.uk/ena/browser/view/LC314149																																																									BCI98771.1	https://www.ebi.ac.uk/ena/browser/view/BCI98771.1																																																																																														
A0A7D0AGU9																													MH383159	https://www.ebi.ac.uk/ena/browser/view/MH383159																													QAX24808.1	https://www.ebi.ac.uk/ena/browser/view/QAX24808.1																																																																																														
A0A7G5KLV2																													MN230107	https://www.ebi.ac.uk/ena/browser/view/MN230107																													QMW48844.1	https://www.ebi.ac.uk/ena/browser/view/QMW48844.1																																																																																														
A0A7G5KLV3																													MN230108	https://www.ebi.ac.uk/ena/browser/view/MN230108																													QMW48845.1	https://www.ebi.ac.uk/ena/browser/view/QMW48845.1																																																																																														
A0A7J6EK66	JAATIP010000220	https://www.ebi.ac.uk/ena/browser/view/JAATIP010000220	JAATIQ010000048	https://www.ebi.ac.uk/ena/browser/view/JAATIQ010000048	UZAU01000635	https://www.ebi.ac.uk/ena/browser/view/UZAU01000635																							KY014576	https://www.ebi.ac.uk/ena/browser/view/KY014576																													ARE72272.1	https://www.ebi.ac.uk/ena/browser/view/ARE72272.1	KAF4358842.1	https://www.ebi.ac.uk/ena/browser/view/KAF4358842.1	KAF4393788.1	https://www.ebi.ac.uk/ena/browser/view/KAF4393788.1																																																																																										
A0A7J6G7L9	JAATIP010000184	https://www.ebi.ac.uk/ena/browser/view/JAATIP010000184	JAATIQ010000061	https://www.ebi.ac.uk/ena/browser/view/JAATIQ010000061	JAATIQ010000139	https://www.ebi.ac.uk/ena/browser/view/JAATIQ010000139	UZAU01000251	https://www.ebi.ac.uk/ena/browser/view/UZAU01000251																					KY014568	https://www.ebi.ac.uk/ena/browser/view/KY014568																													KAF4362397.1	https://www.ebi.ac.uk/ena/browser/view/KAF4362397.1	KAF4390991.1	https://www.ebi.ac.uk/ena/browser/view/KAF4390991.1	KAF4378100.1	https://www.ebi.ac.uk/ena/browser/view/KAF4378100.1	ARE72264.1	https://www.ebi.ac.uk/ena/browser/view/ARE72264.1																																																																																								
A0A7J6H013	JAATIP010000034	https://www.ebi.ac.uk/ena/browser/view/JAATIP010000034	UZAU01000046	https://www.ebi.ac.uk/ena/browser/view/UZAU01000046																									KY014572	https://www.ebi.ac.uk/ena/browser/view/KY014572																													KAF4388564.1	https://www.ebi.ac.uk/ena/browser/view/KAF4388564.1	ARE72268.1	https://www.ebi.ac.uk/ena/browser/view/ARE72268.1																																																																																												
A0A7J6HK32	JAATIP010000006	https://www.ebi.ac.uk/ena/browser/view/JAATIP010000006	JAATIP010000012	https://www.ebi.ac.uk/ena/browser/view/JAATIP010000012	JAATIQ010000236	https://www.ebi.ac.uk/ena/browser/view/JAATIQ010000236	JAATIQ010000390	https://www.ebi.ac.uk/ena/browser/view/JAATIQ010000390																					KY014555	https://www.ebi.ac.uk/ena/browser/view/KY014555																													ARE72251.2	https://www.ebi.ac.uk/ena/browser/view/ARE72251.2	KAF4395614.1	https://www.ebi.ac.uk/ena/browser/view/KAF4395614.1	KAF4394108.1	https://www.ebi.ac.uk/ena/browser/view/KAF4394108.1	KAF4368149.1	https://www.ebi.ac.uk/ena/browser/view/KAF4368149.1	KAF4358088.1	https://www.ebi.ac.uk/ena/browser/view/KAF4358088.1																																																																																						
A0A803NI27	JAATIP010000098	https://www.ebi.ac.uk/ena/browser/view/JAATIP010000098	JAATIQ010000290	https://www.ebi.ac.uk/ena/browser/view/JAATIQ010000290	JAATIQ010000364	https://www.ebi.ac.uk/ena/browser/view/JAATIQ010000364	UZAU01000007	https://www.ebi.ac.uk/ena/browser/view/UZAU01000007																					KY014553	https://www.ebi.ac.uk/ena/browser/view/KY014553																													ARE72249.1	https://www.ebi.ac.uk/ena/browser/view/ARE72249.1	KAF4373942.1	https://www.ebi.ac.uk/ena/browser/view/KAF4373942.1	KAF4363904.1	https://www.ebi.ac.uk/ena/browser/view/KAF4363904.1	KAF4359689.1	https://www.ebi.ac.uk/ena/browser/view/KAF4359689.1																																																																																								
A0A803PDZ0	JAATIP010000295	https://www.ebi.ac.uk/ena/browser/view/JAATIP010000295	JAATIQ010000009	https://www.ebi.ac.uk/ena/browser/view/JAATIQ010000009	UZAU01000395	https://www.ebi.ac.uk/ena/browser/view/UZAU01000395																							KY014577	https://www.ebi.ac.uk/ena/browser/view/KY014577																													KAF4353450.1	https://www.ebi.ac.uk/ena/browser/view/KAF4353450.1	KAF4402161.1	https://www.ebi.ac.uk/ena/browser/view/KAF4402161.1	ARE72273.1	https://www.ebi.ac.uk/ena/browser/view/ARE72273.1																																																																																										
A0A858E4Y6	GL883193	https://www.ebi.ac.uk/ena/browser/view/GL883193																											MK946439	https://www.ebi.ac.uk/ena/browser/view/MK946439																													QIG55791.1	https://www.ebi.ac.uk/ena/browser/view/QIG55791.1	EGF97904.1	https://www.ebi.ac.uk/ena/browser/view/EGF97904.1	XP_007418803.1	https://www.ncbi.nlm.nih.gov/protein/XP_007418803.1																																															XP_007418803.1	XM_007418741.1	https://www.ncbi.nlm.nih.gov/protein/XP_007418803.1	https://www.ncbi.nlm.nih.gov/nucleotide/XM_007418741.1																																								
A0A858E7J4																													MK946441	https://www.ebi.ac.uk/ena/browser/view/MK946441																													QIG55793.1	https://www.ebi.ac.uk/ena/browser/view/QIG55793.1																																																																																														
A0A858E899																													MK946443	https://www.ebi.ac.uk/ena/browser/view/MK946443																													QIG55795.1	https://www.ebi.ac.uk/ena/browser/view/QIG55795.1																																																																																														
A0A858EAD5																													MK946442	https://www.ebi.ac.uk/ena/browser/view/MK946442																													QIG55794.1	https://www.ebi.ac.uk/ena/browser/view/QIG55794.1																																																																																														
A0A8D5M3V0	LC600199	https://www.ebi.ac.uk/ena/browser/view/LC600199																																																									BCP96881.1	https://www.ebi.ac.uk/ena/browser/view/BCP96881.1																																																																																														
A0A8D5M692	LC600199	https://www.ebi.ac.uk/ena/browser/view/LC600199																																																									BCP96883.1	https://www.ebi.ac.uk/ena/browser/view/BCP96883.1																																																																																														
A0A8D5M6H6	LC600199	https://www.ebi.ac.uk/ena/browser/view/LC600199																																																									BCP96887.1	https://www.ebi.ac.uk/ena/browser/view/BCP96887.1																																																																																														
A0A8D5M7V9	LC600199	https://www.ebi.ac.uk/ena/browser/view/LC600199																																																									BCP96885.1	https://www.ebi.ac.uk/ena/browser/view/BCP96885.1																																																																																														
A0A8D5M8I1	LC600199	https://www.ebi.ac.uk/ena/browser/view/LC600199																																																									BCP96884.1	https://www.ebi.ac.uk/ena/browser/view/BCP96884.1																																																																																														
A0A8D5RWG4	LC600199	https://www.ebi.ac.uk/ena/browser/view/LC600199																																																									BCP96879.1	https://www.ebi.ac.uk/ena/browser/view/BCP96879.1																																																																																														
A0A8D5RY40	LC600199	https://www.ebi.ac.uk/ena/browser/view/LC600199																																																									BCP96878.1	https://www.ebi.ac.uk/ena/browser/view/BCP96878.1																																																																																														
A0A8D5RZ52	LC600199	https://www.ebi.ac.uk/ena/browser/view/LC600199																																																									BCP96880.1	https://www.ebi.ac.uk/ena/browser/view/BCP96880.1																																																																																														
A0A8H5Z7W4	WNKQ01000023	https://www.ebi.ac.uk/ena/browser/view/WNKQ01000023																																																									KAF5844422.1	https://www.ebi.ac.uk/ena/browser/view/KAF5844422.1																																																																																														
A0A8H7XMX0	JAFIQS020000011	https://www.ebi.ac.uk/ena/browser/view/JAFIQS020000011																																																									KAH9476333.1	https://www.ebi.ac.uk/ena/browser/view/KAH9476333.1	XP_047743958.1	https://www.ncbi.nlm.nih.gov/protein/XP_047743958.1																																																	XP_047743958.1	XM_047897549.1	https://www.ncbi.nlm.nih.gov/protein/XP_047743958.1	https://www.ncbi.nlm.nih.gov/nucleotide/XM_047897549.1																																								
A0A8K1AW51	MW248390	https://www.ebi.ac.uk/ena/browser/view/MW248390																																																									QVR97764.1	https://www.ebi.ac.uk/ena/browser/view/QVR97764.1																																																																																														
A0A8K1AW54	MW248390	https://www.ebi.ac.uk/ena/browser/view/MW248390																																																									QVR97761.1	https://www.ebi.ac.uk/ena/browser/view/QVR97761.1																																																																																														
A0A8K1AWG4	MW248390	https://www.ebi.ac.uk/ena/browser/view/MW248390																																																									QVR97765.1	https://www.ebi.ac.uk/ena/browser/view/QVR97765.1																																																																																														
A0SJQ5	DQ494675	https://www.ebi.ac.uk/ena/browser/view/DQ494675																											DQ494674	https://www.ebi.ac.uk/ena/browser/view/DQ494674																													ABF57213.1	https://www.ebi.ac.uk/ena/browser/view/ABF57213.1	ABF57214.1	https://www.ebi.ac.uk/ena/browser/view/ABF57214.1																																																																																												
A1C8C2	DS027045	https://www.ebi.ac.uk/ena/browser/view/DS027045																																																									EAW14643.1	https://www.ebi.ac.uk/ena/browser/view/EAW14643.1	XP_001276069.1	https://www.ncbi.nlm.nih.gov/protein/XP_001276069.1																																																	XP_001276069.1	XM_001276068.1	https://www.ncbi.nlm.nih.gov/protein/XP_001276069.1	https://www.ncbi.nlm.nih.gov/nucleotide/XM_001276068.1																																								
A1C8C5	DS027045	https://www.ebi.ac.uk/ena/browser/view/DS027045																																																									EAW14646.1	https://www.ebi.ac.uk/ena/browser/view/EAW14646.1	XP_001276072.1	https://www.ncbi.nlm.nih.gov/protein/XP_001276072.1																																																	XP_001276072.1	XM_001276071.1	https://www.ncbi.nlm.nih.gov/protein/XP_001276072.1	https://www.ncbi.nlm.nih.gov/nucleotide/XM_001276071.1																																								
A4D9R2	AAHF01000006	https://www.ebi.ac.uk/ena/browser/view/AAHF01000006																																																									EBA27371.1	https://www.ebi.ac.uk/ena/browser/view/EBA27371.1	XP_001481476.1	https://www.ncbi.nlm.nih.gov/protein/XP_001481476.1																																																	XP_001481476.1	XM_001481426.1	https://www.ncbi.nlm.nih.gov/protein/XP_001481476.1	https://www.ncbi.nlm.nih.gov/nucleotide/XM_001481426.1																																								
A4D9R3	AAHF01000006	https://www.ebi.ac.uk/ena/browser/view/AAHF01000006																																																									EBA27372.1	https://www.ebi.ac.uk/ena/browser/view/EBA27372.1	XP_001481477.1	https://www.ncbi.nlm.nih.gov/protein/XP_001481477.1																																																	XP_001481477.1	XM_001481427.2	https://www.ncbi.nlm.nih.gov/protein/XP_001481477.1	https://www.ncbi.nlm.nih.gov/nucleotide/XM_001481427.2																																								
A7NH01	CP000804	https://www.ebi.ac.uk/ena/browser/view/CP000804																																																									ABU56748.1	https://www.ebi.ac.uk/ena/browser/view/ABU56748.1	WP_012119179.1	https://www.ncbi.nlm.nih.gov/protein/WP_012119179.1																																																	WP_012119179.1	NC_009767.1	https://www.ncbi.nlm.nih.gov/protein/WP_012119179.1	https://www.ncbi.nlm.nih.gov/nucleotide/NC_009767.1																																								
A8C980																													AB263203	https://www.ebi.ac.uk/ena/browser/view/AB263203																													BAF80441.1	https://www.ebi.ac.uk/ena/browser/view/BAF80441.1																																																																																														
A8C981																													AB263204	https://www.ebi.ac.uk/ena/browser/view/AB263204																													BAF80442.1	https://www.ebi.ac.uk/ena/browser/view/BAF80442.1																																																																																														
A8CDT2																													AB289585	https://www.ebi.ac.uk/ena/browser/view/AB289585																													BAF80443.1	https://www.ebi.ac.uk/ena/browser/view/BAF80443.1																																																																																														
A8CDT3																													AB289586	https://www.ebi.ac.uk/ena/browser/view/AB289586																													BAF80444.1	https://www.ebi.ac.uk/ena/browser/view/BAF80444.1																																																																																														
A9AWD5	CP000875	https://www.ebi.ac.uk/ena/browser/view/CP000875																																																									ABX04785.1	https://www.ebi.ac.uk/ena/browser/view/ABX04785.1																																																																																														
A9FZ87	AM746676	https://www.ebi.ac.uk/ena/browser/view/AM746676																																																									CAN98722.1	https://www.ebi.ac.uk/ena/browser/view/CAN98722.1	WP_012241161.1	https://www.ncbi.nlm.nih.gov/protein/WP_012241161.1																																																	WP_012241161.1	NC_010162.1	https://www.ncbi.nlm.nih.gov/protein/WP_012241161.1	https://www.ncbi.nlm.nih.gov/nucleotide/NC_010162.1																																								
A9JPE0	AM921700	https://www.ebi.ac.uk/ena/browser/view/AM921700																																																									CAP53941.1	https://www.ebi.ac.uk/ena/browser/view/CAP53941.1																																																																																														
A9JPE1	AM921700	https://www.ebi.ac.uk/ena/browser/view/AM921700																																																									CAP53937.2	https://www.ebi.ac.uk/ena/browser/view/CAP53937.2																																																																																														
A9JPE2	AM921700	https://www.ebi.ac.uk/ena/browser/view/AM921700																																																									CAP53938.1	https://www.ebi.ac.uk/ena/browser/view/CAP53938.1																																																																																														
B0Y565	DS499598	https://www.ebi.ac.uk/ena/browser/view/DS499598																																																									EDP50814.1	https://www.ebi.ac.uk/ena/browser/view/EDP50814.1																																																																																														
B1B1U3	AB263736	https://www.ebi.ac.uk/ena/browser/view/AB263736																											AB247331	https://www.ebi.ac.uk/ena/browser/view/AB247331																													BAG12020.1	https://www.ebi.ac.uk/ena/browser/view/BAG12020.1	BAG12315.1	https://www.ebi.ac.uk/ena/browser/view/BAG12315.1																																																																																												
B2DBF0																													AB252834	https://www.ebi.ac.uk/ena/browser/view/AB252834																													BAG30961.1	https://www.ebi.ac.uk/ena/browser/view/BAG30961.1																																																																																														
B2DBF1																													AB252835	https://www.ebi.ac.uk/ena/browser/view/AB252835																													BAG30962.1	https://www.ebi.ac.uk/ena/browser/view/BAG30962.1																																																																																														
B2J4A4	CP001037	https://www.ebi.ac.uk/ena/browser/view/CP001037																																																									ACC82216.1	https://www.ebi.ac.uk/ena/browser/view/ACC82216.1	WP_012410187.1	https://www.ncbi.nlm.nih.gov/protein/WP_012410187.1																																																	WP_012410187.1	NC_010628.1	https://www.ncbi.nlm.nih.gov/protein/WP_012410187.1	https://www.ncbi.nlm.nih.gov/nucleotide/NC_010628.1																																								
B5A434																													EU798692	https://www.ebi.ac.uk/ena/browser/view/EU798692																													ACF24767.1	https://www.ebi.ac.uk/ena/browser/view/ACF24767.1																																																																																														
B5A435																													EU798693	https://www.ebi.ac.uk/ena/browser/view/EU798693																													ACF24768.1	https://www.ebi.ac.uk/ena/browser/view/ACF24768.1																																																																																														
B5GW45	CM000914	https://www.ebi.ac.uk/ena/browser/view/CM000914	DS570654	https://www.ebi.ac.uk/ena/browser/view/DS570654																																																							EFG03561.2	https://www.ebi.ac.uk/ena/browser/view/EFG03561.2	EDY50541.1	https://www.ebi.ac.uk/ena/browser/view/EDY50541.1	WP_003956090.1	https://www.ncbi.nlm.nih.gov/protein/WP_003956090.1																																															WP_003956090.1	NZ_CM000914.1	https://www.ncbi.nlm.nih.gov/protein/WP_003956090.1	https://www.ncbi.nlm.nih.gov/nucleotide/NZ_CM000914.1																																								
B5H7H3	CM000950	https://www.ebi.ac.uk/ena/browser/view/CM000950																																																									EDY62784.1	https://www.ebi.ac.uk/ena/browser/view/EDY62784.1	WP_005320742.1	https://www.ncbi.nlm.nih.gov/protein/WP_005320742.1																																																	WP_005320742.1	NZ_CM000950.1	https://www.ncbi.nlm.nih.gov/protein/WP_005320742.1	https://www.ncbi.nlm.nih.gov/nucleotide/NZ_CM000950.1																																								
B6EXY6	AC002986	https://www.ebi.ac.uk/ena/browser/view/AC002986	CP002684	https://www.ebi.ac.uk/ena/browser/view/CP002684																									AB374428	https://www.ebi.ac.uk/ena/browser/view/AB374428																													BAG82628.1	https://www.ebi.ac.uk/ena/browser/view/BAG82628.1	AAC17080.1	https://www.ebi.ac.uk/ena/browser/view/AAC17080.1	AEE36183.1	https://www.ebi.ac.uk/ena/browser/view/AEE36183.1	NP_178016.2	https://www.ncbi.nlm.nih.gov/protein/NP_178016.2																																													NP_178016.2	NM_106544.5	https://www.ncbi.nlm.nih.gov/protein/NP_178016.2	https://www.ncbi.nlm.nih.gov/nucleotide/NM_106544.5																																								
B6H063	AM920427	https://www.ebi.ac.uk/ena/browser/view/AM920427																																																									CAP80258.1	https://www.ebi.ac.uk/ena/browser/view/CAP80258.1	XP_002557473.1	https://www.ncbi.nlm.nih.gov/protein/XP_002557473.1																																																	XP_002557473.1	XM_002557427.1	https://www.ncbi.nlm.nih.gov/protein/XP_002557473.1	https://www.ncbi.nlm.nih.gov/nucleotide/XM_002557427.1																																								
B6HFX9	AM920435	https://www.ebi.ac.uk/ena/browser/view/AM920435																																																									CAP86416.1	https://www.ebi.ac.uk/ena/browser/view/CAP86416.1																																																																																														
B6HUQ4	AM920437	https://www.ebi.ac.uk/ena/browser/view/AM920437																																																									CAP99570.1	https://www.ebi.ac.uk/ena/browser/view/CAP99570.1																																																																																														
B6HV34	AM920437	https://www.ebi.ac.uk/ena/browser/view/AM920437																																																									CAP99575.1	https://www.ebi.ac.uk/ena/browser/view/CAP99575.1	XP_002566181.1	https://www.ncbi.nlm.nih.gov/protein/XP_002566181.1																																																	XP_002566181.1	XM_002566135.1	https://www.ncbi.nlm.nih.gov/protein/XP_002566181.1	https://www.ncbi.nlm.nih.gov/nucleotide/XM_002566135.1																																								
B6HV35	AM920437	https://www.ebi.ac.uk/ena/browser/view/AM920437																																																									CAP99576.1	https://www.ebi.ac.uk/ena/browser/view/CAP99576.1																																																																																														
B6HV36	AM920437	https://www.ebi.ac.uk/ena/browser/view/AM920437																																																									CAP99577.1	https://www.ebi.ac.uk/ena/browser/view/CAP99577.1																																																																																														
B6HV37	AM920437	https://www.ebi.ac.uk/ena/browser/view/AM920437																																																									CAP99578.1	https://www.ebi.ac.uk/ena/browser/view/CAP99578.1																																																																																														
B6HV38	AM920437	https://www.ebi.ac.uk/ena/browser/view/AM920437																																																									CAP99579.1	https://www.ebi.ac.uk/ena/browser/view/CAP99579.1																																																																																														
B6HV39	AM920437	https://www.ebi.ac.uk/ena/browser/view/AM920437																																																									CAP99580.1	https://www.ebi.ac.uk/ena/browser/view/CAP99580.1																																																																																														
B6SCF3																													EU760348	https://www.ebi.ac.uk/ena/browser/view/EU760348																													ACI32637.1	https://www.ebi.ac.uk/ena/browser/view/ACI32637.1																																																																																														
B6SCF4																													EU760349	https://www.ebi.ac.uk/ena/browser/view/EU760349																													ACI32638.1	https://www.ebi.ac.uk/ena/browser/view/ACI32638.1																																																																																														
B6SCF5																													EU760350	https://www.ebi.ac.uk/ena/browser/view/EU760350																													ACI32639.1	https://www.ebi.ac.uk/ena/browser/view/ACI32639.1																																																																																														
B6SCF6																													EU760351	https://www.ebi.ac.uk/ena/browser/view/EU760351																													ACI32640.1	https://www.ebi.ac.uk/ena/browser/view/ACI32640.1																																																																																														
B8NHD7	EQ963478	https://www.ebi.ac.uk/ena/browser/view/EQ963478	CP044620	https://www.ebi.ac.uk/ena/browser/view/CP044620																																																							EED50779.1	https://www.ebi.ac.uk/ena/browser/view/EED50779.1	QRD86575.1	https://www.ebi.ac.uk/ena/browser/view/QRD86575.1																																																																																												
B8NHD8	EQ963478	https://www.ebi.ac.uk/ena/browser/view/EQ963478	CP044620	https://www.ebi.ac.uk/ena/browser/view/CP044620																																																							EED50780.1	https://www.ebi.ac.uk/ena/browser/view/EED50780.1	QRD86576.1	https://www.ebi.ac.uk/ena/browser/view/QRD86576.1																																																																																												
B8NHD9	EQ963478	https://www.ebi.ac.uk/ena/browser/view/EQ963478	CP044620	https://www.ebi.ac.uk/ena/browser/view/CP044620																																																							EED50781.1	https://www.ebi.ac.uk/ena/browser/view/EED50781.1	QRD86577.1	https://www.ebi.ac.uk/ena/browser/view/QRD86577.1																																																																																												
B8NHE0	EQ963478	https://www.ebi.ac.uk/ena/browser/view/EQ963478	CP059868	https://www.ebi.ac.uk/ena/browser/view/CP059868	CP044620	https://www.ebi.ac.uk/ena/browser/view/CP044620																																																					EED50782.1	https://www.ebi.ac.uk/ena/browser/view/EED50782.1	QMW30129.1	https://www.ebi.ac.uk/ena/browser/view/QMW30129.1	QRD86578.1	https://www.ebi.ac.uk/ena/browser/view/QRD86578.1																																																																																										
B8NHE1	EQ963478	https://www.ebi.ac.uk/ena/browser/view/EQ963478	CP044620	https://www.ebi.ac.uk/ena/browser/view/CP044620																																																							EED50783.1	https://www.ebi.ac.uk/ena/browser/view/EED50783.1	QRD86579.1	https://www.ebi.ac.uk/ena/browser/view/QRD86579.1																																																																																												
B8NHE2	EQ963478	https://www.ebi.ac.uk/ena/browser/view/EQ963478	CP044620	https://www.ebi.ac.uk/ena/browser/view/CP044620																																																							EED50784.1	https://www.ebi.ac.uk/ena/browser/view/EED50784.1	QRD86580.1	https://www.ebi.ac.uk/ena/browser/view/QRD86580.1																																																																																												
B8NHE3	EQ963478	https://www.ebi.ac.uk/ena/browser/view/EQ963478	CP059868	https://www.ebi.ac.uk/ena/browser/view/CP059868	CP044620	https://www.ebi.ac.uk/ena/browser/view/CP044620																																																					EED50785.1	https://www.ebi.ac.uk/ena/browser/view/EED50785.1	QMW30132.1	https://www.ebi.ac.uk/ena/browser/view/QMW30132.1	QRD86581.1	https://www.ebi.ac.uk/ena/browser/view/QRD86581.1																																																																																										
B8NHE4	EQ963478	https://www.ebi.ac.uk/ena/browser/view/EQ963478	CP059868	https://www.ebi.ac.uk/ena/browser/view/CP059868	CP044620	https://www.ebi.ac.uk/ena/browser/view/CP044620																																																					EED50786.1	https://www.ebi.ac.uk/ena/browser/view/EED50786.1	QMW30133.1	https://www.ebi.ac.uk/ena/browser/view/QMW30133.1	QRD86582.1	https://www.ebi.ac.uk/ena/browser/view/QRD86582.1																																																																																										
B9SBU9	EQ973917	https://www.ebi.ac.uk/ena/browser/view/EQ973917																											JN315865	https://www.ebi.ac.uk/ena/browser/view/JN315865																													AEQ27767.1	https://www.ebi.ac.uk/ena/browser/view/AEQ27767.1	EEF38927.1	https://www.ebi.ac.uk/ena/browser/view/EEF38927.1	NP_001310688.1	https://www.ncbi.nlm.nih.gov/protein/NP_001310688.1																																															NP_001310688.1	NM_001323759.1	https://www.ncbi.nlm.nih.gov/protein/NP_001310688.1	https://www.ncbi.nlm.nih.gov/nucleotide/NM_001323759.1																																								
B9T536	EQ974507	https://www.ebi.ac.uk/ena/browser/view/EQ974507																											JN315867	https://www.ebi.ac.uk/ena/browser/view/JN315867																													AEQ27769.1	https://www.ebi.ac.uk/ena/browser/view/AEQ27769.1	EEF29028.1	https://www.ebi.ac.uk/ena/browser/view/EEF29028.1	NP_001310631.1	https://www.ncbi.nlm.nih.gov/protein/NP_001310631.1																																															NP_001310631.1	NM_001323702.1	https://www.ncbi.nlm.nih.gov/protein/NP_001310631.1	https://www.ncbi.nlm.nih.gov/nucleotide/NM_001323702.1																																								
B9T625	EQ974570	https://www.ebi.ac.uk/ena/browser/view/EQ974570																																																									EEF28689.1	https://www.ebi.ac.uk/ena/browser/view/EEF28689.1																																																																																														
B9X0J1																													AB455264	https://www.ebi.ac.uk/ena/browser/view/AB455264																													BAH23676.1	https://www.ebi.ac.uk/ena/browser/view/BAH23676.1																																																																																														
C1K5M3																													FJ797957	https://www.ebi.ac.uk/ena/browser/view/FJ797957																													ACO56896.1	https://www.ebi.ac.uk/ena/browser/view/ACO56896.1	NP_001234629.1	https://www.ncbi.nlm.nih.gov/protein/NP_001234629.1																																																	NP_001234629.1	NM_001247700.1	https://www.ncbi.nlm.nih.gov/protein/NP_001234629.1	https://www.ncbi.nlm.nih.gov/nucleotide/NM_001247700.1																																								
C7ASI9	FJ609174	https://www.ebi.ac.uk/ena/browser/view/FJ609174																																																									ACM04452.2	https://www.ebi.ac.uk/ena/browser/view/ACM04452.2																																																																																														
C7E5V7																													GQ253104	https://www.ebi.ac.uk/ena/browser/view/GQ253104																													ACT37403.1	https://www.ebi.ac.uk/ena/browser/view/ACT37403.1																																																																																														
C7E5V8																													GQ253105	https://www.ebi.ac.uk/ena/browser/view/GQ253105																													ACT37404.1	https://www.ebi.ac.uk/ena/browser/view/ACT37404.1																																																																																														
C7E5V9																													GQ253106	https://www.ebi.ac.uk/ena/browser/view/GQ253106																													ACT37405.1	https://www.ebi.ac.uk/ena/browser/view/ACT37405.1																																																																																														
C7E5W0																													GQ253107	https://www.ebi.ac.uk/ena/browser/view/GQ253107																													ACT37406.1	https://www.ebi.ac.uk/ena/browser/view/ACT37406.1																																																																																														
C7PLV2	CP001699	https://www.ebi.ac.uk/ena/browser/view/CP001699																																																									ACU62166.1	https://www.ebi.ac.uk/ena/browser/view/ACU62166.1	WP_012792334.1	https://www.ncbi.nlm.nih.gov/protein/WP_012792334.1																																																	WP_012792334.1	NC_013132.1	https://www.ncbi.nlm.nih.gov/protein/WP_012792334.1	https://www.ncbi.nlm.nih.gov/nucleotide/NC_013132.1																																								
C8VQ92	BN001308	https://www.ebi.ac.uk/ena/browser/view/BN001308																																																									CBF87256.1	https://www.ebi.ac.uk/ena/browser/view/CBF87256.1																																																																																														
C8XPS0																													EF635966	https://www.ebi.ac.uk/ena/browser/view/EF635966																													ABV08817.1	https://www.ebi.ac.uk/ena/browser/view/ABV08817.1																																																																																														
C9E894																													GQ468527	https://www.ebi.ac.uk/ena/browser/view/GQ468527																													ACV88718.1	https://www.ebi.ac.uk/ena/browser/view/ACV88718.1																																																																																														
C9K1X6	AB448947	https://www.ebi.ac.uk/ena/browser/view/AB448947																																																									BAI44339.1	https://www.ebi.ac.uk/ena/browser/view/BAI44339.1																																																																																														
C9K2Q2																													AB465603	https://www.ebi.ac.uk/ena/browser/view/AB465603																													BAI44848.1	https://www.ebi.ac.uk/ena/browser/view/BAI44848.1																																																																																														
D0VMR5																													GU083696	https://www.ebi.ac.uk/ena/browser/view/GU083696																													ACY38194.1	https://www.ebi.ac.uk/ena/browser/view/ACY38194.1																																																																																														
D1MX85																													AB506078	https://www.ebi.ac.uk/ena/browser/view/AB506078																													BAI52800.1	https://www.ebi.ac.uk/ena/browser/view/BAI52800.1																																																																																														
D1MX86																													AB506079	https://www.ebi.ac.uk/ena/browser/view/AB506079																													BAI52801.1	https://www.ebi.ac.uk/ena/browser/view/BAI52801.1																																																																																														
D1MX87																													AB506080	https://www.ebi.ac.uk/ena/browser/view/AB506080																													BAI52802.1	https://www.ebi.ac.uk/ena/browser/view/BAI52802.1																																																																																														
D1MX88																													AB506081	https://www.ebi.ac.uk/ena/browser/view/AB506081																													BAI52803.1	https://www.ebi.ac.uk/ena/browser/view/BAI52803.1																																																																																														
D1MX89																													AB506082	https://www.ebi.ac.uk/ena/browser/view/AB506082																													BAI52804.1	https://www.ebi.ac.uk/ena/browser/view/BAI52804.1																																																																																														
D2B747	CP001814	https://www.ebi.ac.uk/ena/browser/view/CP001814																																																									ACZ89572.1	https://www.ebi.ac.uk/ena/browser/view/ACZ89572.1	WP_012893303.1	https://www.ncbi.nlm.nih.gov/protein/WP_012893303.1																																																	WP_012893303.1	NC_013595.1	https://www.ncbi.nlm.nih.gov/protein/WP_012893303.1	https://www.ncbi.nlm.nih.gov/nucleotide/NC_013595.1																																								
D2K762																													GU183406	https://www.ebi.ac.uk/ena/browser/view/GU183406																													ACZ71037.1	https://www.ebi.ac.uk/ena/browser/view/ACZ71037.1																																																																																														
D2YZP9																													AB511914	https://www.ebi.ac.uk/ena/browser/view/AB511914																													BAI67934.1	https://www.ebi.ac.uk/ena/browser/view/BAI67934.1																																																																																														
D3KYU2	AB547324	https://www.ebi.ac.uk/ena/browser/view/AB547324																																																									BAI77523.1	https://www.ebi.ac.uk/ena/browser/view/BAI77523.1																																																																																														
D3KYU3	AB547324	https://www.ebi.ac.uk/ena/browser/view/AB547324																																																									BAI77524.1	https://www.ebi.ac.uk/ena/browser/view/BAI77524.1	WP_032492608.1	https://www.ncbi.nlm.nih.gov/protein/WP_032492608.1																																																	WP_032492608.1	NZ_SZNQ01000001.1	https://www.ncbi.nlm.nih.gov/protein/WP_032492608.1	https://www.ncbi.nlm.nih.gov/nucleotide/NZ_SZNQ01000001.1																																								
D5SJ87	CM000914	https://www.ebi.ac.uk/ena/browser/view/CM000914																																																									EFG03980.2	https://www.ebi.ac.uk/ena/browser/view/EFG03980.2	WP_003963126.1	https://www.ncbi.nlm.nih.gov/protein/WP_003963126.1																																																	WP_003963126.1	NZ_CM000914.1	https://www.ncbi.nlm.nih.gov/protein/WP_003963126.1	https://www.ncbi.nlm.nih.gov/nucleotide/NZ_CM000914.1																																								
D5SK09	CM000914	https://www.ebi.ac.uk/ena/browser/view/CM000914																																																									EFG04252.2	https://www.ebi.ac.uk/ena/browser/view/EFG04252.2	WP_003963279.1	https://www.ncbi.nlm.nih.gov/protein/WP_003963279.1																																																	WP_003963279.1	NZ_CM000914.1	https://www.ncbi.nlm.nih.gov/protein/WP_003963279.1	https://www.ncbi.nlm.nih.gov/nucleotide/NZ_CM000914.1																																								
D7NJ68	GQ169529	https://www.ebi.ac.uk/ena/browser/view/GQ169529																											GQ169528	https://www.ebi.ac.uk/ena/browser/view/GQ169528																													ADD60469.1	https://www.ebi.ac.uk/ena/browser/view/ADD60469.1	ADD60470.1	https://www.ebi.ac.uk/ena/browser/view/ADD60470.1																																																																																												
D7PHZ0	GU574477	https://www.ebi.ac.uk/ena/browser/view/GU574477																																																									ADI24936.1	https://www.ebi.ac.uk/ena/browser/view/ADI24936.1																																																																																														
D7PHZ1	GU574477	https://www.ebi.ac.uk/ena/browser/view/GU574477																																																									ADI24935.1	https://www.ebi.ac.uk/ena/browser/view/ADI24935.1																																																																																														
D7PHZ3	GU574477	https://www.ebi.ac.uk/ena/browser/view/GU574477																																																									ADI24927.1	https://www.ebi.ac.uk/ena/browser/view/ADI24927.1																																																																																														
D7PHZ4	GU574477	https://www.ebi.ac.uk/ena/browser/view/GU574477																																																									ADI24928.1	https://www.ebi.ac.uk/ena/browser/view/ADI24928.1																																																																																														
D7PHZ7	GU574477	https://www.ebi.ac.uk/ena/browser/view/GU574477																																																									ADI24931.1	https://www.ebi.ac.uk/ena/browser/view/ADI24931.1																																																																																														
D7PHZ8	GU574477	https://www.ebi.ac.uk/ena/browser/view/GU574477																																																									ADI24932.1	https://www.ebi.ac.uk/ena/browser/view/ADI24932.1																																																																																														
D7PHZ9	GU574477	https://www.ebi.ac.uk/ena/browser/view/GU574477																																																									ADI24934.1	https://www.ebi.ac.uk/ena/browser/view/ADI24934.1																																																																																														
D7UTD1																													AB570430	https://www.ebi.ac.uk/ena/browser/view/AB570430																													BAJ10703.1	https://www.ebi.ac.uk/ena/browser/view/BAJ10703.1																																																																																														
D8RLD3	GL377583	https://www.ebi.ac.uk/ena/browser/view/GL377583																											JX413785	https://www.ebi.ac.uk/ena/browser/view/JX413785																													AFR34005.1	https://www.ebi.ac.uk/ena/browser/view/AFR34005.1	EFJ26899.1	https://www.ebi.ac.uk/ena/browser/view/EFJ26899.1																																																																																												
D8RNZ9	GL377585	https://www.ebi.ac.uk/ena/browser/view/GL377585																											JX413786	https://www.ebi.ac.uk/ena/browser/view/JX413786																													AFR34006.1	https://www.ebi.ac.uk/ena/browser/view/AFR34006.1	EFJ26173.1	https://www.ebi.ac.uk/ena/browser/view/EFJ26173.1																																																																																												
D9XD61	GG657757	https://www.ebi.ac.uk/ena/browser/view/GG657757																																																									EFL36708.1	https://www.ebi.ac.uk/ena/browser/view/EFL36708.1	WP_003994861.1	https://www.ncbi.nlm.nih.gov/protein/WP_003994861.1																																																	WP_003994861.1	NZ_GG657757.1	https://www.ncbi.nlm.nih.gov/protein/WP_003994861.1	https://www.ncbi.nlm.nih.gov/nucleotide/NZ_GG657757.1																																								
D9XDR8	GG657757	https://www.ebi.ac.uk/ena/browser/view/GG657757																																																									EFL30447.1	https://www.ebi.ac.uk/ena/browser/view/EFL30447.1																																																																																														
E0D7H5																													AB570249	https://www.ebi.ac.uk/ena/browser/view/AB570249																													BAJ15868.1	https://www.ebi.ac.uk/ena/browser/view/BAJ15868.1																																																																																														
E0D7H6																													AB570428	https://www.ebi.ac.uk/ena/browser/view/AB570428																													BAJ15869.1	https://www.ebi.ac.uk/ena/browser/view/BAJ15869.1																																																																																														
E2E2N8																													GU385976	https://www.ebi.ac.uk/ena/browser/view/GU385976																													ADK73619.1	https://www.ebi.ac.uk/ena/browser/view/ADK73619.1																																																																																														
E2IUA6																													HM623868	https://www.ebi.ac.uk/ena/browser/view/HM623868																													ADK35123.1	https://www.ebi.ac.uk/ena/browser/view/ADK35123.1																																																																																														
E2IUA7																													HM623869	https://www.ebi.ac.uk/ena/browser/view/HM623869																													ADK35124.1	https://www.ebi.ac.uk/ena/browser/view/ADK35124.1																																																																																														
E2IUA8																													HM623870	https://www.ebi.ac.uk/ena/browser/view/HM623870																													ADK35125.1	https://www.ebi.ac.uk/ena/browser/view/ADK35125.1																																																																																														
E2IUA9																													HM623871	https://www.ebi.ac.uk/ena/browser/view/HM623871																													ADK35126.1	https://www.ebi.ac.uk/ena/browser/view/ADK35126.1																																																																																														
E2IUB0																													HM623872	https://www.ebi.ac.uk/ena/browser/view/HM623872																													ADK35127.1	https://www.ebi.ac.uk/ena/browser/view/ADK35127.1																																																																																														
E3UBL5	HM171111	https://www.ebi.ac.uk/ena/browser/view/HM171111																																																									ADO29933.1	https://www.ebi.ac.uk/ena/browser/view/ADO29933.1																																																																																														
E3UBL6	HM171111	https://www.ebi.ac.uk/ena/browser/view/HM171111																																																									ADO29934.1	https://www.ebi.ac.uk/ena/browser/view/ADO29934.1																																																																																														
E3VWJ0	HQ292065	https://www.ebi.ac.uk/ena/browser/view/HQ292065																																																									ADO85578.1	https://www.ebi.ac.uk/ena/browser/view/ADO85578.1																																																																																														
E3W202																													HQ343276	https://www.ebi.ac.uk/ena/browser/view/HQ343276																													ADO87000.1	https://www.ebi.ac.uk/ena/browser/view/ADO87000.1																																																																																														
E3W203																													HQ343277	https://www.ebi.ac.uk/ena/browser/view/HQ343277																													ADO87001.1	https://www.ebi.ac.uk/ena/browser/view/ADO87001.1																																																																																														
E3W204																													HQ343278	https://www.ebi.ac.uk/ena/browser/view/HQ343278																													ADO87002.1	https://www.ebi.ac.uk/ena/browser/view/ADO87002.1																																																																																														
E4N7E5	AP010968	https://www.ebi.ac.uk/ena/browser/view/AP010968																																																									BAJ27126.1	https://www.ebi.ac.uk/ena/browser/view/BAJ27126.1	WP_014134444.1	https://www.ncbi.nlm.nih.gov/protein/WP_014134444.1																																																	WP_014134444.1	NC_016109.1	https://www.ncbi.nlm.nih.gov/protein/WP_014134444.1	https://www.ncbi.nlm.nih.gov/nucleotide/NC_016109.1																																								
E7DN63																													HQ266579	https://www.ebi.ac.uk/ena/browser/view/HQ266579																													ADU52574.1	https://www.ebi.ac.uk/ena/browser/view/ADU52574.1	NP_001234604.1	https://www.ncbi.nlm.nih.gov/protein/NP_001234604.1																																																	NP_001234604.1	NM_001247675.1	https://www.ncbi.nlm.nih.gov/protein/NP_001234604.1	https://www.ncbi.nlm.nih.gov/nucleotide/NM_001247675.1																																								
E8W6C7	CP002475	https://www.ebi.ac.uk/ena/browser/view/CP002475																																																									ADW03055.1	https://www.ebi.ac.uk/ena/browser/view/ADW03055.1																																																																																														
E9E766	GL698514	https://www.ebi.ac.uk/ena/browser/view/GL698514																																																									EFY88241.1	https://www.ebi.ac.uk/ena/browser/view/EFY88241.1																																																																																														
E9F5E7	ADNJ02000014	https://www.ebi.ac.uk/ena/browser/view/ADNJ02000014																																																									EFY96950.1	https://www.ebi.ac.uk/ena/browser/view/EFY96950.1	XP_007823685.1	https://www.ncbi.nlm.nih.gov/protein/XP_007823685.1																																																	XP_007823685.1	XM_007825494.1	https://www.ncbi.nlm.nih.gov/protein/XP_007823685.1	https://www.ncbi.nlm.nih.gov/nucleotide/XM_007825494.1																																								
E9F5E8	ADNJ02000014	https://www.ebi.ac.uk/ena/browser/view/ADNJ02000014																																																									EFY96951.2	https://www.ebi.ac.uk/ena/browser/view/EFY96951.2	XP_007823686.2	https://www.ncbi.nlm.nih.gov/protein/XP_007823686.2																																																	XP_007823686.2	XM_007825495.2	https://www.ncbi.nlm.nih.gov/protein/XP_007823686.2	https://www.ncbi.nlm.nih.gov/nucleotide/XM_007825495.2																																								
E9F5F0	ADNJ02000014	https://www.ebi.ac.uk/ena/browser/view/ADNJ02000014																																																									EFY96953.2	https://www.ebi.ac.uk/ena/browser/view/EFY96953.2	XP_007823688.2	https://www.ncbi.nlm.nih.gov/protein/XP_007823688.2																																																	XP_007823688.2	XM_007825497.2	https://www.ncbi.nlm.nih.gov/protein/XP_007823688.2	https://www.ncbi.nlm.nih.gov/nucleotide/XM_007825497.2																																								
E9F5F1	ADNJ02000014	https://www.ebi.ac.uk/ena/browser/view/ADNJ02000014																																																									EFY96954.1	https://www.ebi.ac.uk/ena/browser/view/EFY96954.1	XP_007823689.1	https://www.ncbi.nlm.nih.gov/protein/XP_007823689.1																																																	XP_007823689.1	XM_007825498.1	https://www.ncbi.nlm.nih.gov/protein/XP_007823689.1	https://www.ncbi.nlm.nih.gov/nucleotide/XM_007825498.1																																								
F0ZDD0	GL870985	https://www.ebi.ac.uk/ena/browser/view/GL870985																											MG262467	https://www.ebi.ac.uk/ena/browser/view/MG262467																													AXN72975.1	https://www.ebi.ac.uk/ena/browser/view/AXN72975.1	EGC38021.1	https://www.ebi.ac.uk/ena/browser/view/EGC38021.1	XP_003285422.1	https://www.ncbi.nlm.nih.gov/protein/XP_003285422.1																																															XP_003285422.1	XM_003285374.1	https://www.ncbi.nlm.nih.gov/protein/XP_003285422.1	https://www.ncbi.nlm.nih.gov/nucleotide/XM_003285374.1																																								
F0ZL92	GL871065	https://www.ebi.ac.uk/ena/browser/view/GL871065																											MG262463	https://www.ebi.ac.uk/ena/browser/view/MG262463																													AXN72971.1	https://www.ebi.ac.uk/ena/browser/view/AXN72971.1	EGC35260.1	https://www.ebi.ac.uk/ena/browser/view/EGC35260.1	XP_003288186.1	https://www.ncbi.nlm.nih.gov/protein/XP_003288186.1																																															XP_003288186.1	XM_003288138.1	https://www.ncbi.nlm.nih.gov/protein/XP_003288186.1	https://www.ncbi.nlm.nih.gov/nucleotide/XM_003288138.1																																								
F0ZLU4	GL871072	https://www.ebi.ac.uk/ena/browser/view/GL871072																											MG262462	https://www.ebi.ac.uk/ena/browser/view/MG262462																													AXN72970.1	https://www.ebi.ac.uk/ena/browser/view/AXN72970.1	EGC35090.1	https://www.ebi.ac.uk/ena/browser/view/EGC35090.1	XP_003288397.1	https://www.ncbi.nlm.nih.gov/protein/XP_003288397.1																																															XP_003288397.1	XM_003288349.1	https://www.ncbi.nlm.nih.gov/protein/XP_003288397.1	https://www.ncbi.nlm.nih.gov/nucleotide/XM_003288349.1																																								
F8JSS1	CP003219	https://www.ebi.ac.uk/ena/browser/view/CP003219																																																									AEW97977.1	https://www.ebi.ac.uk/ena/browser/view/AEW97977.1	WP_014146309.1	https://www.ncbi.nlm.nih.gov/protein/WP_014146309.1																																																	WP_014146309.1	NC_016111.1	https://www.ncbi.nlm.nih.gov/protein/WP_014146309.1	https://www.ncbi.nlm.nih.gov/nucleotide/NC_016111.1																																								
F8UL80																													JF819848	https://www.ebi.ac.uk/ena/browser/view/JF819848																													AEH41844.1	https://www.ebi.ac.uk/ena/browser/view/AEH41844.1																																																																																														
F8UL81																													JF819849	https://www.ebi.ac.uk/ena/browser/view/JF819849																													AEH41845.1	https://www.ebi.ac.uk/ena/browser/view/AEH41845.1																																																																																														
F8WQD0																													AB609123	https://www.ebi.ac.uk/ena/browser/view/AB609123																													BAK52535.1	https://www.ebi.ac.uk/ena/browser/view/BAK52535.1																																																																																														
G1DGI7	GL377628	https://www.ebi.ac.uk/ena/browser/view/GL377628																											JN001323	https://www.ebi.ac.uk/ena/browser/view/JN001323																													AEK75338.1	https://www.ebi.ac.uk/ena/browser/view/AEK75338.1	EFJ14208.1	https://www.ebi.ac.uk/ena/browser/view/EFJ14208.1																																																																																												
G8H5N2																													JN402393	https://www.ebi.ac.uk/ena/browser/view/JN402393																													AEM23830.1	https://www.ebi.ac.uk/ena/browser/view/AEM23830.1																																																																																														
G8H5N3	JN412090	https://www.ebi.ac.uk/ena/browser/view/JN412090																											JN402394	https://www.ebi.ac.uk/ena/browser/view/JN402394																													AEM23831.1	https://www.ebi.ac.uk/ena/browser/view/AEM23831.1	AEP82781.1	https://www.ebi.ac.uk/ena/browser/view/AEP82781.1	NP_001239042.2	https://www.ncbi.nlm.nih.gov/protein/NP_001239042.2																																															NP_001239042.2	NM_001252113.2	https://www.ncbi.nlm.nih.gov/protein/NP_001239042.2	https://www.ncbi.nlm.nih.gov/nucleotide/NM_001252113.2																																								
H1VM35	CM004458	https://www.ebi.ac.uk/ena/browser/view/CM004458	CACQ02004606	https://www.ebi.ac.uk/ena/browser/view/CACQ02004606																																																							OBR09783.1	https://www.ebi.ac.uk/ena/browser/view/OBR09783.1	XP_018158300.1	https://www.ncbi.nlm.nih.gov/protein/XP_018158300.1																																																	XP_018158300.1	XM_018300450.1	https://www.ncbi.nlm.nih.gov/protein/XP_018158300.1	https://www.ncbi.nlm.nih.gov/nucleotide/XM_018300450.1																																								
H1VN83	CM004458	https://www.ebi.ac.uk/ena/browser/view/CM004458	CACQ02004858	https://www.ebi.ac.uk/ena/browser/view/CACQ02004858																																																							OBR09785.1	https://www.ebi.ac.uk/ena/browser/view/OBR09785.1	XP_018158302.1	https://www.ncbi.nlm.nih.gov/protein/XP_018158302.1																																																	XP_018158302.1	XM_018300452.1	https://www.ncbi.nlm.nih.gov/protein/XP_018158302.1	https://www.ncbi.nlm.nih.gov/nucleotide/XM_018300452.1																																								
H1VQW0	LTAN01000004	https://www.ebi.ac.uk/ena/browser/view/LTAN01000004	CACQ02005519	https://www.ebi.ac.uk/ena/browser/view/CACQ02005519																																																							OBR09790.1	https://www.ebi.ac.uk/ena/browser/view/OBR09790.1	XP_018158307.1	https://www.ncbi.nlm.nih.gov/protein/XP_018158307.1																																																	XP_018158307.1	XM_018300457.1	https://www.ncbi.nlm.nih.gov/protein/XP_018158307.1	https://www.ncbi.nlm.nih.gov/nucleotide/XM_018300457.1																																								
H2KWF1	AC134046	https://www.ebi.ac.uk/ena/browser/view/AC134046	DP000010	https://www.ebi.ac.uk/ena/browser/view/DP000010	AP008217	https://www.ebi.ac.uk/ena/browser/view/AP008217	AP014967	https://www.ebi.ac.uk/ena/browser/view/AP014967	CM000148	https://www.ebi.ac.uk/ena/browser/view/CM000148																			AK066327	https://www.ebi.ac.uk/ena/browser/view/AK066327																													AAX95229.1	https://www.ebi.ac.uk/ena/browser/view/AAX95229.1	AAX95231.1	https://www.ebi.ac.uk/ena/browser/view/AAX95231.1	ABG22398.1	https://www.ebi.ac.uk/ena/browser/view/ABG22398.1	ABG22399.1	https://www.ebi.ac.uk/ena/browser/view/ABG22399.1	BAH95124.1	https://www.ebi.ac.uk/ena/browser/view/BAH95124.1	BAT13009.1	https://www.ebi.ac.uk/ena/browser/view/BAT13009.1	EAZ17703.1	https://www.ebi.ac.uk/ena/browser/view/EAZ17703.1	BAG89914.1	https://www.ebi.ac.uk/ena/browser/view/BAG89914.1	XP_015617633.1	https://www.ncbi.nlm.nih.gov/protein/XP_015617633.1																																			XP_015617633.1	XM_015762147.1	https://www.ncbi.nlm.nih.gov/protein/XP_015617633.1	https://www.ncbi.nlm.nih.gov/nucleotide/XM_015762147.1																																								
H6VLG5	JN831119	https://www.ebi.ac.uk/ena/browser/view/JN831119																											KC814643	https://www.ebi.ac.uk/ena/browser/view/KC814643																													AHJ59325.1	https://www.ebi.ac.uk/ena/browser/view/AHJ59325.1	AEZ55689.1	https://www.ebi.ac.uk/ena/browser/view/AEZ55689.1																																																																																												
H7CE84																													AB669436	https://www.ebi.ac.uk/ena/browser/view/AB669436																													BAL68129.1	https://www.ebi.ac.uk/ena/browser/view/BAL68129.1																																																																																														
H8ZM71																													JN254806	https://www.ebi.ac.uk/ena/browser/view/JN254806																													AEL99951.1	https://www.ebi.ac.uk/ena/browser/view/AEL99951.1																																																																																														
I1RL13	HG970333	https://www.ebi.ac.uk/ena/browser/view/HG970333																																																									CEF79625.1	https://www.ebi.ac.uk/ena/browser/view/CEF79625.1	XP_011320991.1	https://www.ncbi.nlm.nih.gov/protein/XP_011320991.1																																																	XP_011320991.1	XM_011322689.1	https://www.ncbi.nlm.nih.gov/protein/XP_011320991.1	https://www.ncbi.nlm.nih.gov/nucleotide/XM_011322689.1																																								
I1RL15	HG970333	https://www.ebi.ac.uk/ena/browser/view/HG970333																																																									CEF79627.1	https://www.ebi.ac.uk/ena/browser/view/CEF79627.1	XP_011320989.1	https://www.ncbi.nlm.nih.gov/protein/XP_011320989.1																																																	XP_011320989.1	XM_011322687.1	https://www.ncbi.nlm.nih.gov/protein/XP_011320989.1	https://www.ncbi.nlm.nih.gov/nucleotide/XM_011322687.1																																								
I1RL16	HG970333	https://www.ebi.ac.uk/ena/browser/view/HG970333																																																									CEF79628.1	https://www.ebi.ac.uk/ena/browser/view/CEF79628.1	XP_011320988.1	https://www.ncbi.nlm.nih.gov/protein/XP_011320988.1																																																	XP_011320988.1	XM_011322686.1	https://www.ncbi.nlm.nih.gov/protein/XP_011320988.1	https://www.ncbi.nlm.nih.gov/nucleotide/XM_011322686.1																																								
I1RL18	HG970333	https://www.ebi.ac.uk/ena/browser/view/HG970333																																																									CEF79631.1	https://www.ebi.ac.uk/ena/browser/view/CEF79631.1	XP_011320984.1	https://www.ncbi.nlm.nih.gov/protein/XP_011320984.1																																																	XP_011320984.1	XM_011322682.1	https://www.ncbi.nlm.nih.gov/protein/XP_011320984.1	https://www.ncbi.nlm.nih.gov/nucleotide/XM_011322682.1																																								
I6QPS5																													JQ837261	https://www.ebi.ac.uk/ena/browser/view/JQ837261																													AFM43738.1	https://www.ebi.ac.uk/ena/browser/view/AFM43738.1																																																																																														
I6QSN0																													JQ255377	https://www.ebi.ac.uk/ena/browser/view/JQ255377																													AFM43736.1	https://www.ebi.ac.uk/ena/browser/view/AFM43736.1																																																																																														
I6R4V5																													JQ255376	https://www.ebi.ac.uk/ena/browser/view/JQ255376																													AFM43735.1	https://www.ebi.ac.uk/ena/browser/view/AFM43735.1																																																																																														
I6RAQ6																													JQ255375	https://www.ebi.ac.uk/ena/browser/view/JQ255375																													AFM43734.1	https://www.ebi.ac.uk/ena/browser/view/AFM43734.1																																																																																														
I6RE61																													JQ255378	https://www.ebi.ac.uk/ena/browser/view/JQ255378																													AFM43737.1	https://www.ebi.ac.uk/ena/browser/view/AFM43737.1																																																																																														
J7FIJ6	JN613321	https://www.ebi.ac.uk/ena/browser/view/JN613321																																																									AFO85421.1	https://www.ebi.ac.uk/ena/browser/view/AFO85421.1																																																																																														
J7FIP8	JN613321	https://www.ebi.ac.uk/ena/browser/view/JN613321																																																									AFO85418.1	https://www.ebi.ac.uk/ena/browser/view/AFO85418.1																																																																																														
J7FJH0	JN613320	https://www.ebi.ac.uk/ena/browser/view/JN613320																																																									AFO85412.1	https://www.ebi.ac.uk/ena/browser/view/AFO85412.1																																																																																														
J7FJH1	JN613321	https://www.ebi.ac.uk/ena/browser/view/JN613321																																																									AFO85417.1	https://www.ebi.ac.uk/ena/browser/view/AFO85417.1																																																																																														
J7FK08	JN613321	https://www.ebi.ac.uk/ena/browser/view/JN613321																																																									AFO85419.1	https://www.ebi.ac.uk/ena/browser/view/AFO85419.1																																																																																														
J7FK10	JN613322	https://www.ebi.ac.uk/ena/browser/view/JN613322																																																									AFO85424.1	https://www.ebi.ac.uk/ena/browser/view/AFO85424.1																																																																																														
J7LH11																													JQ731636	https://www.ebi.ac.uk/ena/browser/view/JQ731636																													AFR23372.1	https://www.ebi.ac.uk/ena/browser/view/AFR23372.1																																																																																														
J7LJN5																													JQ731634	https://www.ebi.ac.uk/ena/browser/view/JQ731634																													AFR23370.1	https://www.ebi.ac.uk/ena/browser/view/AFR23370.1																																																																																														
J7LMP2																													JQ731633	https://www.ebi.ac.uk/ena/browser/view/JQ731633																													AFR23369.1	https://www.ebi.ac.uk/ena/browser/view/AFR23369.1																																																																																														
J7LQ09																													JQ731635	https://www.ebi.ac.uk/ena/browser/view/JQ731635																													AFR23371.1	https://www.ebi.ac.uk/ena/browser/view/AFR23371.1																																																																																														
J9QS23	GL377565	https://www.ebi.ac.uk/ena/browser/view/GL377565																											JX413782	https://www.ebi.ac.uk/ena/browser/view/JX413782																													AFR34002.1	https://www.ebi.ac.uk/ena/browser/view/AFR34002.1	EFJ37889.1	https://www.ebi.ac.uk/ena/browser/view/EFJ37889.1																																																																																												
J9QS25	GL377589	https://www.ebi.ac.uk/ena/browser/view/GL377589																											JX413787	https://www.ebi.ac.uk/ena/browser/view/JX413787																													AFR34007.1	https://www.ebi.ac.uk/ena/browser/view/AFR34007.1	EFJ24463.1	https://www.ebi.ac.uk/ena/browser/view/EFJ24463.1																																																																																												
J9R1J8	GL377565	https://www.ebi.ac.uk/ena/browser/view/GL377565																											JX413784	https://www.ebi.ac.uk/ena/browser/view/JX413784																													AFR34004.1	https://www.ebi.ac.uk/ena/browser/view/AFR34004.1	EFJ38437.1	https://www.ebi.ac.uk/ena/browser/view/EFJ38437.1																																																																																												
J9R388	GL377573	https://www.ebi.ac.uk/ena/browser/view/GL377573																											JX413783	https://www.ebi.ac.uk/ena/browser/view/JX413783																													AFR34003.1	https://www.ebi.ac.uk/ena/browser/view/AFR34003.1	EFJ31965.1	https://www.ebi.ac.uk/ena/browser/view/EFJ31965.1																																																																																												
J9R5V4																													JQ437840	https://www.ebi.ac.uk/ena/browser/view/JQ437840																													AFR42418.1	https://www.ebi.ac.uk/ena/browser/view/AFR42418.1																																																																																														
J9RLZ7																													JQ437839	https://www.ebi.ac.uk/ena/browser/view/JQ437839																													AFR42417.1	https://www.ebi.ac.uk/ena/browser/view/AFR42417.1																																																																																														
K0K750	HE804045	https://www.ebi.ac.uk/ena/browser/view/HE804045																																																									CCH32724.1	https://www.ebi.ac.uk/ena/browser/view/CCH32724.1	WP_015102836.1	https://www.ncbi.nlm.nih.gov/protein/WP_015102836.1																																																	WP_015102836.1	NC_019673.1	https://www.ncbi.nlm.nih.gov/protein/WP_015102836.1	https://www.ncbi.nlm.nih.gov/nucleotide/NC_019673.1																																								
K2QVI4	AHHD01000387	https://www.ebi.ac.uk/ena/browser/view/AHHD01000387																																																									EKG13731.1	https://www.ebi.ac.uk/ena/browser/view/EKG13731.1																																																																																														
K2QVI8	AHHD01000387	https://www.ebi.ac.uk/ena/browser/view/AHHD01000387																																																									EKG13736.1	https://www.ebi.ac.uk/ena/browser/view/EKG13736.1																																																																																														
K2RGJ8	AHHD01000387	https://www.ebi.ac.uk/ena/browser/view/AHHD01000387																																																									EKG13728.1	https://www.ebi.ac.uk/ena/browser/view/EKG13728.1																																																																																														
K2RLM2	AHHD01000387	https://www.ebi.ac.uk/ena/browser/view/AHHD01000387																																																									EKG13727.1	https://www.ebi.ac.uk/ena/browser/view/EKG13727.1																																																																																														
K2RLM6	AHHD01000387	https://www.ebi.ac.uk/ena/browser/view/AHHD01000387																																																									EKG13732.1	https://www.ebi.ac.uk/ena/browser/view/EKG13732.1																																																																																														
K2RU64	AHHD01000387	https://www.ebi.ac.uk/ena/browser/view/AHHD01000387																																																									EKG13729.1	https://www.ebi.ac.uk/ena/browser/view/EKG13729.1																																																																																														
K2RU68	AHHD01000387	https://www.ebi.ac.uk/ena/browser/view/AHHD01000387																																																									EKG13734.1	https://www.ebi.ac.uk/ena/browser/view/EKG13734.1																																																																																														
K4B6C9	CM001065	https://www.ebi.ac.uk/ena/browser/view/CM001065																											KC331910	https://www.ebi.ac.uk/ena/browser/view/KC331910																													AGW27396.1	https://www.ebi.ac.uk/ena/browser/view/AGW27396.1	NP_001274697.1	https://www.ncbi.nlm.nih.gov/protein/NP_001274697.1																																																	NP_001274697.1	NM_001287768.1	https://www.ncbi.nlm.nih.gov/protein/NP_001274697.1	https://www.ncbi.nlm.nih.gov/nucleotide/NM_001287768.1																																								
K4IAL8																													JQ478436	https://www.ebi.ac.uk/ena/browser/view/JQ478436																													AFU61899.1	https://www.ebi.ac.uk/ena/browser/view/AFU61899.1																																																																																														
K4L9M2																													JQ290344	https://www.ebi.ac.uk/ena/browser/view/JQ290344																													AFV09098.1	https://www.ebi.ac.uk/ena/browser/view/AFV09098.1																																																																																														
K4LMW2																													JQ290345	https://www.ebi.ac.uk/ena/browser/view/JQ290345																													AFV09099.1	https://www.ebi.ac.uk/ena/browser/view/AFV09099.1																																																																																														
K7NBZ9																													HQ128567	https://www.ebi.ac.uk/ena/browser/view/HQ128567	MF596154	https://www.ebi.ac.uk/ena/browser/view/MF596154																											AEM42982.1	https://www.ebi.ac.uk/ena/browser/view/AEM42982.1	AUC64917.1	https://www.ebi.ac.uk/ena/browser/view/AUC64917.1																																																																																												
K9Y645																													JQ957866	https://www.ebi.ac.uk/ena/browser/view/JQ957866																													AFZ41788.1	https://www.ebi.ac.uk/ena/browser/view/AFZ41788.1																																																																																														
K9Y6Y9																													JQ957865	https://www.ebi.ac.uk/ena/browser/view/JQ957865	JX997981	https://www.ebi.ac.uk/ena/browser/view/JX997981	JQ957864	https://www.ebi.ac.uk/ena/browser/view/JQ957864	MH686200	https://www.ebi.ac.uk/ena/browser/view/MH686200																							AFZ41787.1	https://www.ebi.ac.uk/ena/browser/view/AFZ41787.1	AGS42395.1	https://www.ebi.ac.uk/ena/browser/view/AGS42395.1	AFZ41786.1	https://www.ebi.ac.uk/ena/browser/view/AFZ41786.1	QFS22625.1	https://www.ebi.ac.uk/ena/browser/view/QFS22625.1																																																																																								
L0MXJ1																													AB686270	https://www.ebi.ac.uk/ena/browser/view/AB686270																													BAM71029.1	https://www.ebi.ac.uk/ena/browser/view/BAM71029.1																																																																																														
L0MXJ3																													AB686275	https://www.ebi.ac.uk/ena/browser/view/AB686275																													BAM71034.1	https://www.ebi.ac.uk/ena/browser/view/BAM71034.1																																																																																														
L0MXX3																													AB686274	https://www.ebi.ac.uk/ena/browser/view/AB686274																													BAM71033.1	https://www.ebi.ac.uk/ena/browser/view/BAM71033.1																																																																																														
L0MYS5																													AB686273	https://www.ebi.ac.uk/ena/browser/view/AB686273																													BAM71032.1	https://www.ebi.ac.uk/ena/browser/view/BAM71032.1																																																																																														
L0MYS8																													AB686278	https://www.ebi.ac.uk/ena/browser/view/AB686278																													BAM71037.1	https://www.ebi.ac.uk/ena/browser/view/BAM71037.1																																																																																														
L0MZK0																													AB686272	https://www.ebi.ac.uk/ena/browser/view/AB686272																													BAM71031.1	https://www.ebi.ac.uk/ena/browser/view/BAM71031.1																																																																																														
L0MZK4																													AB686277	https://www.ebi.ac.uk/ena/browser/view/AB686277																													BAM71036.1	https://www.ebi.ac.uk/ena/browser/view/BAM71036.1																																																																																														
L0N063																													AB686271	https://www.ebi.ac.uk/ena/browser/view/AB686271																													BAM71030.1	https://www.ebi.ac.uk/ena/browser/view/BAM71030.1																																																																																														
M1UZ07	AB725916	https://www.ebi.ac.uk/ena/browser/view/AB725916																																																									BAM84046.1	https://www.ebi.ac.uk/ena/browser/view/BAM84046.1																																																																																														
M1UZ09	AB725916	https://www.ebi.ac.uk/ena/browser/view/AB725916																																																									BAM84051.1	https://www.ebi.ac.uk/ena/browser/view/BAM84051.1																																																																																														
M1V8J8	AB725916	https://www.ebi.ac.uk/ena/browser/view/AB725916																																																									BAM84045.1	https://www.ebi.ac.uk/ena/browser/view/BAM84045.1																																																																																														
M1V8K0	AB725916	https://www.ebi.ac.uk/ena/browser/view/AB725916																																																									BAM84050.1	https://www.ebi.ac.uk/ena/browser/view/BAM84050.1																																																																																														
M1VE36	AB725916	https://www.ebi.ac.uk/ena/browser/view/AB725916																																																									BAM84049.1	https://www.ebi.ac.uk/ena/browser/view/BAM84049.1																																																																																														
M1VJS5	AB725916	https://www.ebi.ac.uk/ena/browser/view/AB725916																																																									BAM84047.1	https://www.ebi.ac.uk/ena/browser/view/BAM84047.1																																																																																														
M1VNH2	AB725916	https://www.ebi.ac.uk/ena/browser/view/AB725916																																																									BAM84048.1	https://www.ebi.ac.uk/ena/browser/view/BAM84048.1																																																																																														
M2SPA3	KB445637	https://www.ebi.ac.uk/ena/browser/view/KB445637																																																									EMD69038.1	https://www.ebi.ac.uk/ena/browser/view/EMD69038.1	XP_007694115.1	https://www.ncbi.nlm.nih.gov/protein/XP_007694115.1																																																	XP_007694115.1	XM_007695925.1	https://www.ncbi.nlm.nih.gov/protein/XP_007694115.1	https://www.ncbi.nlm.nih.gov/nucleotide/XM_007695925.1																																								
M2T7Z1	KB445573	https://www.ebi.ac.uk/ena/browser/view/KB445573																																																									EMD93705.1	https://www.ebi.ac.uk/ena/browser/view/EMD93705.1																																																																																														
M2UJ60	KB445573	https://www.ebi.ac.uk/ena/browser/view/KB445573																																																									EMD93706.1	https://www.ebi.ac.uk/ena/browser/view/EMD93706.1																																																																																														
M2URK9	KB445570	https://www.ebi.ac.uk/ena/browser/view/KB445570																																																									EMD96236.1	https://www.ebi.ac.uk/ena/browser/view/EMD96236.1																																																																																														
M2V0Z8	KB445573	https://www.ebi.ac.uk/ena/browser/view/KB445573																																																									EMD93703.1	https://www.ebi.ac.uk/ena/browser/view/EMD93703.1																																																																																														
M2V933	KB445570	https://www.ebi.ac.uk/ena/browser/view/KB445570																																																									EMD96233.1	https://www.ebi.ac.uk/ena/browser/view/EMD96233.1																																																																																														
M4HXW5																													JQ240313	https://www.ebi.ac.uk/ena/browser/view/JQ240313																													AFU73865.1	https://www.ebi.ac.uk/ena/browser/view/AFU73865.1																																																																																														
M4HY08																													JQ240315	https://www.ebi.ac.uk/ena/browser/view/JQ240315																													AFU73867.1	https://www.ebi.ac.uk/ena/browser/view/AFU73867.1																																																																																														
M4HYC8																													JQ240316	https://www.ebi.ac.uk/ena/browser/view/JQ240316																													AFU73868.1	https://www.ebi.ac.uk/ena/browser/view/AFU73868.1																																																																																														
M4HYP3																													JQ240314	https://www.ebi.ac.uk/ena/browser/view/JQ240314																													AFU73866.1	https://www.ebi.ac.uk/ena/browser/view/AFU73866.1																																																																																														
M5AWY0	AB771747	https://www.ebi.ac.uk/ena/browser/view/AB771747																																																									BAN13304.1	https://www.ebi.ac.uk/ena/browser/view/BAN13304.1																																																																																														
N6Z5E2	AMXE01000039	https://www.ebi.ac.uk/ena/browser/view/AMXE01000039																																																									ENO87364.1	https://www.ebi.ac.uk/ena/browser/view/ENO87364.1	WP_004338616.1	https://www.ncbi.nlm.nih.gov/protein/WP_004338616.1																																																	WP_004338616.1	NZ_AMXE01000039.1	https://www.ncbi.nlm.nih.gov/protein/WP_004338616.1	https://www.ncbi.nlm.nih.gov/nucleotide/NZ_AMXE01000039.1																																								
O04408																													U63652	https://www.ebi.ac.uk/ena/browser/view/U63652																													AAB58822.1	https://www.ebi.ac.uk/ena/browser/view/AAB58822.1																																																																																														
O13284																													AB003395	https://www.ebi.ac.uk/ena/browser/view/AB003395																													BAA22426.1	https://www.ebi.ac.uk/ena/browser/view/BAA22426.1																																																																																														
O13306	CR380950	https://www.ebi.ac.uk/ena/browser/view/CR380950	AF006033	https://www.ebi.ac.uk/ena/browser/view/AF006033																																																							CAG58578.1	https://www.ebi.ac.uk/ena/browser/view/CAG58578.1	AAB69189.1	https://www.ebi.ac.uk/ena/browser/view/AAB69189.1	XP_445667.1	https://www.ncbi.nlm.nih.gov/protein/XP_445667.1																																															XP_445667.1	XM_445667.1	https://www.ncbi.nlm.nih.gov/protein/XP_445667.1	https://www.ncbi.nlm.nih.gov/nucleotide/XM_445667.1																																								
O22184	AC002391	https://www.ebi.ac.uk/ena/browser/view/AC002391	CP002685	https://www.ebi.ac.uk/ena/browser/view/CP002685																																																							AAB87108.1	https://www.ebi.ac.uk/ena/browser/view/AAB87108.1	AEC07431.1	https://www.ebi.ac.uk/ena/browser/view/AEC07431.1	NP_179904.3	https://www.ncbi.nlm.nih.gov/protein/NP_179904.3																																															NP_179904.3	NM_127887.4	https://www.ncbi.nlm.nih.gov/protein/NP_179904.3	https://www.ncbi.nlm.nih.gov/nucleotide/NM_127887.4																																								
O23651	Y11187	https://www.ebi.ac.uk/ena/browser/view/Y11187	Z97339	https://www.ebi.ac.uk/ena/browser/view/Z97339	AL161542	https://www.ebi.ac.uk/ena/browser/view/AL161542	CP002687	https://www.ebi.ac.uk/ena/browser/view/CP002687																					Y11188	https://www.ebi.ac.uk/ena/browser/view/Y11188																													CAA72070.1	https://www.ebi.ac.uk/ena/browser/view/CAA72070.1	CAA72074.1	https://www.ebi.ac.uk/ena/browser/view/CAA72074.1	CAB10366.1	https://www.ebi.ac.uk/ena/browser/view/CAB10366.1	CAB78629.1	https://www.ebi.ac.uk/ena/browser/view/CAB78629.1	AEE83660.1	https://www.ebi.ac.uk/ena/browser/view/AEE83660.1	NP_193322.2	https://www.ncbi.nlm.nih.gov/protein/NP_193322.2																																									NP_193322.2	NM_117679.2	https://www.ncbi.nlm.nih.gov/protein/NP_193322.2	https://www.ncbi.nlm.nih.gov/nucleotide/NM_117679.2																																								
O23945																													AJ001452	https://www.ebi.ac.uk/ena/browser/view/AJ001452																													CAD57092.1	https://www.ebi.ac.uk/ena/browser/view/CAD57092.1	CAA04773.1	https://www.ebi.ac.uk/ena/browser/view/CAA04773.1																																																																																												
O49853																													Y16432	https://www.ebi.ac.uk/ena/browser/view/Y16432																													CAA76223.1	https://www.ebi.ac.uk/ena/browser/view/CAA76223.1	NP_001316934.1	https://www.ncbi.nlm.nih.gov/protein/NP_001316934.1																																																	NP_001316934.1	NM_001330005.1	https://www.ncbi.nlm.nih.gov/protein/NP_001316934.1	https://www.ncbi.nlm.nih.gov/nucleotide/NM_001330005.1																																								
O65402	AB016883	https://www.ebi.ac.uk/ena/browser/view/AB016883	CP002688	https://www.ebi.ac.uk/ena/browser/view/CP002688																									AJ005927	https://www.ebi.ac.uk/ena/browser/view/AJ005927																													CAA06769.1	https://www.ebi.ac.uk/ena/browser/view/CAA06769.1	BAB08407.1	https://www.ebi.ac.uk/ena/browser/view/BAB08407.1	AED93265.1	https://www.ebi.ac.uk/ena/browser/view/AED93265.1	NP_197804.1	https://www.ncbi.nlm.nih.gov/protein/NP_197804.1																																													NP_197804.1	NM_122321.5	https://www.ncbi.nlm.nih.gov/protein/NP_197804.1	https://www.ncbi.nlm.nih.gov/nucleotide/NM_122321.5																																								
O65403	AB010696	https://www.ebi.ac.uk/ena/browser/view/AB010696	AB016883	https://www.ebi.ac.uk/ena/browser/view/AB016883	CP002688	https://www.ebi.ac.uk/ena/browser/view/CP002688																							AJ005929	https://www.ebi.ac.uk/ena/browser/view/AJ005929																													CAA06771.1	https://www.ebi.ac.uk/ena/browser/view/CAA06771.1	BAB11574.1	https://www.ebi.ac.uk/ena/browser/view/BAB11574.1																																																																																												
O65404	AB016883	https://www.ebi.ac.uk/ena/browser/view/AB016883	CP002688	https://www.ebi.ac.uk/ena/browser/view/CP002688																									AJ005930	https://www.ebi.ac.uk/ena/browser/view/AJ005930																													BAB08406.1	https://www.ebi.ac.uk/ena/browser/view/BAB08406.1	AED93262.1	https://www.ebi.ac.uk/ena/browser/view/AED93262.1	CAA06772.1	https://www.ebi.ac.uk/ena/browser/view/CAA06772.1	NP_197803.1	https://www.ncbi.nlm.nih.gov/protein/NP_197803.1																																													NP_197803.1	NM_122320.4	https://www.ncbi.nlm.nih.gov/protein/NP_197803.1	https://www.ncbi.nlm.nih.gov/nucleotide/NM_122320.4																																								
O65434	AL022224	https://www.ebi.ac.uk/ena/browser/view/AL022224	AL161552	https://www.ebi.ac.uk/ena/browser/view/AL161552	CP002687	https://www.ebi.ac.uk/ena/browser/view/CP002687																																																					CAA18245.1	https://www.ebi.ac.uk/ena/browser/view/CAA18245.1	CAB79020.1	https://www.ebi.ac.uk/ena/browser/view/CAB79020.1	AEE84284.1	https://www.ebi.ac.uk/ena/browser/view/AEE84284.1	NP_193753.1	https://www.ncbi.nlm.nih.gov/protein/NP_193753.1																																													NP_193753.1	NM_118139.1	https://www.ncbi.nlm.nih.gov/protein/NP_193753.1	https://www.ncbi.nlm.nih.gov/nucleotide/NM_118139.1																																								
O65726																													AJ005928	https://www.ebi.ac.uk/ena/browser/view/AJ005928																													CAA06770.1	https://www.ebi.ac.uk/ena/browser/view/CAA06770.1																																																																																														
O65727																													AJ005931	https://www.ebi.ac.uk/ena/browser/view/AJ005931																													CAA06773.1	https://www.ebi.ac.uk/ena/browser/view/CAA06773.1																																																																																														
O74165	AB012604	https://www.ebi.ac.uk/ena/browser/view/AB012604																																																									BAA31938.1	https://www.ebi.ac.uk/ena/browser/view/BAA31938.1																																																																																														
O81191																													AF051899	https://www.ebi.ac.uk/ena/browser/view/AF051899																													AAC26016.1	https://www.ebi.ac.uk/ena/browser/view/AAC26016.1																																																																																														
O81193																													AF051901	https://www.ebi.ac.uk/ena/browser/view/AF051901																													AAC26018.1	https://www.ebi.ac.uk/ena/browser/view/AAC26018.1																																																																																														
O82146																													AB014057	https://www.ebi.ac.uk/ena/browser/view/AB014057																													BAA33722.1	https://www.ebi.ac.uk/ena/browser/view/BAA33722.1																																																																																														
P0C8Y0	AC002986	https://www.ebi.ac.uk/ena/browser/view/AC002986	CP002684	https://www.ebi.ac.uk/ena/browser/view/CP002684																																																							AAC17080.1	https://www.ebi.ac.uk/ena/browser/view/AAC17080.1	AEE36184.1	https://www.ebi.ac.uk/ena/browser/view/AEE36184.1	NP_683508.1	https://www.ncbi.nlm.nih.gov/protein/NP_683508.1																																															NP_683508.1	NM_148667.2	https://www.ncbi.nlm.nih.gov/protein/NP_683508.1	https://www.ncbi.nlm.nih.gov/nucleotide/NM_148667.2																																								
P0CU77	AACD01000170	https://www.ebi.ac.uk/ena/browser/view/AACD01000170	BN001306	https://www.ebi.ac.uk/ena/browser/view/BN001306																																																							EAA61512.1	https://www.ebi.ac.uk/ena/browser/view/EAA61512.1	CBF82293.1	https://www.ebi.ac.uk/ena/browser/view/CBF82293.1																																																																																												
P0CV96																																																											CAD57084.1	https://www.ebi.ac.uk/ena/browser/view/CAD57084.1																																																																																														
P0DO36																																																																																																																																																										
P0DO46																													JN402399	https://www.ebi.ac.uk/ena/browser/view/JN402399																																																																																																																												
P0DXI1																													ON595697	https://www.ebi.ac.uk/ena/browser/view/ON595697																													UTU07507.1	https://www.ebi.ac.uk/ena/browser/view/UTU07507.1																																																																																														
P0DXI2																													ON595696	https://www.ebi.ac.uk/ena/browser/view/ON595696																													UTU07506.1	https://www.ebi.ac.uk/ena/browser/view/UTU07506.1																																																																																														
P0DY22	MU403194	https://www.ebi.ac.uk/ena/browser/view/MU403194																																																									KAI1452418.1	https://www.ebi.ac.uk/ena/browser/view/KAI1452418.1																																																																																														
P33990	X80766	https://www.ebi.ac.uk/ena/browser/view/X80766	X73561	https://www.ebi.ac.uk/ena/browser/view/X73561	AJ001401	https://www.ebi.ac.uk/ena/browser/view/AJ001401	AF203881	https://www.ebi.ac.uk/ena/browser/view/AF203881	AE008692	https://www.ebi.ac.uk/ena/browser/view/AE008692																																																	CAA56749.1	https://www.ebi.ac.uk/ena/browser/view/CAA56749.1	CAA51958.1	https://www.ebi.ac.uk/ena/browser/view/CAA51958.1	CAA04735.1	https://www.ebi.ac.uk/ena/browser/view/CAA04735.1	AAF12829.1	https://www.ebi.ac.uk/ena/browser/view/AAF12829.1	AAV89496.1	https://www.ebi.ac.uk/ena/browser/view/AAV89496.1	WP_011240738.1	https://www.ncbi.nlm.nih.gov/protein/WP_011240738.1																																									WP_011240738.1	NC_006526.2	https://www.ncbi.nlm.nih.gov/protein/WP_011240738.1	https://www.ncbi.nlm.nih.gov/nucleotide/NC_006526.2																																								
P40805	U11039	https://www.ebi.ac.uk/ena/browser/view/U11039	AL009126	https://www.ebi.ac.uk/ena/browser/view/AL009126																																																							AAA85141.1	https://www.ebi.ac.uk/ena/browser/view/AAA85141.1	CAB13587.1	https://www.ebi.ac.uk/ena/browser/view/CAB13587.1	NP_389596.1	https://www.ncbi.nlm.nih.gov/protein/NP_389596.1	WP_010886512.1	https://www.ncbi.nlm.nih.gov/protein/WP_010886512.1																																													NP_389596.1	NC_000964.3	https://www.ncbi.nlm.nih.gov/protein/NP_389596.1	https://www.ncbi.nlm.nih.gov/nucleotide/NC_000964.3	WP_010886512.1	NC_000964.3	https://www.ncbi.nlm.nih.gov/protein/WP_010886512.1	https://www.ncbi.nlm.nih.gov/nucleotide/NC_000964.3																																				
P54924	X86552	https://www.ebi.ac.uk/ena/browser/view/X86552	BA000040	https://www.ebi.ac.uk/ena/browser/view/BA000040																																																							CAA60250.1	https://www.ebi.ac.uk/ena/browser/view/CAA60250.1	BAC48269.1	https://www.ebi.ac.uk/ena/browser/view/BAC48269.1	WP_011085788.1	https://www.ncbi.nlm.nih.gov/protein/WP_011085788.1																																															WP_011085788.1	NC_004463.1	https://www.ncbi.nlm.nih.gov/protein/WP_011085788.1	https://www.ncbi.nlm.nih.gov/nucleotide/NC_004463.1																																								
P55348	U00090	https://www.ebi.ac.uk/ena/browser/view/U00090																																																									AAB91964.1	https://www.ebi.ac.uk/ena/browser/view/AAB91964.1																																																																																														
P78589	D89610	https://www.ebi.ac.uk/ena/browser/view/D89610																																																									BAA13995.1	https://www.ebi.ac.uk/ena/browser/view/BAA13995.1																																																																																														
P9WEE6	AB725916	https://www.ebi.ac.uk/ena/browser/view/AB725916																																																																																																																																																								
P9WEE7	PQ932597	https://www.ebi.ac.uk/ena/browser/view/PQ932597																																																									XOT63437.1	https://www.ebi.ac.uk/ena/browser/view/XOT63437.1																																																																																														
P9WEE8	PQ932597	https://www.ebi.ac.uk/ena/browser/view/PQ932597																																																									XOT63436.1	https://www.ebi.ac.uk/ena/browser/view/XOT63436.1																																																																																														
P9WEE9	PQ932597	https://www.ebi.ac.uk/ena/browser/view/PQ932597																																																									XOT63435.1	https://www.ebi.ac.uk/ena/browser/view/XOT63435.1																																																																																														
P9WEF0	PQ449049	https://www.ebi.ac.uk/ena/browser/view/PQ449049																																																									XRH77130.1	https://www.ebi.ac.uk/ena/browser/view/XRH77130.1																																																																																														
P9WEG0	MU403194	https://www.ebi.ac.uk/ena/browser/view/MU403194																																																									KAI1452412.1	https://www.ebi.ac.uk/ena/browser/view/KAI1452412.1																																																																																														
P9WEG1	MU403194	https://www.ebi.ac.uk/ena/browser/view/MU403194																																																									KAI1452413.1	https://www.ebi.ac.uk/ena/browser/view/KAI1452413.1																																																																																														
P9WEG4	MU403194	https://www.ebi.ac.uk/ena/browser/view/MU403194																																																									KAI1452416.1	https://www.ebi.ac.uk/ena/browser/view/KAI1452416.1																																																																																														
P9WEG5	MU403194	https://www.ebi.ac.uk/ena/browser/view/MU403194																																																									KAI1452417.1	https://www.ebi.ac.uk/ena/browser/view/KAI1452417.1																																																																																														
P9WEG7	JNOM01000015	https://www.ebi.ac.uk/ena/browser/view/JNOM01000015																																																																																																																																																								
P9WEG8	OR962264	https://www.ebi.ac.uk/ena/browser/view/OR962264																																																									XAF84281.1	https://www.ebi.ac.uk/ena/browser/view/XAF84281.1																																																																																														
P9WEH0	OR962264	https://www.ebi.ac.uk/ena/browser/view/OR962264																																																									XAF84279.1	https://www.ebi.ac.uk/ena/browser/view/XAF84279.1																																																																																														
P9WEH2	OR962264	https://www.ebi.ac.uk/ena/browser/view/OR962264																																																									XAF84277.1	https://www.ebi.ac.uk/ena/browser/view/XAF84277.1																																																																																														
P9WEH3	OR962264	https://www.ebi.ac.uk/ena/browser/view/OR962264																																																									XAF84282.1	https://www.ebi.ac.uk/ena/browser/view/XAF84282.1																																																																																														
P9WEP1																													MW387951	https://www.ebi.ac.uk/ena/browser/view/MW387951																													QRF92543.1	https://www.ebi.ac.uk/ena/browser/view/QRF92543.1																																																																																														
P9WEP2	BN001305	https://www.ebi.ac.uk/ena/browser/view/BN001305	AACD01000152	https://www.ebi.ac.uk/ena/browser/view/AACD01000152																																																																																																																																																						
P9WEP3																																																																																																																																																										
P9WEP4																																																																																																																																																										
P9WEQ3																																																																																																																																																										
P9WEQ4																																																																																																																																																										
P9WEQ5																																																																																																																																																										
P9WEQ7																																																																																																																																																										
P9WEQ8																																																																																																																																																										
P9WER0	MT383109	https://www.ebi.ac.uk/ena/browser/view/MT383109																																																									QOE88883.1	https://www.ebi.ac.uk/ena/browser/view/QOE88883.1																																																																																														
P9WER2	MT383109	https://www.ebi.ac.uk/ena/browser/view/MT383109																																																									QOE88885.1	https://www.ebi.ac.uk/ena/browser/view/QOE88885.1																																																																																														
P9WER4	MT383109	https://www.ebi.ac.uk/ena/browser/view/MT383109																																																									QOE88887.1	https://www.ebi.ac.uk/ena/browser/view/QOE88887.1																																																																																														
P9WER5	LHCL01000043	https://www.ebi.ac.uk/ena/browser/view/LHCL01000043																																																									KUL85185.1	https://www.ebi.ac.uk/ena/browser/view/KUL85185.1																																																																																														
P9WEW7	AHHD01000387	https://www.ebi.ac.uk/ena/browser/view/AHHD01000387																																																																																																																																																								
P9WEW9	HG970333	https://www.ebi.ac.uk/ena/browser/view/HG970333																																																									CEF79629.1	https://www.ebi.ac.uk/ena/browser/view/CEF79629.1																																																																																														
P9WEX0																																																																																																																																																										
P9WEX1																																																																																																																																																										
P9WEX2																																																																																																																																																										
P9WEX4																																																																																																																																																										
P9WEX5																																																																																																																																																										
P9WEX6	JNNZ01000128	https://www.ebi.ac.uk/ena/browser/view/JNNZ01000128																																																									KFG81921.1	https://www.ebi.ac.uk/ena/browser/view/KFG81921.1																																																																																														
P9WEX7	JNNZ01000128	https://www.ebi.ac.uk/ena/browser/view/JNNZ01000128																																																									KFG81920.1	https://www.ebi.ac.uk/ena/browser/view/KFG81920.1																																																																																														
P9WEX8	JNNZ01000128	https://www.ebi.ac.uk/ena/browser/view/JNNZ01000128																																																																																																																																																								
P9WEY0	HG970333	https://www.ebi.ac.uk/ena/browser/view/HG970333																																																									CEF79629.1	https://www.ebi.ac.uk/ena/browser/view/CEF79629.1																																																																																														
P9WEY1	JNNZ01000128	https://www.ebi.ac.uk/ena/browser/view/JNNZ01000128																																																																																																																																																								
P9WEY2	JNNZ01000128	https://www.ebi.ac.uk/ena/browser/view/JNNZ01000128																																																									KFG81918.1	https://www.ebi.ac.uk/ena/browser/view/KFG81918.1																																																																																														
P9WEY4																													MN523655	https://www.ebi.ac.uk/ena/browser/view/MN523655																													QKE43664.1	https://www.ebi.ac.uk/ena/browser/view/QKE43664.1																																																																																														
P9WEY5																													MN523654	https://www.ebi.ac.uk/ena/browser/view/MN523654																													QKE43663.1	https://www.ebi.ac.uk/ena/browser/view/QKE43663.1																																																																																														
P9WEY6																													MN523653	https://www.ebi.ac.uk/ena/browser/view/MN523653																													QKE43662.1	https://www.ebi.ac.uk/ena/browser/view/QKE43662.1																																																																																														
Q0C898	CH476609	https://www.ebi.ac.uk/ena/browser/view/CH476609																																																									EAU29535.1	https://www.ebi.ac.uk/ena/browser/view/EAU29535.1	XP_001209388.1	https://www.ncbi.nlm.nih.gov/protein/XP_001209388.1																																																	XP_001209388.1	XM_001209388.1	https://www.ncbi.nlm.nih.gov/protein/XP_001209388.1	https://www.ncbi.nlm.nih.gov/nucleotide/XM_001209388.1																																								
Q0C899	CH476609	https://www.ebi.ac.uk/ena/browser/view/CH476609																																																									EAU29534.1	https://www.ebi.ac.uk/ena/browser/view/EAU29534.1	XP_001209387.1	https://www.ncbi.nlm.nih.gov/protein/XP_001209387.1																																																	XP_001209387.1	XM_001209387.1	https://www.ncbi.nlm.nih.gov/protein/XP_001209387.1	https://www.ncbi.nlm.nih.gov/nucleotide/XM_001209387.1																																								
Q0C8A0	CH476609	https://www.ebi.ac.uk/ena/browser/view/CH476609																																																									EAU29533.1	https://www.ebi.ac.uk/ena/browser/view/EAU29533.1	XP_001209386.1	https://www.ncbi.nlm.nih.gov/protein/XP_001209386.1																																																	XP_001209386.1	XM_001209386.1	https://www.ncbi.nlm.nih.gov/protein/XP_001209386.1	https://www.ncbi.nlm.nih.gov/nucleotide/XM_001209386.1																																								
Q0C8A3	CH476609	https://www.ebi.ac.uk/ena/browser/view/CH476609																																																									EAU29530.1	https://www.ebi.ac.uk/ena/browser/view/EAU29530.1	XP_001209383.1	https://www.ncbi.nlm.nih.gov/protein/XP_001209383.1																																																	XP_001209383.1	XM_001209383.1	https://www.ncbi.nlm.nih.gov/protein/XP_001209383.1	https://www.ncbi.nlm.nih.gov/nucleotide/XM_001209383.1																																								
Q0C8A5	CH476609	https://www.ebi.ac.uk/ena/browser/view/CH476609																																																									EAU29528.1	https://www.ebi.ac.uk/ena/browser/view/EAU29528.1	XP_001209381.1	https://www.ncbi.nlm.nih.gov/protein/XP_001209381.1																																																	XP_001209381.1	XM_001209381.1	https://www.ncbi.nlm.nih.gov/protein/XP_001209381.1	https://www.ncbi.nlm.nih.gov/nucleotide/XM_001209381.1																																								
Q0C8A6	CH476609	https://www.ebi.ac.uk/ena/browser/view/CH476609																																																									EAU29527.1	https://www.ebi.ac.uk/ena/browser/view/EAU29527.1	XP_001209380.1	https://www.ncbi.nlm.nih.gov/protein/XP_001209380.1																																																	XP_001209380.1	XM_001209380.1	https://www.ncbi.nlm.nih.gov/protein/XP_001209380.1	https://www.ncbi.nlm.nih.gov/nucleotide/XM_001209380.1																																								
Q0C8A7	CH476609	https://www.ebi.ac.uk/ena/browser/view/CH476609																																																									EAU29526.1	https://www.ebi.ac.uk/ena/browser/view/EAU29526.1	XP_001209379.1	https://www.ncbi.nlm.nih.gov/protein/XP_001209379.1																																																	XP_001209379.1	XM_001209379.1	https://www.ncbi.nlm.nih.gov/protein/XP_001209379.1	https://www.ncbi.nlm.nih.gov/nucleotide/XM_001209379.1																																								
Q0C9L5	CH476608	https://www.ebi.ac.uk/ena/browser/view/CH476608																																																									EAU29810.1	https://www.ebi.ac.uk/ena/browser/view/EAU29810.1	XP_001218241.1	https://www.ncbi.nlm.nih.gov/protein/XP_001218241.1																																																	XP_001218241.1	XM_001218240.1	https://www.ncbi.nlm.nih.gov/protein/XP_001218241.1	https://www.ncbi.nlm.nih.gov/nucleotide/XM_001218240.1																																								
Q0CPG7	CH476599	https://www.ebi.ac.uk/ena/browser/view/CH476599																																																									EAU34864.1	https://www.ebi.ac.uk/ena/browser/view/EAU34864.1	XP_001213595.1	https://www.ncbi.nlm.nih.gov/protein/XP_001213595.1																																																	XP_001213595.1	XM_001213595.1	https://www.ncbi.nlm.nih.gov/protein/XP_001213595.1	https://www.ncbi.nlm.nih.gov/nucleotide/XM_001213595.1																																								
Q0CPG8	CH476599	https://www.ebi.ac.uk/ena/browser/view/CH476599																																																									EAU34863.1	https://www.ebi.ac.uk/ena/browser/view/EAU34863.1	XP_001213594.1	https://www.ncbi.nlm.nih.gov/protein/XP_001213594.1																																																	XP_001213594.1	XM_001213594.1	https://www.ncbi.nlm.nih.gov/protein/XP_001213594.1	https://www.ncbi.nlm.nih.gov/nucleotide/XM_001213594.1																																								
Q0JA83	AL731610	https://www.ebi.ac.uk/ena/browser/view/AL731610	AP008210	https://www.ebi.ac.uk/ena/browser/view/AP008210	AP014960	https://www.ebi.ac.uk/ena/browser/view/AP014960																							AY347879	https://www.ebi.ac.uk/ena/browser/view/AY347879	AB243669	https://www.ebi.ac.uk/ena/browser/view/AB243669																											AAQ72562.1	https://www.ebi.ac.uk/ena/browser/view/AAQ72562.1	CAE05199.3	https://www.ebi.ac.uk/ena/browser/view/CAE05199.3	BAF15754.1	https://www.ebi.ac.uk/ena/browser/view/BAF15754.1	BAS90961.1	https://www.ebi.ac.uk/ena/browser/view/BAS90961.1	BAE98301.1	https://www.ebi.ac.uk/ena/browser/view/BAE98301.1																																																																																						
Q0VHD6																													AY860846	https://www.ebi.ac.uk/ena/browser/view/AY860846																													AAX40665.1	https://www.ebi.ac.uk/ena/browser/view/AAX40665.1																																																																																														
Q15FB2	DQ443465	https://www.ebi.ac.uk/ena/browser/view/DQ443465																																																									ABF20225.1	https://www.ebi.ac.uk/ena/browser/view/ABF20225.1																																																																																														
Q15FB3	DQ443465	https://www.ebi.ac.uk/ena/browser/view/DQ443465																																																									ABF20224.1	https://www.ebi.ac.uk/ena/browser/view/ABF20224.1																																																																																														
Q15FB5	DQ443465	https://www.ebi.ac.uk/ena/browser/view/DQ443465																																																									ABF20222.1	https://www.ebi.ac.uk/ena/browser/view/ABF20222.1																																																																																														
Q1ZXA1	AAFI02000218	https://www.ebi.ac.uk/ena/browser/view/AAFI02000218																																																									EAS66806.1	https://www.ebi.ac.uk/ena/browser/view/EAS66806.1	XP_001134489.1	https://www.ncbi.nlm.nih.gov/protein/XP_001134489.1																																																	XP_001134489.1	XM_001134489.1	https://www.ncbi.nlm.nih.gov/protein/XP_001134489.1	https://www.ncbi.nlm.nih.gov/nucleotide/XM_001134489.1																																								
Q20HU6																													DQ195276	https://www.ebi.ac.uk/ena/browser/view/DQ195276	BT071470	https://www.ebi.ac.uk/ena/browser/view/BT071470																											ABA86249.1	https://www.ebi.ac.uk/ena/browser/view/ABA86249.1	ACN40929.1	https://www.ebi.ac.uk/ena/browser/view/ACN40929.1																																																																																												
Q29VN1	CM000781	https://www.ebi.ac.uk/ena/browser/view/CM000781																											AY928082	https://www.ebi.ac.uk/ena/browser/view/AY928082																													AAX99150.1	https://www.ebi.ac.uk/ena/browser/view/AAX99150.1	AQK67959.1	https://www.ebi.ac.uk/ena/browser/view/AQK67959.1	NP_001105855.1	https://www.ncbi.nlm.nih.gov/protein/NP_001105855.1																																															NP_001105855.1	NM_001112385.1	https://www.ncbi.nlm.nih.gov/protein/NP_001105855.1	https://www.ncbi.nlm.nih.gov/nucleotide/NM_001112385.1																																								
Q2R712	AC135562	https://www.ebi.ac.uk/ena/browser/view/AC135562	DP000010	https://www.ebi.ac.uk/ena/browser/view/DP000010	AP008217	https://www.ebi.ac.uk/ena/browser/view/AP008217	AP014967	https://www.ebi.ac.uk/ena/browser/view/AP014967																					AK070534	https://www.ebi.ac.uk/ena/browser/view/AK070534																													AAX96835.1	https://www.ebi.ac.uk/ena/browser/view/AAX96835.1	ABA92749.2	https://www.ebi.ac.uk/ena/browser/view/ABA92749.2	BAF28063.1	https://www.ebi.ac.uk/ena/browser/view/BAF28063.1	BAT13616.1	https://www.ebi.ac.uk/ena/browser/view/BAT13616.1	BAG92014.1	https://www.ebi.ac.uk/ena/browser/view/BAG92014.1																																																																																						
Q2U0K2	BA000055	https://www.ebi.ac.uk/ena/browser/view/BA000055																																																									BAE64913.1	https://www.ebi.ac.uk/ena/browser/view/BAE64913.1																																																																																														
Q2XPU6																													DQ268870	https://www.ebi.ac.uk/ena/browser/view/DQ268870																													ABB76767.1	https://www.ebi.ac.uk/ena/browser/view/ABB76767.1	NP_001310632.1	https://www.ncbi.nlm.nih.gov/protein/NP_001310632.1																																																	NP_001310632.1	NM_001323703.1	https://www.ncbi.nlm.nih.gov/protein/NP_001310632.1	https://www.ncbi.nlm.nih.gov/nucleotide/NM_001323703.1																																								
Q2XPU7																													DQ268869	https://www.ebi.ac.uk/ena/browser/view/DQ268869																													ABB76766.1	https://www.ebi.ac.uk/ena/browser/view/ABB76766.1	NP_001310684.1	https://www.ncbi.nlm.nih.gov/protein/NP_001310684.1																																																	NP_001310684.1	NM_001323755.1	https://www.ncbi.nlm.nih.gov/protein/NP_001310684.1	https://www.ncbi.nlm.nih.gov/nucleotide/NM_001323755.1																																								
Q2XSC4																													DQ263742	https://www.ebi.ac.uk/ena/browser/view/DQ263742																													ABB73046.1	https://www.ebi.ac.uk/ena/browser/view/ABB73046.1																																																																																														
Q2XSC5																													DQ263741	https://www.ebi.ac.uk/ena/browser/view/DQ263741																													ABB73045.1	https://www.ebi.ac.uk/ena/browser/view/ABB73045.1																																																																																														
Q2XSC6																													DQ263740	https://www.ebi.ac.uk/ena/browser/view/DQ263740																													ABB73044.1	https://www.ebi.ac.uk/ena/browser/view/ABB73044.1																																																																																														
Q39760																													U23205	https://www.ebi.ac.uk/ena/browser/view/U23205																													AAA93065.1	https://www.ebi.ac.uk/ena/browser/view/AAA93065.1	NP_001316936.1	https://www.ncbi.nlm.nih.gov/protein/NP_001316936.1																																																	NP_001316936.1	NM_001330007.1	https://www.ncbi.nlm.nih.gov/protein/NP_001316936.1	https://www.ncbi.nlm.nih.gov/nucleotide/NM_001330007.1																																								
Q39978																													U20188	https://www.ebi.ac.uk/ena/browser/view/U20188																													AAA86337.1	https://www.ebi.ac.uk/ena/browser/view/AAA86337.1																																																																																														
Q39979																													U20189	https://www.ebi.ac.uk/ena/browser/view/U20189																													AAA86338.1	https://www.ebi.ac.uk/ena/browser/view/AAA86338.1																																																																																														
Q39980																													U20190	https://www.ebi.ac.uk/ena/browser/view/U20190																													AAA86339.1	https://www.ebi.ac.uk/ena/browser/view/AAA86339.1																																																																																														
Q4QSN4																													AY906868	https://www.ebi.ac.uk/ena/browser/view/AY906868																													AAX07266.1	https://www.ebi.ac.uk/ena/browser/view/AAX07266.1																																																																																														
Q4WAZ2	AAHF01000014	https://www.ebi.ac.uk/ena/browser/view/AAHF01000014																																																									EAL85120.1	https://www.ebi.ac.uk/ena/browser/view/EAL85120.1	XP_747158.1	https://www.ncbi.nlm.nih.gov/protein/XP_747158.1																																																	XP_747158.1	XM_742065.1	https://www.ncbi.nlm.nih.gov/protein/XP_747158.1	https://www.ncbi.nlm.nih.gov/nucleotide/XM_742065.1																																								
Q4WBI0	AAHF01000014	https://www.ebi.ac.uk/ena/browser/view/AAHF01000014																																																									EAL84932.1	https://www.ebi.ac.uk/ena/browser/view/EAL84932.1	XP_746970.1	https://www.ncbi.nlm.nih.gov/protein/XP_746970.1																																																	XP_746970.1	XM_741877.1	https://www.ncbi.nlm.nih.gov/protein/XP_746970.1	https://www.ncbi.nlm.nih.gov/nucleotide/XM_741877.1																																								
Q4WBI3	AAHF01000014	https://www.ebi.ac.uk/ena/browser/view/AAHF01000014																																																									EAL84929.1	https://www.ebi.ac.uk/ena/browser/view/EAL84929.1	XP_746967.1	https://www.ncbi.nlm.nih.gov/protein/XP_746967.1																																																	XP_746967.1	XM_741874.1	https://www.ncbi.nlm.nih.gov/protein/XP_746967.1	https://www.ncbi.nlm.nih.gov/nucleotide/XM_741874.1																																								
Q4WBI5	AAHF01000014	https://www.ebi.ac.uk/ena/browser/view/AAHF01000014																																																									EAL84927.1	https://www.ebi.ac.uk/ena/browser/view/EAL84927.1	XP_746965.1	https://www.ncbi.nlm.nih.gov/protein/XP_746965.1																																																	XP_746965.1	XM_741872.1	https://www.ncbi.nlm.nih.gov/protein/XP_746965.1	https://www.ncbi.nlm.nih.gov/nucleotide/XM_741872.1																																								
Q4WES9	AAHF01000011	https://www.ebi.ac.uk/ena/browser/view/AAHF01000011																																																									EAL85898.1	https://www.ebi.ac.uk/ena/browser/view/EAL85898.1																																																																																														
Q4WLC8	AAHF01000006	https://www.ebi.ac.uk/ena/browser/view/AAHF01000006																																																									EAL89236.1	https://www.ebi.ac.uk/ena/browser/view/EAL89236.1	XP_751274.1	https://www.ncbi.nlm.nih.gov/protein/XP_751274.1																																																	XP_751274.1	XM_746181.2	https://www.ncbi.nlm.nih.gov/protein/XP_751274.1	https://www.ncbi.nlm.nih.gov/nucleotide/XM_746181.2																																								
Q4WLD0	AAHF01000006	https://www.ebi.ac.uk/ena/browser/view/AAHF01000006																																																									EAL89234.2	https://www.ebi.ac.uk/ena/browser/view/EAL89234.2	XP_751272.2	https://www.ncbi.nlm.nih.gov/protein/XP_751272.2																																																	XP_751272.2	XM_746179.2	https://www.ncbi.nlm.nih.gov/protein/XP_751272.2	https://www.ncbi.nlm.nih.gov/nucleotide/XM_746179.2																																								
Q4WLD2	AAHF01000006	https://www.ebi.ac.uk/ena/browser/view/AAHF01000006																																																									EAL89232.1	https://www.ebi.ac.uk/ena/browser/view/EAL89232.1	XP_751270.1	https://www.ncbi.nlm.nih.gov/protein/XP_751270.1																																																	XP_751270.1	XM_746177.1	https://www.ncbi.nlm.nih.gov/protein/XP_751270.1	https://www.ncbi.nlm.nih.gov/nucleotide/XM_746177.1																																								
Q4WLD5	AAHF01000006	https://www.ebi.ac.uk/ena/browser/view/AAHF01000006																																																									EAL89229.1	https://www.ebi.ac.uk/ena/browser/view/EAL89229.1	XP_751267.1	https://www.ncbi.nlm.nih.gov/protein/XP_751267.1																																																	XP_751267.1	XM_746174.2	https://www.ncbi.nlm.nih.gov/protein/XP_751267.1	https://www.ncbi.nlm.nih.gov/nucleotide/XM_746174.2																																								
Q4WQ95	AAHF01000005	https://www.ebi.ac.uk/ena/browser/view/AAHF01000005																																																									EAL89589.1	https://www.ebi.ac.uk/ena/browser/view/EAL89589.1	XP_751627.1	https://www.ncbi.nlm.nih.gov/protein/XP_751627.1																																																	XP_751627.1	XM_746534.2	https://www.ncbi.nlm.nih.gov/protein/XP_751627.1	https://www.ncbi.nlm.nih.gov/nucleotide/XM_746534.2																																								
Q54BE5	AAFI01000293	https://www.ebi.ac.uk/ena/browser/view/AAFI01000293																											KX364381	https://www.ebi.ac.uk/ena/browser/view/KX364381																													APC23392.1	https://www.ebi.ac.uk/ena/browser/view/APC23392.1	EAL60645.1	https://www.ebi.ac.uk/ena/browser/view/EAL60645.1	XP_629084.1	https://www.ncbi.nlm.nih.gov/protein/XP_629084.1																																															XP_629084.1	XM_629082.1	https://www.ncbi.nlm.nih.gov/protein/XP_629084.1	https://www.ncbi.nlm.nih.gov/nucleotide/XM_629082.1																																								
Q54DR1	AAFI02000187	https://www.ebi.ac.uk/ena/browser/view/AAFI02000187																																																									EAL61392.1	https://www.ebi.ac.uk/ena/browser/view/EAL61392.1	XP_629811.1	https://www.ncbi.nlm.nih.gov/protein/XP_629811.1																																																	XP_629811.1	XM_629809.1	https://www.ncbi.nlm.nih.gov/protein/XP_629811.1	https://www.ncbi.nlm.nih.gov/nucleotide/XM_629809.1																																								
Q54P86	AAFI01000113	https://www.ebi.ac.uk/ena/browser/view/AAFI01000113																											KX364379	https://www.ebi.ac.uk/ena/browser/view/KX364379																													APC23390.1	https://www.ebi.ac.uk/ena/browser/view/APC23390.1	EAL65123.1	https://www.ebi.ac.uk/ena/browser/view/EAL65123.1	XP_638489.1	https://www.ncbi.nlm.nih.gov/protein/XP_638489.1																																															XP_638489.1	XM_633397.1	https://www.ncbi.nlm.nih.gov/protein/XP_638489.1	https://www.ncbi.nlm.nih.gov/nucleotide/XM_633397.1																																								
Q54YE1	AAFI01000052	https://www.ebi.ac.uk/ena/browser/view/AAFI01000052																											KX364380	https://www.ebi.ac.uk/ena/browser/view/KX364380																													APC23391.1	https://www.ebi.ac.uk/ena/browser/view/APC23391.1	EAL68496.1	https://www.ebi.ac.uk/ena/browser/view/EAL68496.1	XP_642261.1	https://www.ncbi.nlm.nih.gov/protein/XP_642261.1																																															XP_642261.1	XM_637169.1	https://www.ncbi.nlm.nih.gov/protein/XP_642261.1	https://www.ncbi.nlm.nih.gov/nucleotide/XM_637169.1																																								
Q55D85	AAFI02000005	https://www.ebi.ac.uk/ena/browser/view/AAFI02000005																											AF159949	https://www.ebi.ac.uk/ena/browser/view/AF159949																													AAF80384.1	https://www.ebi.ac.uk/ena/browser/view/AAF80384.1	EAL71963.1	https://www.ebi.ac.uk/ena/browser/view/EAL71963.1	XP_646246.1	https://www.ncbi.nlm.nih.gov/protein/XP_646246.1																																															XP_646246.1	XM_641154.1	https://www.ncbi.nlm.nih.gov/protein/XP_646246.1	https://www.ncbi.nlm.nih.gov/nucleotide/XM_641154.1																																								
Q55E23	AAFI01000011	https://www.ebi.ac.uk/ena/browser/view/AAFI01000011																											KX364374	https://www.ebi.ac.uk/ena/browser/view/KX364374																													APC23385.1	https://www.ebi.ac.uk/ena/browser/view/APC23385.1	EAL72064.1	https://www.ebi.ac.uk/ena/browser/view/EAL72064.1	XP_645958.1	https://www.ncbi.nlm.nih.gov/protein/XP_645958.1																																															XP_645958.1	XM_640866.1	https://www.ncbi.nlm.nih.gov/protein/XP_645958.1	https://www.ncbi.nlm.nih.gov/nucleotide/XM_640866.1																																								
Q56RZ2	AY742905	https://www.ebi.ac.uk/ena/browser/view/AY742905	JN613320	https://www.ebi.ac.uk/ena/browser/view/JN613320																																																							AAW88515.1	https://www.ebi.ac.uk/ena/browser/view/AAW88515.1	AFO85413.1	https://www.ebi.ac.uk/ena/browser/view/AFO85413.1																																																																																												
Q56RZ6	AY742903	https://www.ebi.ac.uk/ena/browser/view/AY742903																																																									AAW88511.1	https://www.ebi.ac.uk/ena/browser/view/AAW88511.1																																																																																														
Q59723	L23310	https://www.ebi.ac.uk/ena/browser/view/L23310																																																									AAA25810.1	https://www.ebi.ac.uk/ena/browser/view/AAA25810.1																																																																																														
Q5AR23	BN001308	https://www.ebi.ac.uk/ena/browser/view/BN001308	AACD01000172	https://www.ebi.ac.uk/ena/browser/view/AACD01000172																																																							CBF87263.1	https://www.ebi.ac.uk/ena/browser/view/CBF87263.1	EAA66324.1	https://www.ebi.ac.uk/ena/browser/view/EAA66324.1	XP_682526.1	https://www.ncbi.nlm.nih.gov/protein/XP_682526.1																																															XP_682526.1	XM_677434.1	https://www.ncbi.nlm.nih.gov/protein/XP_682526.1	https://www.ncbi.nlm.nih.gov/nucleotide/XM_677434.1																																								
Q5AR29	AACD01000172	https://www.ebi.ac.uk/ena/browser/view/AACD01000172	BN001308	https://www.ebi.ac.uk/ena/browser/view/BN001308																																																							EAA66318.1	https://www.ebi.ac.uk/ena/browser/view/EAA66318.1	CBF87249.1	https://www.ebi.ac.uk/ena/browser/view/CBF87249.1																																																																																												
Q5AR31	BN001308	https://www.ebi.ac.uk/ena/browser/view/BN001308	AACD01000172	https://www.ebi.ac.uk/ena/browser/view/AACD01000172																																																							CBF87245.1	https://www.ebi.ac.uk/ena/browser/view/CBF87245.1	EAA66316.1	https://www.ebi.ac.uk/ena/browser/view/EAA66316.1	XP_682518.1	https://www.ncbi.nlm.nih.gov/protein/XP_682518.1																																															XP_682518.1	XM_677426.1	https://www.ncbi.nlm.nih.gov/protein/XP_682518.1	https://www.ncbi.nlm.nih.gov/nucleotide/XM_677426.1																																								
Q5AR33	BN001308	https://www.ebi.ac.uk/ena/browser/view/BN001308	AACD01000172	https://www.ebi.ac.uk/ena/browser/view/AACD01000172																																																							CBF87241.1	https://www.ebi.ac.uk/ena/browser/view/CBF87241.1	EAA66314.1	https://www.ebi.ac.uk/ena/browser/view/EAA66314.1	XP_682516.1	https://www.ncbi.nlm.nih.gov/protein/XP_682516.1																																															XP_682516.1	XM_677424.1	https://www.ncbi.nlm.nih.gov/protein/XP_682516.1	https://www.ncbi.nlm.nih.gov/nucleotide/XM_677424.1																																								
Q5AR46	BN001306	https://www.ebi.ac.uk/ena/browser/view/BN001306	AACD01000170	https://www.ebi.ac.uk/ena/browser/view/AACD01000170																																																							CBF82265.1	https://www.ebi.ac.uk/ena/browser/view/CBF82265.1	EAA61525.1	https://www.ebi.ac.uk/ena/browser/view/EAA61525.1	XP_682503.1	https://www.ncbi.nlm.nih.gov/protein/XP_682503.1																																															XP_682503.1	XM_677411.1	https://www.ncbi.nlm.nih.gov/protein/XP_682503.1	https://www.ncbi.nlm.nih.gov/nucleotide/XM_677411.1																																								
Q5KSN4	AB183750	https://www.ebi.ac.uk/ena/browser/view/AB183750																																																									BAD86798.1	https://www.ebi.ac.uk/ena/browser/view/BAD86798.1																																																																																														
Q5SBP0																													AY693650	https://www.ebi.ac.uk/ena/browser/view/AY693650																													AAV63792.1	https://www.ebi.ac.uk/ena/browser/view/AAV63792.1																																																																																														
Q5SBP1																													AY693649	https://www.ebi.ac.uk/ena/browser/view/AY693649																													AAV63791.1	https://www.ebi.ac.uk/ena/browser/view/AAV63791.1																																																																																														
Q5SBP2																													AY693648	https://www.ebi.ac.uk/ena/browser/view/AY693648																													AAV63790.1	https://www.ebi.ac.uk/ena/browser/view/AAV63790.1																																																																																														
Q5SBP3																													AY693647	https://www.ebi.ac.uk/ena/browser/view/AY693647																													AAV63789.1	https://www.ebi.ac.uk/ena/browser/view/AAV63789.1																																																																																														
Q5SBP4																													AY693646	https://www.ebi.ac.uk/ena/browser/view/AY693646																													AAV63788.1	https://www.ebi.ac.uk/ena/browser/view/AAV63788.1																																																																																														
Q5SBP5																													AY693645	https://www.ebi.ac.uk/ena/browser/view/AY693645																													AAV63787.1	https://www.ebi.ac.uk/ena/browser/view/AAV63787.1																																																																																														
Q5SBP6																													AY693644	https://www.ebi.ac.uk/ena/browser/view/AY693644																													AAV63786.1	https://www.ebi.ac.uk/ena/browser/view/AAV63786.1																																																																																														
Q5SBP7																													AY693643	https://www.ebi.ac.uk/ena/browser/view/AY693643																													AAV63785.1	https://www.ebi.ac.uk/ena/browser/view/AAV63785.1																																																																																														
Q5W283																													AJ786641	https://www.ebi.ac.uk/ena/browser/view/AJ786641																													CAH10288.1	https://www.ebi.ac.uk/ena/browser/view/CAH10288.1																																																																																														
Q672V4	AY559849	https://www.ebi.ac.uk/ena/browser/view/AY559849																																																									AAT65719.1	https://www.ebi.ac.uk/ena/browser/view/AAT65719.1																																																																																														
Q672V5	AY559849	https://www.ebi.ac.uk/ena/browser/view/AY559849																																																									AAT65718.1	https://www.ebi.ac.uk/ena/browser/view/AAT65718.1																																																																																														
Q675L0																													AF369920	https://www.ebi.ac.uk/ena/browser/view/AF369920	AY473625	https://www.ebi.ac.uk/ena/browser/view/AY473625																											AAK39129.2	https://www.ebi.ac.uk/ena/browser/view/AAK39129.2	AAS47695.1	https://www.ebi.ac.uk/ena/browser/view/AAS47695.1																																																																																												
Q6BE24																													AB116238	https://www.ebi.ac.uk/ena/browser/view/AB116238																													BAD34645.1	https://www.ebi.ac.uk/ena/browser/view/BAD34645.1																																																																																														
Q6BE25																													AB116237	https://www.ebi.ac.uk/ena/browser/view/AB116237																													BAD34644.1	https://www.ebi.ac.uk/ena/browser/view/BAD34644.1																																																																																														
Q6EJ97	AY316691	https://www.ebi.ac.uk/ena/browser/view/AY316691																																																									AAQ84170.1	https://www.ebi.ac.uk/ena/browser/view/AAQ84170.1																																																																																														
Q6JD69																													AY518314	https://www.ebi.ac.uk/ena/browser/view/AY518314																													AAS88575.1	https://www.ebi.ac.uk/ena/browser/view/AAS88575.1																																																																																														
Q6JD71																													AY518312	https://www.ebi.ac.uk/ena/browser/view/AY518312																													AAS88573.1	https://www.ebi.ac.uk/ena/browser/view/AAS88573.1																																																																																														
Q6PWU2																													AY572986	https://www.ebi.ac.uk/ena/browser/view/AY572986	AY572987	https://www.ebi.ac.uk/ena/browser/view/AY572987																											AAS79351.1	https://www.ebi.ac.uk/ena/browser/view/AAS79351.1	AAS79352.1	https://www.ebi.ac.uk/ena/browser/view/AAS79352.1	NP_001268216.1	https://www.ncbi.nlm.nih.gov/protein/NP_001268216.1																																															NP_001268216.1	NM_001281287.1	https://www.ncbi.nlm.nih.gov/protein/NP_001268216.1	https://www.ncbi.nlm.nih.gov/nucleotide/NM_001281287.1																																								
Q6Z5J6	AP005114	https://www.ebi.ac.uk/ena/browser/view/AP005114	AP008208	https://www.ebi.ac.uk/ena/browser/view/AP008208	AP014958	https://www.ebi.ac.uk/ena/browser/view/AP014958																							AY347882	https://www.ebi.ac.uk/ena/browser/view/AY347882	AB126935	https://www.ebi.ac.uk/ena/browser/view/AB126935																											AAQ72565.1	https://www.ebi.ac.uk/ena/browser/view/AAQ72565.1	BAD17270.1	https://www.ebi.ac.uk/ena/browser/view/BAD17270.1	BAF09104.1	https://www.ebi.ac.uk/ena/browser/view/BAF09104.1	BAS79346.1	https://www.ebi.ac.uk/ena/browser/view/BAS79346.1	BAE72100.1	https://www.ebi.ac.uk/ena/browser/view/BAE72100.1	XP_015625948.1	https://www.ncbi.nlm.nih.gov/protein/XP_015625948.1																																									XP_015625948.1	XM_015770462.1	https://www.ncbi.nlm.nih.gov/protein/XP_015625948.1	https://www.ncbi.nlm.nih.gov/nucleotide/XM_015770462.1																																								
Q752X9	AE016819	https://www.ebi.ac.uk/ena/browser/view/AE016819																																																									AAS53815.1	https://www.ebi.ac.uk/ena/browser/view/AAS53815.1	NP_985991.1	https://www.ncbi.nlm.nih.gov/protein/NP_985991.1																																																	NP_985991.1	NM_211346.1	https://www.ncbi.nlm.nih.gov/protein/NP_985991.1	https://www.ncbi.nlm.nih.gov/nucleotide/NM_211346.1																																								
Q75F69	AE016814	https://www.ebi.ac.uk/ena/browser/view/AE016814																																																									AAS50225.1	https://www.ebi.ac.uk/ena/browser/view/AAS50225.1	NP_982401.1	https://www.ncbi.nlm.nih.gov/protein/NP_982401.1																																																	NP_982401.1	NM_207754.1	https://www.ncbi.nlm.nih.gov/protein/NP_982401.1	https://www.ncbi.nlm.nih.gov/nucleotide/NM_207754.1																																								
Q75J90	AAFI01000045	https://www.ebi.ac.uk/ena/browser/view/AAFI01000045																											KX364377	https://www.ebi.ac.uk/ena/browser/view/KX364377																													APC23388.1	https://www.ebi.ac.uk/ena/browser/view/APC23388.1	EAL68749.1	https://www.ebi.ac.uk/ena/browser/view/EAL68749.1	XP_642676.1	https://www.ncbi.nlm.nih.gov/protein/XP_642676.1																																															XP_642676.1	XM_637584.1	https://www.ncbi.nlm.nih.gov/protein/XP_642676.1	https://www.ncbi.nlm.nih.gov/nucleotide/XM_637584.1																																								
Q764T8																													AB116228	https://www.ebi.ac.uk/ena/browser/view/AB116228																													BAD08587.1	https://www.ebi.ac.uk/ena/browser/view/BAD08587.1																																																																																														
Q7KWU0	AAFI01000021	https://www.ebi.ac.uk/ena/browser/view/AAFI01000021																											KX364375	https://www.ebi.ac.uk/ena/browser/view/KX364375																													APC23386.1	https://www.ebi.ac.uk/ena/browser/view/APC23386.1	EAL71179.1	https://www.ebi.ac.uk/ena/browser/view/EAL71179.1	XP_645125.1	https://www.ncbi.nlm.nih.gov/protein/XP_645125.1																																															XP_645125.1	XM_640033.1	https://www.ncbi.nlm.nih.gov/protein/XP_645125.1	https://www.ncbi.nlm.nih.gov/nucleotide/XM_640033.1																																								
Q7S4Z6	CM002242	https://www.ebi.ac.uk/ena/browser/view/CM002242																																																									ESA41923.1	https://www.ebi.ac.uk/ena/browser/view/ESA41923.1	XP_011395225.1	https://www.ncbi.nlm.nih.gov/protein/XP_011395225.1																																																	XP_011395225.1	XM_011396923.1	https://www.ncbi.nlm.nih.gov/protein/XP_011395225.1	https://www.ncbi.nlm.nih.gov/nucleotide/XM_011396923.1																																								
Q7XAS7	AY341431	https://www.ebi.ac.uk/ena/browser/view/AY341431																																																									AAQ16588.1	https://www.ebi.ac.uk/ena/browser/view/AAQ16588.1																																																																																														
Q82RR7	BA000030	https://www.ebi.ac.uk/ena/browser/view/BA000030																																																									BAC67785.1	https://www.ebi.ac.uk/ena/browser/view/BAC67785.1	WP_010981512.1	https://www.ncbi.nlm.nih.gov/protein/WP_010981512.1																																																	WP_010981512.1	NC_003155.5	https://www.ncbi.nlm.nih.gov/protein/WP_010981512.1	https://www.ncbi.nlm.nih.gov/nucleotide/NC_003155.5																																								
Q84KL5																													AF543528	https://www.ebi.ac.uk/ena/browser/view/AF543528																													AAO61226.1	https://www.ebi.ac.uk/ena/browser/view/AAO61226.1																																																																																														
Q84LF0																													AF484125	https://www.ebi.ac.uk/ena/browser/view/AF484125																													AAP05762.1	https://www.ebi.ac.uk/ena/browser/view/AAP05762.1																																																																																														
Q84LF1																													AF484124	https://www.ebi.ac.uk/ena/browser/view/AF484124																													AAP05761.1	https://www.ebi.ac.uk/ena/browser/view/AAP05761.1																																																																																														
Q84LF2																													AF484123	https://www.ebi.ac.uk/ena/browser/view/AF484123																													AAP05760.1	https://www.ebi.ac.uk/ena/browser/view/AAP05760.1	NP_001413014.1	https://www.ncbi.nlm.nih.gov/protein/NP_001413014.1																																																	NP_001413014.1	NM_001426085.1	https://www.ncbi.nlm.nih.gov/protein/NP_001413014.1	https://www.ncbi.nlm.nih.gov/nucleotide/NM_001426085.1																																								
Q84LG0																													AF542544	https://www.ebi.ac.uk/ena/browser/view/AF542544																													AAO85555.1	https://www.ebi.ac.uk/ena/browser/view/AAO85555.1																																																																																														
Q8LSC2																													AF498000	https://www.ebi.ac.uk/ena/browser/view/AF498000																													AAM21659.1	https://www.ebi.ac.uk/ena/browser/view/AAM21659.1																																																																																														
Q8W3Z1																													AB055512	https://www.ebi.ac.uk/ena/browser/view/AB055512																													BAB83088.1	https://www.ebi.ac.uk/ena/browser/view/BAB83088.1																																																																																														
Q8W3Z2																													AB055511	https://www.ebi.ac.uk/ena/browser/view/AB055511																													BAB83087.1	https://www.ebi.ac.uk/ena/browser/view/BAB83087.1																																																																																														
Q8W3Z3																													AB055510	https://www.ebi.ac.uk/ena/browser/view/AB055510																													BAB83086.1	https://www.ebi.ac.uk/ena/browser/view/BAB83086.1																																																																																														
Q8W3Z4																													AB055509	https://www.ebi.ac.uk/ena/browser/view/AB055509																													BAB83085.1	https://www.ebi.ac.uk/ena/browser/view/BAB83085.1																																																																																														
Q92459	X99718	https://www.ebi.ac.uk/ena/browser/view/X99718	CM003153	https://www.ebi.ac.uk/ena/browser/view/CM003153																																																							CAA68054.1	https://www.ebi.ac.uk/ena/browser/view/CAA68054.1	KIS67272.1	https://www.ebi.ac.uk/ena/browser/view/KIS67272.1	XP_011391077.1	https://www.ncbi.nlm.nih.gov/protein/XP_011391077.1																																															XP_011391077.1	XM_011392775.1	https://www.ncbi.nlm.nih.gov/protein/XP_011391077.1	https://www.ncbi.nlm.nih.gov/nucleotide/XM_011392775.1																																								
Q93X23																													AJ304839	https://www.ebi.ac.uk/ena/browser/view/AJ304839																													CAC41012.1	https://www.ebi.ac.uk/ena/browser/view/CAC41012.1																																																																																														
Q93YA3	AJ320538	https://www.ebi.ac.uk/ena/browser/view/AJ320538																																																									CAC42773.1	https://www.ebi.ac.uk/ena/browser/view/CAC42773.1																																																																																														
Q948R6																													AB058643	https://www.ebi.ac.uk/ena/browser/view/AB058643																													BAB68529.1	https://www.ebi.ac.uk/ena/browser/view/BAB68529.1																																																																																														
Q948Z0																													U87910	https://www.ebi.ac.uk/ena/browser/view/U87910																													AAB70707.1	https://www.ebi.ac.uk/ena/browser/view/AAB70707.1																																																																																														
Q94G53	GU929215	https://www.ebi.ac.uk/ena/browser/view/GU929215																											AF276072	https://www.ebi.ac.uk/ena/browser/view/AF276072																													AAK58723.1	https://www.ebi.ac.uk/ena/browser/view/AAK58723.1	ADR64206.1	https://www.ebi.ac.uk/ena/browser/view/ADR64206.1																																																																																												
Q94JS8																													AF374462	https://www.ebi.ac.uk/ena/browser/view/AF374462																													AAK54279.1	https://www.ebi.ac.uk/ena/browser/view/AAK54279.1																																																																																														
Q96376																													U58314	https://www.ebi.ac.uk/ena/browser/view/U58314																													AAC49395.1	https://www.ebi.ac.uk/ena/browser/view/AAC49395.1																																																																																														
Q96WJ0																													AF285825	https://www.ebi.ac.uk/ena/browser/view/AF285825																													AAK82993.1	https://www.ebi.ac.uk/ena/browser/view/AAK82993.1																																																																																														
Q9C448	HM171111	https://www.ebi.ac.uk/ena/browser/view/HM171111																																																									AAK11529.1	https://www.ebi.ac.uk/ena/browser/view/AAK11529.1																																																																																														
Q9C451	HM171111	https://www.ebi.ac.uk/ena/browser/view/HM171111																																																									AAK11526.2	https://www.ebi.ac.uk/ena/browser/view/AAK11526.2																																																																																														
Q9C6W6	AC074309	https://www.ebi.ac.uk/ena/browser/view/AC074309	AC079041	https://www.ebi.ac.uk/ena/browser/view/AC079041	CP002684	https://www.ebi.ac.uk/ena/browser/view/CP002684																																																					AAG50788.1	https://www.ebi.ac.uk/ena/browser/view/AAG50788.1	AAG50729.1	https://www.ebi.ac.uk/ena/browser/view/AAG50729.1	AEE31421.2	https://www.ebi.ac.uk/ena/browser/view/AEE31421.2	NP_001319127.1	https://www.ncbi.nlm.nih.gov/protein/NP_001319127.1	NP_001320348.1	https://www.ncbi.nlm.nih.gov/protein/NP_001320348.1																																											NP_001319127.1	NM_001332991.1	https://www.ncbi.nlm.nih.gov/protein/NP_001319127.1	https://www.ncbi.nlm.nih.gov/nucleotide/NM_001332991.1	NP_001320348.1	NM_001332993.1	https://www.ncbi.nlm.nih.gov/protein/NP_001320348.1	https://www.ncbi.nlm.nih.gov/nucleotide/NM_001332993.1																																				
Q9EUT9	AJ272366	https://www.ebi.ac.uk/ena/browser/view/AJ272366																																																									CAC20855.1	https://www.ebi.ac.uk/ena/browser/view/CAC20855.1																																																																																														
Q9F1Y5	AB035202	https://www.ebi.ac.uk/ena/browser/view/AB035202	AL939132	https://www.ebi.ac.uk/ena/browser/view/AL939132																																																							BAB20434.1	https://www.ebi.ac.uk/ena/browser/view/BAB20434.1	CAC44557.1	https://www.ebi.ac.uk/ena/browser/view/CAC44557.1	WP_011031840.1	https://www.ncbi.nlm.nih.gov/protein/WP_011031840.1																																															WP_011031840.1	NC_003888.3	https://www.ncbi.nlm.nih.gov/protein/WP_011031840.1	https://www.ncbi.nlm.nih.gov/nucleotide/NC_003888.3																																								
Q9F1Y6	AB035202	https://www.ebi.ac.uk/ena/browser/view/AB035202	AL939132	https://www.ebi.ac.uk/ena/browser/view/AL939132																																																							BAB20433.1	https://www.ebi.ac.uk/ena/browser/view/BAB20433.1	CAD55534.1	https://www.ebi.ac.uk/ena/browser/view/CAD55534.1	WP_011031839.1	https://www.ncbi.nlm.nih.gov/protein/WP_011031839.1																																															WP_011031839.1	NC_003888.3	https://www.ncbi.nlm.nih.gov/protein/WP_011031839.1	https://www.ncbi.nlm.nih.gov/nucleotide/NC_003888.3																																								
Q9FI27	AB017064	https://www.ebi.ac.uk/ena/browser/view/AB017064	CP002688	https://www.ebi.ac.uk/ena/browser/view/CP002688																									AY081341	https://www.ebi.ac.uk/ena/browser/view/AY081341	BT000253	https://www.ebi.ac.uk/ena/browser/view/BT000253																											BAB11075.1	https://www.ebi.ac.uk/ena/browser/view/BAB11075.1	AAL91230.1	https://www.ebi.ac.uk/ena/browser/view/AAL91230.1	AAN15572.1	https://www.ebi.ac.uk/ena/browser/view/AAN15572.1	NP_001318758.1	https://www.ncbi.nlm.nih.gov/protein/NP_001318758.1																																													NP_001318758.1	NM_001344758.1	https://www.ncbi.nlm.nih.gov/protein/NP_001318758.1	https://www.ncbi.nlm.nih.gov/nucleotide/NM_001344758.1																																								
Q9FJV8	AB013391	https://www.ebi.ac.uk/ena/browser/view/AB013391	CP002688	https://www.ebi.ac.uk/ena/browser/view/CP002688																									BT020312	https://www.ebi.ac.uk/ena/browser/view/BT020312	BT020456	https://www.ebi.ac.uk/ena/browser/view/BT020456																											BAB10498.1	https://www.ebi.ac.uk/ena/browser/view/BAB10498.1	AED94834.1	https://www.ebi.ac.uk/ena/browser/view/AED94834.1	AAV85667.1	https://www.ebi.ac.uk/ena/browser/view/AAV85667.1	AAW30034.1	https://www.ebi.ac.uk/ena/browser/view/AAW30034.1	NP_199074.1	https://www.ncbi.nlm.nih.gov/protein/NP_199074.1																																											NP_199074.1	NM_123624.4	https://www.ncbi.nlm.nih.gov/protein/NP_199074.1	https://www.ncbi.nlm.nih.gov/nucleotide/NM_123624.4																																								
Q9FQ27																													AF279455	https://www.ebi.ac.uk/ena/browser/view/AF279455																													AAG41891.1	https://www.ebi.ac.uk/ena/browser/view/AAG41891.1																																																																																														
Q9FZI2	AC007152	https://www.ebi.ac.uk/ena/browser/view/AC007152	CP002684	https://www.ebi.ac.uk/ena/browser/view/CP002684																									AF489920	https://www.ebi.ac.uk/ena/browser/view/AF489920	AY062741	https://www.ebi.ac.uk/ena/browser/view/AY062741	BT000138	https://www.ebi.ac.uk/ena/browser/view/BT000138																									AAN77001.1	https://www.ebi.ac.uk/ena/browser/view/AAN77001.1	AAF98208.1	https://www.ebi.ac.uk/ena/browser/view/AAF98208.1	AEE34578.1	https://www.ebi.ac.uk/ena/browser/view/AEE34578.1	ANM60852.1	https://www.ebi.ac.uk/ena/browser/view/ANM60852.1	ANM60854.1	https://www.ebi.ac.uk/ena/browser/view/ANM60854.1	AAL32819.1	https://www.ebi.ac.uk/ena/browser/view/AAL32819.1	AAN15457.1	https://www.ebi.ac.uk/ena/browser/view/AAN15457.1	NP_001323105.1	https://www.ncbi.nlm.nih.gov/protein/NP_001323105.1	NP_001323107.1	https://www.ncbi.nlm.nih.gov/protein/NP_001323107.1	NP_176868.1	https://www.ncbi.nlm.nih.gov/protein/NP_176868.1																																	NP_001323105.1	NM_001334260.1	https://www.ncbi.nlm.nih.gov/protein/NP_001323105.1	https://www.ncbi.nlm.nih.gov/nucleotide/NM_001334260.1	NP_001323107.1	NM_001334261.1	https://www.ncbi.nlm.nih.gov/protein/NP_001323107.1	https://www.ncbi.nlm.nih.gov/nucleotide/NM_001334261.1	NP_176868.1	NM_105367.3	https://www.ncbi.nlm.nih.gov/protein/NP_176868.1	https://www.ncbi.nlm.nih.gov/nucleotide/NM_105367.3																																
Q9HGZ6	AB009978	https://www.ebi.ac.uk/ena/browser/view/AB009978	CR380959	https://www.ebi.ac.uk/ena/browser/view/CR380959																																																							BAB12207.1	https://www.ebi.ac.uk/ena/browser/view/BAB12207.1	CAG62632.1	https://www.ebi.ac.uk/ena/browser/view/CAG62632.1	XP_449656.1	https://www.ncbi.nlm.nih.gov/protein/XP_449656.1																																															XP_449656.1	XM_449656.1	https://www.ncbi.nlm.nih.gov/protein/XP_449656.1	https://www.ncbi.nlm.nih.gov/nucleotide/XM_449656.1																																								
Q9LH31	AP002068	https://www.ebi.ac.uk/ena/browser/view/AP002068	CP002686	https://www.ebi.ac.uk/ena/browser/view/CP002686																																																							BAB01981.1	https://www.ebi.ac.uk/ena/browser/view/BAB01981.1	AEE77679.1	https://www.ebi.ac.uk/ena/browser/view/AEE77679.1	NP_189746.1	https://www.ncbi.nlm.nih.gov/protein/NP_189746.1																																															NP_189746.1	NM_114026.2	https://www.ncbi.nlm.nih.gov/protein/NP_189746.1	https://www.ncbi.nlm.nih.gov/nucleotide/NM_114026.2																																								
Q9LRH7																													AB034803	https://www.ebi.ac.uk/ena/browser/view/AB034803																													BAA97559.1	https://www.ebi.ac.uk/ena/browser/view/BAA97559.1																																																																																														
Q9LRR2	AB028617	https://www.ebi.ac.uk/ena/browser/view/AB028617	CP002686	https://www.ebi.ac.uk/ena/browser/view/CP002686																																																							BAB01341.1	https://www.ebi.ac.uk/ena/browser/view/BAB01341.1	AEE75532.1	https://www.ebi.ac.uk/ena/browser/view/AEE75532.1	NP_188067.1	https://www.ncbi.nlm.nih.gov/protein/NP_188067.1																																															NP_188067.1	NM_112309.2	https://www.ncbi.nlm.nih.gov/protein/NP_188067.1	https://www.ncbi.nlm.nih.gov/nucleotide/NM_112309.2																																								
Q9LS76	AB026657	https://www.ebi.ac.uk/ena/browser/view/AB026657	CP002686	https://www.ebi.ac.uk/ena/browser/view/CP002686																																																							BAB01815.1	https://www.ebi.ac.uk/ena/browser/view/BAB01815.1	AEE77550.1	https://www.ebi.ac.uk/ena/browser/view/AEE77550.1	NP_189564.2	https://www.ncbi.nlm.nih.gov/protein/NP_189564.2																																															NP_189564.2	NM_113843.3	https://www.ncbi.nlm.nih.gov/protein/NP_189564.2	https://www.ncbi.nlm.nih.gov/nucleotide/NM_113843.3																																								
Q9LUE0	AB023038	https://www.ebi.ac.uk/ena/browser/view/AB023038	CP002686	https://www.ebi.ac.uk/ena/browser/view/CP002686																									AF497490	https://www.ebi.ac.uk/ena/browser/view/AF497490																													AAO85538.1	https://www.ebi.ac.uk/ena/browser/view/AAO85538.1	BAB02386.1	https://www.ebi.ac.uk/ena/browser/view/BAB02386.1	AEE75536.1	https://www.ebi.ac.uk/ena/browser/view/AEE75536.1	NP_188072.1	https://www.ncbi.nlm.nih.gov/protein/NP_188072.1																																													NP_188072.1	NM_112314.3	https://www.ncbi.nlm.nih.gov/protein/NP_188072.1	https://www.ncbi.nlm.nih.gov/nucleotide/NM_112314.3																																								
Q9LUE2	AB023038	https://www.ebi.ac.uk/ena/browser/view/AB023038	CP002686	https://www.ebi.ac.uk/ena/browser/view/CP002686																									AF497489	https://www.ebi.ac.uk/ena/browser/view/AF497489	BT053762	https://www.ebi.ac.uk/ena/browser/view/BT053762																											AAO85537.1	https://www.ebi.ac.uk/ena/browser/view/AAO85537.1	BAB02384.1	https://www.ebi.ac.uk/ena/browser/view/BAB02384.1	AEE75534.1	https://www.ebi.ac.uk/ena/browser/view/AEE75534.1	ACL13989.1	https://www.ebi.ac.uk/ena/browser/view/ACL13989.1	NP_188070.2	https://www.ncbi.nlm.nih.gov/protein/NP_188070.2																																											NP_188070.2	NM_112312.5	https://www.ncbi.nlm.nih.gov/protein/NP_188070.2	https://www.ncbi.nlm.nih.gov/nucleotide/NM_112312.5																																								
Q9LVP7	AB018121	https://www.ebi.ac.uk/ena/browser/view/AB018121	CP002686	https://www.ebi.ac.uk/ena/browser/view/CP002686																																																							BAB01988.1	https://www.ebi.ac.uk/ena/browser/view/BAB01988.1	AEE77537.2	https://www.ebi.ac.uk/ena/browser/view/AEE77537.2	NP_189555.2	https://www.ncbi.nlm.nih.gov/protein/NP_189555.2																																															NP_189555.2	NM_113834.2	https://www.ncbi.nlm.nih.gov/protein/NP_189555.2	https://www.ncbi.nlm.nih.gov/nucleotide/NM_113834.2																																								
Q9LVY2	AB018112	https://www.ebi.ac.uk/ena/browser/view/AB018112	CP002688	https://www.ebi.ac.uk/ena/browser/view/CP002688																																																							BAA96890.1	https://www.ebi.ac.uk/ena/browser/view/BAA96890.1	AED94049.1	https://www.ebi.ac.uk/ena/browser/view/AED94049.1	ANM70931.1	https://www.ebi.ac.uk/ena/browser/view/ANM70931.1	NP_001318680.1	https://www.ncbi.nlm.nih.gov/protein/NP_001318680.1	NP_198464.4	https://www.ncbi.nlm.nih.gov/protein/NP_198464.4																																											NP_001318680.1	NM_001344127.1	https://www.ncbi.nlm.nih.gov/protein/NP_001318680.1	https://www.ncbi.nlm.nih.gov/nucleotide/NM_001344127.1	NP_198464.4	NM_123006.4	https://www.ncbi.nlm.nih.gov/protein/NP_198464.4	https://www.ncbi.nlm.nih.gov/nucleotide/NM_123006.4																																				
Q9M7D0																													AF139206	https://www.ebi.ac.uk/ena/browser/view/AF139206																													AAF61454.1	https://www.ebi.ac.uk/ena/browser/view/AAF61454.1																																																																																														
Q9M7D1																													AF139205	https://www.ebi.ac.uk/ena/browser/view/AF139205																													AAF61453.1	https://www.ebi.ac.uk/ena/browser/view/AAF61453.1																																																																																														
Q9MB42																													AB037203	https://www.ebi.ac.uk/ena/browser/view/AB037203																													BAA89815.1	https://www.ebi.ac.uk/ena/browser/view/BAA89815.1																																																																																														
Q9SLP9																													AB033334	https://www.ebi.ac.uk/ena/browser/view/AB033334																													BAA85266.1	https://www.ebi.ac.uk/ena/browser/view/BAA85266.1																																																																																														
Q9SXV6																													AB025968	https://www.ebi.ac.uk/ena/browser/view/AB025968																													BAA76902.1	https://www.ebi.ac.uk/ena/browser/view/BAA76902.1																																																																																														
Q9XJ32																													AB022598	https://www.ebi.ac.uk/ena/browser/view/AB022598																													BAA82092.1	https://www.ebi.ac.uk/ena/browser/view/BAA82092.1																																																																																														
Q9Y753	AF092497	https://www.ebi.ac.uk/ena/browser/view/AF092497	CR382127	https://www.ebi.ac.uk/ena/browser/view/CR382127																																																							AAD22408.1	https://www.ebi.ac.uk/ena/browser/view/AAD22408.1	CAG83856.1	https://www.ebi.ac.uk/ena/browser/view/CAG83856.1	XP_499929.1	https://www.ncbi.nlm.nih.gov/protein/XP_499929.1																																															XP_499929.1	XM_499929.1	https://www.ncbi.nlm.nih.gov/protein/XP_499929.1	https://www.ncbi.nlm.nih.gov/nucleotide/XM_499929.1																																								
R4YVJ8																													HE985295	https://www.ebi.ac.uk/ena/browser/view/HE985295																													CCM43930.1	https://www.ebi.ac.uk/ena/browser/view/CCM43930.1																																																																																														
R9QMR2																													JQ240296	https://www.ebi.ac.uk/ena/browser/view/JQ240296																													AFU73848.1	https://www.ebi.ac.uk/ena/browser/view/AFU73848.1																																																																																														
R9QMW6																													JQ240297	https://www.ebi.ac.uk/ena/browser/view/JQ240297																													AFU73849.1	https://www.ebi.ac.uk/ena/browser/view/AFU73849.1																																																																																														
R9QMY7																													JQ240294	https://www.ebi.ac.uk/ena/browser/view/JQ240294																													AFU73846.1	https://www.ebi.ac.uk/ena/browser/view/AFU73846.1																																																																																														
S0DX56	HF679024	https://www.ebi.ac.uk/ena/browser/view/HF679024																																																									CCT65043.1	https://www.ebi.ac.uk/ena/browser/view/CCT65043.1																																																																																														
S0EGZ9	HF679032	https://www.ebi.ac.uk/ena/browser/view/HF679032																																																									CCT74306.1	https://www.ebi.ac.uk/ena/browser/view/CCT74306.1																																																																																														
U3KYL2																													JQ437841	https://www.ebi.ac.uk/ena/browser/view/JQ437841																													AFR42419.1	https://www.ebi.ac.uk/ena/browser/view/AFR42419.1																																																																																														
U3LVZ7																													JX401283	https://www.ebi.ac.uk/ena/browser/view/JX401283																													AGL98419.1	https://www.ebi.ac.uk/ena/browser/view/AGL98419.1																																																																																														
V6RPN0	HG970335	https://www.ebi.ac.uk/ena/browser/view/HG970335																																																									CEF84732.1	https://www.ebi.ac.uk/ena/browser/view/CEF84732.1	XP_011328364.1	https://www.ncbi.nlm.nih.gov/protein/XP_011328364.1																																																	XP_011328364.1	XM_011330062.1	https://www.ncbi.nlm.nih.gov/protein/XP_011328364.1	https://www.ncbi.nlm.nih.gov/nucleotide/XM_011330062.1																																								
W0FFD7																													KC754968	https://www.ebi.ac.uk/ena/browser/view/KC754968																													AHF22834.1	https://www.ebi.ac.uk/ena/browser/view/AHF22834.1																																																																																														
W4JX79	KI925462	https://www.ebi.ac.uk/ena/browser/view/KI925462																																																									ETW78167.1	https://www.ebi.ac.uk/ena/browser/view/ETW78167.1	XP_009550163.1	https://www.ncbi.nlm.nih.gov/protein/XP_009550163.1																																																	XP_009550163.1	XM_009551868.1	https://www.ncbi.nlm.nih.gov/protein/XP_009550163.1	https://www.ncbi.nlm.nih.gov/nucleotide/XM_009551868.1																																								
W6Q9B3	HG792016	https://www.ebi.ac.uk/ena/browser/view/HG792016																																																									CDM33000.1	https://www.ebi.ac.uk/ena/browser/view/CDM33000.1																																																																																														
W8X5L3	HG916765	https://www.ebi.ac.uk/ena/browser/view/HG916765																																																									CDM25286.1	https://www.ebi.ac.uk/ena/browser/view/CDM25286.1	WP_242404200.1	https://www.ncbi.nlm.nih.gov/protein/WP_242404200.1																																																	WP_242404200.1	NZ_HG916765.1	https://www.ncbi.nlm.nih.gov/protein/WP_242404200.1	https://www.ncbi.nlm.nih.gov/nucleotide/NZ_HG916765.1																																								
A0A084R1I1	KL659308	https://www.ebi.ac.uk/ena/browser/view/KL659308																																																									KFA70066.1	https://www.ebi.ac.uk/ena/browser/view/KFA70066.1																																																																																														
A0A084R1I4	KL659308	https://www.ebi.ac.uk/ena/browser/view/KL659308																																																									KFA70069.1	https://www.ebi.ac.uk/ena/browser/view/KFA70069.1																																																																																														
A0A084R1J7	KL659308	https://www.ebi.ac.uk/ena/browser/view/KL659308																																																									KFA70082.1	https://www.ebi.ac.uk/ena/browser/view/KFA70082.1																																																																																														
A0A084R1K1	KL659308	https://www.ebi.ac.uk/ena/browser/view/KL659308																																																									KFA70086.1	https://www.ebi.ac.uk/ena/browser/view/KFA70086.1																																																																																														
A0A084R1K2	KL659308	https://www.ebi.ac.uk/ena/browser/view/KL659308																																																									KFA70087.1	https://www.ebi.ac.uk/ena/browser/view/KFA70087.1																																																																																														
A0A084R1K6	KL659308	https://www.ebi.ac.uk/ena/browser/view/KL659308																																																									KFA70091.1	https://www.ebi.ac.uk/ena/browser/view/KFA70091.1																																																																																														
A0A084R1K7	KL659308	https://www.ebi.ac.uk/ena/browser/view/KL659308																																																									KFA70092.1	https://www.ebi.ac.uk/ena/browser/view/KFA70092.1																																																																																														
A0A084R1N2	KL659308	https://www.ebi.ac.uk/ena/browser/view/KL659308																																																									KFA70117.1	https://www.ebi.ac.uk/ena/browser/view/KFA70117.1																																																																																														
A0A084R1N8	KL659308	https://www.ebi.ac.uk/ena/browser/view/KL659308																																																									KFA70123.1	https://www.ebi.ac.uk/ena/browser/view/KFA70123.1																																																																																														
A0A097ZPD8	AB981314	https://www.ebi.ac.uk/ena/browser/view/AB981314																																																									BAP81856.1	https://www.ebi.ac.uk/ena/browser/view/BAP81856.1																																																																																														
A0A097ZPE2	AB981314	https://www.ebi.ac.uk/ena/browser/view/AB981314																																																									BAP81861.1	https://www.ebi.ac.uk/ena/browser/view/BAP81861.1																																																																																														
A0A097ZPE6	AB981314	https://www.ebi.ac.uk/ena/browser/view/AB981314																																																									BAP81866.1	https://www.ebi.ac.uk/ena/browser/view/BAP81866.1																																																																																														
A0A0B4EB91	AZNF01000028	https://www.ebi.ac.uk/ena/browser/view/AZNF01000028																																																									KID59485.1	https://www.ebi.ac.uk/ena/browser/view/KID59485.1																																																																																														
A0A0B4G504	AZNG01000003	https://www.ebi.ac.uk/ena/browser/view/AZNG01000003																																																									KID77563.1	https://www.ebi.ac.uk/ena/browser/view/KID77563.1																																																																																														
A0A0E3D8L0	KC963408	https://www.ebi.ac.uk/ena/browser/view/KC963408																																																									AGZ20193.1	https://www.ebi.ac.uk/ena/browser/view/AGZ20193.1																																																																																														
A0A0E3D8M2	KC963408	https://www.ebi.ac.uk/ena/browser/view/KC963408																																																									AGZ20190.1	https://www.ebi.ac.uk/ena/browser/view/AGZ20190.1																																																																																														
A0A0E3D8M3	KF280651	https://www.ebi.ac.uk/ena/browser/view/KF280651																																																									AGZ20473.1	https://www.ebi.ac.uk/ena/browser/view/AGZ20473.1																																																																																														
A0A0E3D8M4	KC963408	https://www.ebi.ac.uk/ena/browser/view/KC963408																																																									AGZ20195.1	https://www.ebi.ac.uk/ena/browser/view/AGZ20195.1																																																																																														
A0A0E3D8N0	KF280651	https://www.ebi.ac.uk/ena/browser/view/KF280651																																																									AGZ20488.1	https://www.ebi.ac.uk/ena/browser/view/AGZ20488.1																																																																																														
A0A0E3D8N4	KC963408	https://www.ebi.ac.uk/ena/browser/view/KC963408																																																									AGZ20194.1	https://www.ebi.ac.uk/ena/browser/view/AGZ20194.1																																																																																														
A0A0E3D8N6	KC963408	https://www.ebi.ac.uk/ena/browser/view/KC963408																																																									AGZ20199.1	https://www.ebi.ac.uk/ena/browser/view/AGZ20199.1																																																																																														
A0A0E3D8P9	KC963408	https://www.ebi.ac.uk/ena/browser/view/KC963408																																																									AGZ20197.1	https://www.ebi.ac.uk/ena/browser/view/AGZ20197.1																																																																																														
A0A0E3D8Q1	KC963408	https://www.ebi.ac.uk/ena/browser/view/KC963408																																																									AGZ20202.1	https://www.ebi.ac.uk/ena/browser/view/AGZ20202.1																																																																																														
A0A0E3D8Q2	KF280651	https://www.ebi.ac.uk/ena/browser/view/KF280651																																																									AGZ20474.1	https://www.ebi.ac.uk/ena/browser/view/AGZ20474.1																																																																																														
A0A0F7TN06	CDHK01000006	https://www.ebi.ac.uk/ena/browser/view/CDHK01000006																																																									CEJ58138.1	https://www.ebi.ac.uk/ena/browser/view/CEJ58138.1																																																																																														
A0A0F7TN65	CDHK01000006	https://www.ebi.ac.uk/ena/browser/view/CDHK01000006																											MH277564	https://www.ebi.ac.uk/ena/browser/view/MH277564																													AYP72772.1	https://www.ebi.ac.uk/ena/browser/view/AYP72772.1	CEJ58144.1	https://www.ebi.ac.uk/ena/browser/view/CEJ58144.1																																																																																												
A0A0F7TN69	CDHK01000006	https://www.ebi.ac.uk/ena/browser/view/CDHK01000006																																																									CEJ58149.1	https://www.ebi.ac.uk/ena/browser/view/CEJ58149.1																																																																																														
A0A0F7TRU0	CDHK01000006	https://www.ebi.ac.uk/ena/browser/view/CDHK01000006																																																									CEJ58140.1	https://www.ebi.ac.uk/ena/browser/view/CEJ58140.1																																																																																														
A0A0F7TSZ1	CDHK01000006	https://www.ebi.ac.uk/ena/browser/view/CDHK01000006																																																									CEJ58142.1	https://www.ebi.ac.uk/ena/browser/view/CEJ58142.1																																																																																														
A0A0F7TZE0	CDHK01000010	https://www.ebi.ac.uk/ena/browser/view/CDHK01000010																																																									CEJ61316.1	https://www.ebi.ac.uk/ena/browser/view/CEJ61316.1																																																																																														
A0A0H5BB10	LC064028	https://www.ebi.ac.uk/ena/browser/view/LC064028																																																									BAR97451.1	https://www.ebi.ac.uk/ena/browser/view/BAR97451.1																																																																																														
A0A0H5BN57	LC064028	https://www.ebi.ac.uk/ena/browser/view/LC064028																																																									BAR97453.1	https://www.ebi.ac.uk/ena/browser/view/BAR97453.1																																																																																														
A0A0M4KRN2	KT581577	https://www.ebi.ac.uk/ena/browser/view/KT581577																																																									ALD83630.1	https://www.ebi.ac.uk/ena/browser/view/ALD83630.1																																																																																														
A0A0M8MV11	LGSR01000019	https://www.ebi.ac.uk/ena/browser/view/LGSR01000019																																																									KOS19956.1	https://www.ebi.ac.uk/ena/browser/view/KOS19956.1																																																																																														
A0A0M8MZA1	BK010418	https://www.ebi.ac.uk/ena/browser/view/BK010418	LGSR01000019	https://www.ebi.ac.uk/ena/browser/view/LGSR01000019																																																							DAB41648.1	https://www.ebi.ac.uk/ena/browser/view/DAB41648.1	KOS19887.1	https://www.ebi.ac.uk/ena/browser/view/KOS19887.1																																																																																												
A0A0N0DCA4	JXCE01000338	https://www.ebi.ac.uk/ena/browser/view/JXCE01000338																																																									KPA37945.1	https://www.ebi.ac.uk/ena/browser/view/KPA37945.1																																																																																														
A0A0U5GHC1	CDMC01000024	https://www.ebi.ac.uk/ena/browser/view/CDMC01000024																																																									CEL11254.1	https://www.ebi.ac.uk/ena/browser/view/CEL11254.1																																																																																														
A0A0U5GHH9	CDMC01000024	https://www.ebi.ac.uk/ena/browser/view/CDMC01000024																																																									CEL11267.1	https://www.ebi.ac.uk/ena/browser/view/CEL11267.1																																																																																														
A0A0U5GJY1	CDMC01000024	https://www.ebi.ac.uk/ena/browser/view/CDMC01000024																																																									CEL11256.1	https://www.ebi.ac.uk/ena/browser/view/CEL11256.1																																																																																														
A0A0U5GMR5	CDMC01000024	https://www.ebi.ac.uk/ena/browser/view/CDMC01000024																																																									CEL11263.1	https://www.ebi.ac.uk/ena/browser/view/CEL11263.1																																																																																														
A0A0U5HAP0	CDMC01000024	https://www.ebi.ac.uk/ena/browser/view/CDMC01000024																																																									CEL11252.1	https://www.ebi.ac.uk/ena/browser/view/CEL11252.1																																																																																														
A0A140JWS4	LC027936	https://www.ebi.ac.uk/ena/browser/view/LC027936																																																									BAU61551.1	https://www.ebi.ac.uk/ena/browser/view/BAU61551.1																																																																																														
A0A140JWS6	LC027936	https://www.ebi.ac.uk/ena/browser/view/LC027936																																																									BAU61553.1	https://www.ebi.ac.uk/ena/browser/view/BAU61553.1																																																																																														
A0A140JWS7	LC027936	https://www.ebi.ac.uk/ena/browser/view/LC027936																																																									BAU61554.1	https://www.ebi.ac.uk/ena/browser/view/BAU61554.1																																																																																														
A0A140JWS8	LC027936	https://www.ebi.ac.uk/ena/browser/view/LC027936																																																									BAU61555.1	https://www.ebi.ac.uk/ena/browser/view/BAU61555.1																																																																																														
A0A140JWS9	LC027936	https://www.ebi.ac.uk/ena/browser/view/LC027936																																																									BAU61556.1	https://www.ebi.ac.uk/ena/browser/view/BAU61556.1																																																																																														
A0A140JWT2	LC027936	https://www.ebi.ac.uk/ena/browser/view/LC027936																																																									BAU61559.1	https://www.ebi.ac.uk/ena/browser/view/BAU61559.1																																																																																														
A0A140JWT7	LC027937	https://www.ebi.ac.uk/ena/browser/view/LC027937																																																									BAU61564.1	https://www.ebi.ac.uk/ena/browser/view/BAU61564.1																																																																																														
A0A140JWU0	LC027937	https://www.ebi.ac.uk/ena/browser/view/LC027937																																																									BAU61567.1	https://www.ebi.ac.uk/ena/browser/view/BAU61567.1																																																																																														
A0A151ZEA6	LODT01000031	https://www.ebi.ac.uk/ena/browser/view/LODT01000031																											MG262461	https://www.ebi.ac.uk/ena/browser/view/MG262461																													AXN72969.1	https://www.ebi.ac.uk/ena/browser/view/AXN72969.1	KYQ92249.1	https://www.ebi.ac.uk/ena/browser/view/KYQ92249.1																																																																																												
A0A1E1FFM9	LC127182	https://www.ebi.ac.uk/ena/browser/view/LC127182																																																									BAV69309.1	https://www.ebi.ac.uk/ena/browser/view/BAV69309.1																																																																																														
A0A1E1FFN5	LC127182	https://www.ebi.ac.uk/ena/browser/view/LC127182																																																									BAV69314.1	https://www.ebi.ac.uk/ena/browser/view/BAV69314.1																																																																																														
A0A1U8QLK0	BN001308	https://www.ebi.ac.uk/ena/browser/view/BN001308	AACD01000172	https://www.ebi.ac.uk/ena/browser/view/AACD01000172																																																							CBF87247.1	https://www.ebi.ac.uk/ena/browser/view/CBF87247.1	EAA66317.1	https://www.ebi.ac.uk/ena/browser/view/EAA66317.1	XP_682519.1	https://www.ncbi.nlm.nih.gov/protein/XP_682519.1																																															XP_682519.1	XM_677427.1	https://www.ncbi.nlm.nih.gov/protein/XP_682519.1	https://www.ncbi.nlm.nih.gov/nucleotide/XM_677427.1																																								
A0A1U8QW16	BN001307	https://www.ebi.ac.uk/ena/browser/view/BN001307	AACD01000028	https://www.ebi.ac.uk/ena/browser/view/AACD01000028																																																							CBF85557.1	https://www.ebi.ac.uk/ena/browser/view/CBF85557.1	EAA63961.1	https://www.ebi.ac.uk/ena/browser/view/EAA63961.1	XP_659389.1	https://www.ncbi.nlm.nih.gov/protein/XP_659389.1																																															XP_659389.1	XM_654297.1	https://www.ncbi.nlm.nih.gov/protein/XP_659389.1	https://www.ncbi.nlm.nih.gov/nucleotide/XM_654297.1																																								
A0A1X9IRT6																													KU180501	https://www.ebi.ac.uk/ena/browser/view/KU180501	KY661363	https://www.ebi.ac.uk/ena/browser/view/KY661363																											APJ36373.1	https://www.ebi.ac.uk/ena/browser/view/APJ36373.1	ARO38146.1	https://www.ebi.ac.uk/ena/browser/view/ARO38146.1																																																																																												
A0A291SJC7	CP023992	https://www.ebi.ac.uk/ena/browser/view/CP023992	CP029823	https://www.ebi.ac.uk/ena/browser/view/CP029823																																																							ATL80951.1	https://www.ebi.ac.uk/ena/browser/view/ATL80951.1	QDL74490.1	https://www.ebi.ac.uk/ena/browser/view/QDL74490.1	WP_099012731.1	https://www.ncbi.nlm.nih.gov/protein/WP_099012731.1																																															WP_099012731.1	NZ_CP023992.1	https://www.ncbi.nlm.nih.gov/protein/WP_099012731.1	https://www.ncbi.nlm.nih.gov/nucleotide/NZ_CP023992.1																																								
A0A2I6PIZ1	MG182145	https://www.ebi.ac.uk/ena/browser/view/MG182145																																																									AUM60050.1	https://www.ebi.ac.uk/ena/browser/view/AUM60050.1																																																																																														
A0A2I6PIZ6	MG182145	https://www.ebi.ac.uk/ena/browser/view/MG182145																																																									AUM60055.1	https://www.ebi.ac.uk/ena/browser/view/AUM60055.1																																																																																														
A0A2I6PIZ7	MG182145	https://www.ebi.ac.uk/ena/browser/view/MG182145																																																									AUM60056.1	https://www.ebi.ac.uk/ena/browser/view/AUM60056.1																																																																																														
A0A2I6PJ02	MG182145	https://www.ebi.ac.uk/ena/browser/view/MG182145																																																									AUM60052.1	https://www.ebi.ac.uk/ena/browser/view/AUM60052.1																																																																																														
A0A2P1DP82	MF990003	https://www.ebi.ac.uk/ena/browser/view/MF990003	MH388470	https://www.ebi.ac.uk/ena/browser/view/MH388470																																																							AVK70104.1	https://www.ebi.ac.uk/ena/browser/view/AVK70104.1	QBC75444.1	https://www.ebi.ac.uk/ena/browser/view/QBC75444.1																																																																																												
A0A2U8U2L2	MG736817	https://www.ebi.ac.uk/ena/browser/view/MG736817																																																									AWM95788.1	https://www.ebi.ac.uk/ena/browser/view/AWM95788.1																																																																																														
A0A2Z4HPZ8	MF611891	https://www.ebi.ac.uk/ena/browser/view/MF611891																																																									AWW17219.1	https://www.ebi.ac.uk/ena/browser/view/AWW17219.1																																																																																														
A0A2Z6E8J6	LC380446	https://www.ebi.ac.uk/ena/browser/view/LC380446																																																									BBD84643.1	https://www.ebi.ac.uk/ena/browser/view/BBD84643.1																																																																																														
A0A2Z6E917	LC380446	https://www.ebi.ac.uk/ena/browser/view/LC380446																																																									BBD84644.1	https://www.ebi.ac.uk/ena/browser/view/BBD84644.1																																																																																														
A0A348B793																													LC378439	https://www.ebi.ac.uk/ena/browser/view/LC378439																													BBD74531.1	https://www.ebi.ac.uk/ena/browser/view/BBD74531.1																																																																																														
A0A348B794																													LC378440	https://www.ebi.ac.uk/ena/browser/view/LC378440																													BBD74532.1	https://www.ebi.ac.uk/ena/browser/view/BBD74532.1																																																																																														
A0A385AJM2																													MG262459	https://www.ebi.ac.uk/ena/browser/view/MG262459																													AXN72967.1	https://www.ebi.ac.uk/ena/browser/view/AXN72967.1																																																																																														
A0A385AJM4																													MG262474	https://www.ebi.ac.uk/ena/browser/view/MG262474																													AXN72982.1	https://www.ebi.ac.uk/ena/browser/view/AXN72982.1																																																																																														
A0A385AJM5	GL871117	https://www.ebi.ac.uk/ena/browser/view/GL871117																											MG262471	https://www.ebi.ac.uk/ena/browser/view/MG262471																													AXN72979.1	https://www.ebi.ac.uk/ena/browser/view/AXN72979.1	EGC34004.1	https://www.ebi.ac.uk/ena/browser/view/EGC34004.1	XP_003289490.1	https://www.ncbi.nlm.nih.gov/protein/XP_003289490.1																																															XP_003289490.1	XM_003289442.1	https://www.ncbi.nlm.nih.gov/protein/XP_003289490.1	https://www.ncbi.nlm.nih.gov/nucleotide/XM_003289442.1																																								
A0A3T0ZHJ5	LC422695	https://www.ebi.ac.uk/ena/browser/view/LC422695																																																									BBG28477.1	https://www.ebi.ac.uk/ena/browser/view/BBG28477.1																																																																																														
A0A5Q0QMX6	MN146033	https://www.ebi.ac.uk/ena/browser/view/MN146033																																																									QGA30886.1	https://www.ebi.ac.uk/ena/browser/view/QGA30886.1																																																																																														
A0A6A6H2E0	ML991817	https://www.ebi.ac.uk/ena/browser/view/ML991817																																																									KAF2232254.1	https://www.ebi.ac.uk/ena/browser/view/KAF2232254.1																																																																																														
A0A7J6FUX2	JAATIP010000284	https://www.ebi.ac.uk/ena/browser/view/JAATIP010000284	JAATIQ010000167	https://www.ebi.ac.uk/ena/browser/view/JAATIQ010000167	UZAU01000626	https://www.ebi.ac.uk/ena/browser/view/UZAU01000626																							KY014583	https://www.ebi.ac.uk/ena/browser/view/KY014583																													KAF4354180.1	https://www.ebi.ac.uk/ena/browser/view/KAF4354180.1	KAF4374564.1	https://www.ebi.ac.uk/ena/browser/view/KAF4374564.1	ARE72278.1	https://www.ebi.ac.uk/ena/browser/view/ARE72278.1																																																																																										
A0A8D5M7T9	LC600199	https://www.ebi.ac.uk/ena/browser/view/LC600199																																																									BCP96886.1	https://www.ebi.ac.uk/ena/browser/view/BCP96886.1																																																																																														
A0AAD9S265	JAUJFL010000011	https://www.ebi.ac.uk/ena/browser/view/JAUJFL010000011																																																									KAK2596368.1	https://www.ebi.ac.uk/ena/browser/view/KAK2596368.1																																																																																														
A1CVK0	DS027685	https://www.ebi.ac.uk/ena/browser/view/DS027685																																																									EAW24652.1	https://www.ebi.ac.uk/ena/browser/view/EAW24652.1																																																																																														
A3KI17	AM238663	https://www.ebi.ac.uk/ena/browser/view/AM238663	CP012382	https://www.ebi.ac.uk/ena/browser/view/CP012382																																																							CAJ89344.1	https://www.ebi.ac.uk/ena/browser/view/CAJ89344.1	AKZ53458.1	https://www.ebi.ac.uk/ena/browser/view/AKZ53458.1	WP_053126184.1	https://www.ncbi.nlm.nih.gov/protein/WP_053126184.1																																															WP_053126184.1	NZ_CP012382.1	https://www.ncbi.nlm.nih.gov/protein/WP_053126184.1	https://www.ncbi.nlm.nih.gov/nucleotide/NZ_CP012382.1																																								
A3KI18	AM238663	https://www.ebi.ac.uk/ena/browser/view/AM238663	CP012382	https://www.ebi.ac.uk/ena/browser/view/CP012382																																																							CAJ89345.1	https://www.ebi.ac.uk/ena/browser/view/CAJ89345.1	AKZ53459.1	https://www.ebi.ac.uk/ena/browser/view/AKZ53459.1	WP_053126187.1	https://www.ncbi.nlm.nih.gov/protein/WP_053126187.1																																															WP_053126187.1	NZ_CP012382.1	https://www.ncbi.nlm.nih.gov/protein/WP_053126187.1	https://www.ncbi.nlm.nih.gov/nucleotide/NZ_CP012382.1																																								
A4FG18	AM420293	https://www.ebi.ac.uk/ena/browser/view/AM420293																																																									CAM02993.1	https://www.ebi.ac.uk/ena/browser/view/CAM02993.1	WP_009948569.1	https://www.ncbi.nlm.nih.gov/protein/WP_009948569.1																																																	WP_009948569.1	NC_009142.1	https://www.ncbi.nlm.nih.gov/protein/WP_009948569.1	https://www.ncbi.nlm.nih.gov/nucleotide/NC_009142.1																																								
A4FG19	AM420293	https://www.ebi.ac.uk/ena/browser/view/AM420293																																																									CAM02994.1	https://www.ebi.ac.uk/ena/browser/view/CAM02994.1	WP_011874125.1	https://www.ncbi.nlm.nih.gov/protein/WP_011874125.1																																																	WP_011874125.1	NC_009142.1	https://www.ncbi.nlm.nih.gov/protein/WP_011874125.1	https://www.ncbi.nlm.nih.gov/nucleotide/NC_009142.1																																								
A9GK58	AM746676	https://www.ebi.ac.uk/ena/browser/view/AM746676																																																									CAN96536.1	https://www.ebi.ac.uk/ena/browser/view/CAN96536.1																																																																																														
A9JPE3	AM921700	https://www.ebi.ac.uk/ena/browser/view/AM921700																																																									CAP53939.1	https://www.ebi.ac.uk/ena/browser/view/CAP53939.1																																																																																														
A9JPE4	AM921700	https://www.ebi.ac.uk/ena/browser/view/AM921700																																																									CAP53940.1	https://www.ebi.ac.uk/ena/browser/view/CAP53940.1																																																																																														
B0Y5B4	DS499598	https://www.ebi.ac.uk/ena/browser/view/DS499598																																																									EDP50863.1	https://www.ebi.ac.uk/ena/browser/view/EDP50863.1																																																																																														
B3Y522																													AB429303	https://www.ebi.ac.uk/ena/browser/view/AB429303																													BAG68223.1	https://www.ebi.ac.uk/ena/browser/view/BAG68223.1																																																																																														
B5GRC8	DS570635	https://www.ebi.ac.uk/ena/browser/view/DS570635	CM000914	https://www.ebi.ac.uk/ena/browser/view/CM000914																																																							EDY48874.1	https://www.ebi.ac.uk/ena/browser/view/EDY48874.1	EFG03981.2	https://www.ebi.ac.uk/ena/browser/view/EFG03981.2	WP_003954347.1	https://www.ncbi.nlm.nih.gov/protein/WP_003954347.1																																															WP_003954347.1	NZ_CM000914.1	https://www.ncbi.nlm.nih.gov/protein/WP_003954347.1	https://www.ncbi.nlm.nih.gov/nucleotide/NZ_CM000914.1																																								
B5GS26	CM000914	https://www.ebi.ac.uk/ena/browser/view/CM000914	DS570637	https://www.ebi.ac.uk/ena/browser/view/DS570637																																																							EFG03819.2	https://www.ebi.ac.uk/ena/browser/view/EFG03819.2	EDY49122.1	https://www.ebi.ac.uk/ena/browser/view/EDY49122.1	WP_003954606.1	https://www.ncbi.nlm.nih.gov/protein/WP_003954606.1																																															WP_003954606.1	NZ_CM000914.1	https://www.ncbi.nlm.nih.gov/protein/WP_003954606.1	https://www.ncbi.nlm.nih.gov/nucleotide/NZ_CM000914.1																																								
B6HV33	AM920437	https://www.ebi.ac.uk/ena/browser/view/AM920437																																																									CAP99574.1	https://www.ebi.ac.uk/ena/browser/view/CAP99574.1	XP_002566180.1	https://www.ncbi.nlm.nih.gov/protein/XP_002566180.1																																																	XP_002566180.1	XM_002566134.1	https://www.ncbi.nlm.nih.gov/protein/XP_002566180.1	https://www.ncbi.nlm.nih.gov/nucleotide/XM_002566134.1																																								
B9RHP7	EQ973780	https://www.ebi.ac.uk/ena/browser/view/EQ973780																																																									EEF49134.1	https://www.ebi.ac.uk/ena/browser/view/EEF49134.1																																																																																														
B9RHX7	EQ973781	https://www.ebi.ac.uk/ena/browser/view/EQ973781																																																									EEF48749.1	https://www.ebi.ac.uk/ena/browser/view/EEF48749.1																																																																																														
B9RI00	EQ973781	https://www.ebi.ac.uk/ena/browser/view/EQ973781																																																									EEF48772.1	https://www.ebi.ac.uk/ena/browser/view/EEF48772.1																																																																																														
B9RPM3	EQ973796	https://www.ebi.ac.uk/ena/browser/view/EQ973796																																																									EEF46639.1	https://www.ebi.ac.uk/ena/browser/view/EEF46639.1																																																																																														
B9RXW4	EQ973828	https://www.ebi.ac.uk/ena/browser/view/EQ973828																																																									EEF43970.1	https://www.ebi.ac.uk/ena/browser/view/EEF43970.1																																																																																														
B9S1N2	EQ973844	https://www.ebi.ac.uk/ena/browser/view/EQ973844																																																									EEF42501.1	https://www.ebi.ac.uk/ena/browser/view/EEF42501.1																																																																																														
B9SBV6	EQ973917	https://www.ebi.ac.uk/ena/browser/view/EQ973917																																																									EEF38934.1	https://www.ebi.ac.uk/ena/browser/view/EEF38934.1																																																																																														
B9SCB6	EQ973920	https://www.ebi.ac.uk/ena/browser/view/EQ973920																																																									EEF38721.1	https://www.ebi.ac.uk/ena/browser/view/EEF38721.1																																																																																														
B9T825	EQ974896	https://www.ebi.ac.uk/ena/browser/view/EQ974896																																																									EEF27987.1	https://www.ebi.ac.uk/ena/browser/view/EEF27987.1																																																																																														
C9K1X7	AB448947	https://www.ebi.ac.uk/ena/browser/view/AB448947																																																									BAI44340.1	https://www.ebi.ac.uk/ena/browser/view/BAI44340.1																																																																																														
D2E9W6	FJ977165	https://www.ebi.ac.uk/ena/browser/view/FJ977165																																																									ACZ57550.1	https://www.ebi.ac.uk/ena/browser/view/ACZ57550.1																																																																																														
D7UTD0																													AB570429	https://www.ebi.ac.uk/ena/browser/view/AB570429																													BAJ10702.1	https://www.ebi.ac.uk/ena/browser/view/BAJ10702.1																																																																																														
D8S255	GL377599	https://www.ebi.ac.uk/ena/browser/view/GL377599																											JX413789	https://www.ebi.ac.uk/ena/browser/view/JX413789																													AFR34009.1	https://www.ebi.ac.uk/ena/browser/view/AFR34009.1	EFJ21571.1	https://www.ebi.ac.uk/ena/browser/view/EFJ21571.1																																																																																												
E3W205	JF746813	https://www.ebi.ac.uk/ena/browser/view/JF746813																											HQ343279	https://www.ebi.ac.uk/ena/browser/view/HQ343279																													ADO87003.1	https://www.ebi.ac.uk/ena/browser/view/ADO87003.1	AEF32531.1	https://www.ebi.ac.uk/ena/browser/view/AEF32531.1																																																																																												
E3W206																													HQ343280	https://www.ebi.ac.uk/ena/browser/view/HQ343280																													ADO87004.1	https://www.ebi.ac.uk/ena/browser/view/ADO87004.1																																																																																														
E3W207																													HQ343281	https://www.ebi.ac.uk/ena/browser/view/HQ343281																													ADO87005.1	https://www.ebi.ac.uk/ena/browser/view/ADO87005.1																																																																																														
E3W208																													HQ343282	https://www.ebi.ac.uk/ena/browser/view/HQ343282																													ADO87006.1	https://www.ebi.ac.uk/ena/browser/view/ADO87006.1																																																																																														
E4V6I8	DS989831	https://www.ebi.ac.uk/ena/browser/view/DS989831																																																									EFQ96704.1	https://www.ebi.ac.uk/ena/browser/view/EFQ96704.1	XP_003169081.1	https://www.ncbi.nlm.nih.gov/protein/XP_003169081.1																																																	XP_003169081.1	XM_003169033.1	https://www.ncbi.nlm.nih.gov/protein/XP_003169081.1	https://www.ncbi.nlm.nih.gov/nucleotide/XM_003169033.1																																								
E9F8R9	ADNJ02000004	https://www.ebi.ac.uk/ena/browser/view/ADNJ02000004																																																									EFY95860.1	https://www.ebi.ac.uk/ena/browser/view/EFY95860.1	XP_007824857.1	https://www.ncbi.nlm.nih.gov/protein/XP_007824857.1																																																	XP_007824857.1	XM_007826666.1	https://www.ncbi.nlm.nih.gov/protein/XP_007824857.1	https://www.ncbi.nlm.nih.gov/nucleotide/XM_007826666.1																																								
F0ZHE2	GL871020	https://www.ebi.ac.uk/ena/browser/view/GL871020																											MG262469	https://www.ebi.ac.uk/ena/browser/view/MG262469																													AXN72977.1	https://www.ebi.ac.uk/ena/browser/view/AXN72977.1	EGC36655.1	https://www.ebi.ac.uk/ena/browser/view/EGC36655.1	XP_003286823.1	https://www.ncbi.nlm.nih.gov/protein/XP_003286823.1																																															XP_003286823.1	XM_003286775.1	https://www.ncbi.nlm.nih.gov/protein/XP_003286823.1	https://www.ncbi.nlm.nih.gov/nucleotide/XM_003286775.1																																								
F0ZK52	GL871052	https://www.ebi.ac.uk/ena/browser/view/GL871052																											MG262470	https://www.ebi.ac.uk/ena/browser/view/MG262470																													AXN72978.1	https://www.ebi.ac.uk/ena/browser/view/AXN72978.1	EGC35663.1	https://www.ebi.ac.uk/ena/browser/view/EGC35663.1	XP_003287796.1	https://www.ncbi.nlm.nih.gov/protein/XP_003287796.1																																															XP_003287796.1	XM_003287748.1	https://www.ncbi.nlm.nih.gov/protein/XP_003287796.1	https://www.ncbi.nlm.nih.gov/nucleotide/XM_003287748.1																																								
F0ZPL2	GL871111	https://www.ebi.ac.uk/ena/browser/view/GL871111																											MG262464	https://www.ebi.ac.uk/ena/browser/view/MG262464																													AXN72972.1	https://www.ebi.ac.uk/ena/browser/view/AXN72972.1	EGC34105.1	https://www.ebi.ac.uk/ena/browser/view/EGC34105.1	XP_003289351.1	https://www.ncbi.nlm.nih.gov/protein/XP_003289351.1																																															XP_003289351.1	XM_003289303.1	https://www.ncbi.nlm.nih.gov/protein/XP_003289351.1	https://www.ncbi.nlm.nih.gov/nucleotide/XM_003289303.1																																								
F1A1D4	GL871369	https://www.ebi.ac.uk/ena/browser/view/GL871369																											MG262465	https://www.ebi.ac.uk/ena/browser/view/MG262465																													AXN72973.1	https://www.ebi.ac.uk/ena/browser/view/AXN72973.1	EGC29992.1	https://www.ebi.ac.uk/ena/browser/view/EGC29992.1	XP_003293476.1	https://www.ncbi.nlm.nih.gov/protein/XP_003293476.1																																															XP_003293476.1	XM_003293428.1	https://www.ncbi.nlm.nih.gov/protein/XP_003293476.1	https://www.ncbi.nlm.nih.gov/nucleotide/XM_003293428.1																																								
F1A1D6	GL871369	https://www.ebi.ac.uk/ena/browser/view/GL871369																											MG262466	https://www.ebi.ac.uk/ena/browser/view/MG262466																													AXN72974.1	https://www.ebi.ac.uk/ena/browser/view/AXN72974.1	EGC29993.1	https://www.ebi.ac.uk/ena/browser/view/EGC29993.1	XP_003293477.1	https://www.ncbi.nlm.nih.gov/protein/XP_003293477.1																																															XP_003293477.1	XM_003293429.1	https://www.ncbi.nlm.nih.gov/protein/XP_003293477.1	https://www.ncbi.nlm.nih.gov/nucleotide/XM_003293429.1																																								
F1A3V1	GL871479	https://www.ebi.ac.uk/ena/browser/view/GL871479																											MG262468	https://www.ebi.ac.uk/ena/browser/view/MG262468																													AXN72976.1	https://www.ebi.ac.uk/ena/browser/view/AXN72976.1	EGC29128.1	https://www.ebi.ac.uk/ena/browser/view/EGC29128.1	XP_003294344.1	https://www.ncbi.nlm.nih.gov/protein/XP_003294344.1																																															XP_003294344.1	XM_003294296.1	https://www.ncbi.nlm.nih.gov/protein/XP_003294344.1	https://www.ncbi.nlm.nih.gov/nucleotide/XM_003294296.1																																								
F4Q7D4	GL883024	https://www.ebi.ac.uk/ena/browser/view/GL883024																											MG262460	https://www.ebi.ac.uk/ena/browser/view/MG262460																													AXN72968.1	https://www.ebi.ac.uk/ena/browser/view/AXN72968.1	EGG16316.1	https://www.ebi.ac.uk/ena/browser/view/EGG16316.1	XP_004354700.1	https://www.ncbi.nlm.nih.gov/protein/XP_004354700.1																																															XP_004354700.1	XM_004354648.1	https://www.ncbi.nlm.nih.gov/protein/XP_004354700.1	https://www.ncbi.nlm.nih.gov/nucleotide/XM_004354648.1																																								
F6M8H4	JF746807	https://www.ebi.ac.uk/ena/browser/view/JF746807																																																									AEF32534.1	https://www.ebi.ac.uk/ena/browser/view/AEF32534.1																																																																																														
F6M8H5	JF746808	https://www.ebi.ac.uk/ena/browser/view/JF746808																																																									AEF32535.1	https://www.ebi.ac.uk/ena/browser/view/AEF32535.1																																																																																														
F6M8H6	JF746809	https://www.ebi.ac.uk/ena/browser/view/JF746809																																																									AEF32536.1	https://www.ebi.ac.uk/ena/browser/view/AEF32536.1																																																																																														
F6M8H7	JF746810	https://www.ebi.ac.uk/ena/browser/view/JF746810																																																									AEF32537.1	https://www.ebi.ac.uk/ena/browser/view/AEF32537.1																																																																																														
F6M8H8	JF746811	https://www.ebi.ac.uk/ena/browser/view/JF746811																																																									AEF32533.1	https://www.ebi.ac.uk/ena/browser/view/AEF32533.1																																																																																														
G2P5T1	CP002994	https://www.ebi.ac.uk/ena/browser/view/CP002994																																																									AEM85259.1	https://www.ebi.ac.uk/ena/browser/view/AEM85259.1	WP_014058745.1	https://www.ncbi.nlm.nih.gov/protein/WP_014058745.1																																																	WP_014058745.1	NC_015957.1	https://www.ncbi.nlm.nih.gov/protein/WP_014058745.1	https://www.ncbi.nlm.nih.gov/nucleotide/NC_015957.1																																								
H2DH23																													JN604544	https://www.ebi.ac.uk/ena/browser/view/JN604544																													AEY75220.1	https://www.ebi.ac.uk/ena/browser/view/AEY75220.1																																																																																														
I1RL12	HG970333	https://www.ebi.ac.uk/ena/browser/view/HG970333																																																									CEF79624.1	https://www.ebi.ac.uk/ena/browser/view/CEF79624.1	XP_011320992.1	https://www.ncbi.nlm.nih.gov/protein/XP_011320992.1																																																	XP_011320992.1	XM_011322690.1	https://www.ncbi.nlm.nih.gov/protein/XP_011320992.1	https://www.ncbi.nlm.nih.gov/nucleotide/XM_011322690.1																																								
I2N045	CP029159	https://www.ebi.ac.uk/ena/browser/view/CP029159																																																									EIF90392.1	https://www.ebi.ac.uk/ena/browser/view/EIF90392.1	WP_006348711.1	https://www.ncbi.nlm.nih.gov/protein/WP_006348711.1																																																	WP_006348711.1	NZ_CP029159.1	https://www.ncbi.nlm.nih.gov/protein/WP_006348711.1	https://www.ncbi.nlm.nih.gov/nucleotide/NZ_CP029159.1																																								
J7FIP9	JN613321	https://www.ebi.ac.uk/ena/browser/view/JN613321																																																									AFO85423.1	https://www.ebi.ac.uk/ena/browser/view/AFO85423.1																																																																																														
J9R393	GL377583	https://www.ebi.ac.uk/ena/browser/view/GL377583																											JX413788	https://www.ebi.ac.uk/ena/browser/view/JX413788																													AFR34008.1	https://www.ebi.ac.uk/ena/browser/view/AFR34008.1	EFJ26774.1	https://www.ebi.ac.uk/ena/browser/view/EFJ26774.1																																																																																												
K7WDC8	MF614104	https://www.ebi.ac.uk/ena/browser/view/MF614104	MF614105	https://www.ebi.ac.uk/ena/browser/view/MF614105	MF614107	https://www.ebi.ac.uk/ena/browser/view/MF614107	MF614108	https://www.ebi.ac.uk/ena/browser/view/MF614108	MF614109	https://www.ebi.ac.uk/ena/browser/view/MF614109	CM000785	https://www.ebi.ac.uk/ena/browser/view/CM000785																																															ATI25520.1	https://www.ebi.ac.uk/ena/browser/view/ATI25520.1	ATI25521.1	https://www.ebi.ac.uk/ena/browser/view/ATI25521.1	ATI25522.1	https://www.ebi.ac.uk/ena/browser/view/ATI25522.1	ATI25523.1	https://www.ebi.ac.uk/ena/browser/view/ATI25523.1	ATI25524.1	https://www.ebi.ac.uk/ena/browser/view/ATI25524.1	AQL06449.1	https://www.ebi.ac.uk/ena/browser/view/AQL06449.1																																																																																				
M5AW86	AB735674	https://www.ebi.ac.uk/ena/browser/view/AB735674																																																									BAN05296.1	https://www.ebi.ac.uk/ena/browser/view/BAN05296.1																																																																																														
O13489	AF009416	https://www.ebi.ac.uk/ena/browser/view/AF009416																																																									AAC49957.1	https://www.ebi.ac.uk/ena/browser/view/AAC49957.1																																																																																														
O34707	AF008220	https://www.ebi.ac.uk/ena/browser/view/AF008220	AL009126	https://www.ebi.ac.uk/ena/browser/view/AL009126																																																							AAC00246.1	https://www.ebi.ac.uk/ena/browser/view/AAC00246.1	CAB15028.1	https://www.ebi.ac.uk/ena/browser/view/CAB15028.1	WP_004399076.1	https://www.ncbi.nlm.nih.gov/protein/WP_004399076.1																																															WP_004399076.1	NC_000964.3	https://www.ncbi.nlm.nih.gov/protein/WP_004399076.1	https://www.ncbi.nlm.nih.gov/nucleotide/NC_000964.3																																								
O59947	AF053926	https://www.ebi.ac.uk/ena/browser/view/AF053926																																																									AAC12640.1	https://www.ebi.ac.uk/ena/browser/view/AAC12640.1																																																																																														
P09347	D14680	https://www.ebi.ac.uk/ena/browser/view/D14680	M13471	https://www.ebi.ac.uk/ena/browser/view/M13471																																																							BAA03511.1	https://www.ebi.ac.uk/ena/browser/view/BAA03511.1	AAA25762.1	https://www.ebi.ac.uk/ena/browser/view/AAA25762.1																																																																																												
P0CJ42	Z97341	https://www.ebi.ac.uk/ena/browser/view/Z97341	AL161544	https://www.ebi.ac.uk/ena/browser/view/AL161544	CP002687	https://www.ebi.ac.uk/ena/browser/view/CP002687																																																					CAB10448.1	https://www.ebi.ac.uk/ena/browser/view/CAB10448.1	CAB78715.1	https://www.ebi.ac.uk/ena/browser/view/CAB78715.1	AEE83792.1	https://www.ebi.ac.uk/ena/browser/view/AEE83792.1	NP_193406.3	https://www.ncbi.nlm.nih.gov/protein/NP_193406.3																																													NP_193406.3	NM_117774.4	https://www.ncbi.nlm.nih.gov/protein/NP_193406.3	https://www.ncbi.nlm.nih.gov/nucleotide/NM_117774.4																																								
P0DO47																													JN402398	https://www.ebi.ac.uk/ena/browser/view/JN402398																																																																																																																												
P0DO48																													JN402397	https://www.ebi.ac.uk/ena/browser/view/JN402397																																																																																																																												
P0DPK6																																																																																																																																																										
P0DXW0																																																																																																																																																										
P0DXW1	MW768702	https://www.ebi.ac.uk/ena/browser/view/MW768702																																																									QUF61545.1	https://www.ebi.ac.uk/ena/browser/view/QUF61545.1																																																																																														
P0DY23	MU403194	https://www.ebi.ac.uk/ena/browser/view/MU403194																																																									KAI1452419.1	https://www.ebi.ac.uk/ena/browser/view/KAI1452419.1																																																																																														
P27679	M64348	https://www.ebi.ac.uk/ena/browser/view/M64348																																																									AAB02038.1	https://www.ebi.ac.uk/ena/browser/view/AAB02038.1																																																																																														
P53800																													U46000	https://www.ebi.ac.uk/ena/browser/view/U46000																													AAA87048.1	https://www.ebi.ac.uk/ena/browser/view/AAA87048.1																																																																																														
P59954	LT708304	https://www.ebi.ac.uk/ena/browser/view/LT708304																																																									SIU00032.1	https://www.ebi.ac.uk/ena/browser/view/SIU00032.1	WP_003407260.1	https://www.ncbi.nlm.nih.gov/protein/WP_003407260.1																																																	WP_003407260.1	NC_002945.4	https://www.ncbi.nlm.nih.gov/protein/WP_003407260.1	https://www.ncbi.nlm.nih.gov/nucleotide/NC_002945.4																																								
P85964																																																																																																																																																										
P9WEF8	MU403194	https://www.ebi.ac.uk/ena/browser/view/MU403194																																																									KAI1452421.1	https://www.ebi.ac.uk/ena/browser/view/KAI1452421.1																																																																																														
P9WEG2	MU403194	https://www.ebi.ac.uk/ena/browser/view/MU403194																																																									KAI1452414.1	https://www.ebi.ac.uk/ena/browser/view/KAI1452414.1																																																																																														
P9WEG3	MU403194	https://www.ebi.ac.uk/ena/browser/view/MU403194																																																									KAI1452415.1	https://www.ebi.ac.uk/ena/browser/view/KAI1452415.1																																																																																														
P9WER1	MT383109	https://www.ebi.ac.uk/ena/browser/view/MT383109																																																									QOE88884.1	https://www.ebi.ac.uk/ena/browser/view/QOE88884.1																																																																																														
P9WER3	MT383109	https://www.ebi.ac.uk/ena/browser/view/MT383109																																																									QOE88886.1	https://www.ebi.ac.uk/ena/browser/view/QOE88886.1																																																																																														
P9WPN2	AE000516	https://www.ebi.ac.uk/ena/browser/view/AE000516																																																									AAK45704.1	https://www.ebi.ac.uk/ena/browser/view/AAK45704.1	WP_003407260.1	https://www.ncbi.nlm.nih.gov/protein/WP_003407260.1																																																	WP_003407260.1	NC_002755.2	https://www.ncbi.nlm.nih.gov/protein/WP_003407260.1	https://www.ncbi.nlm.nih.gov/nucleotide/NC_002755.2																																								
P9WPN3	AL123456	https://www.ebi.ac.uk/ena/browser/view/AL123456																																																									CCP44153.1	https://www.ebi.ac.uk/ena/browser/view/CCP44153.1	WP_003911514.1	https://www.ncbi.nlm.nih.gov/protein/WP_003911514.1	YP_177807.1	https://www.ncbi.nlm.nih.gov/protein/YP_177807.1																																															WP_003911514.1	NC_000962.3	https://www.ncbi.nlm.nih.gov/protein/WP_003911514.1	https://www.ncbi.nlm.nih.gov/nucleotide/NC_000962.3	YP_177807.1	NC_000962.3	https://www.ncbi.nlm.nih.gov/protein/YP_177807.1	https://www.ncbi.nlm.nih.gov/nucleotide/NC_000962.3																																				
Q00835	U15658	https://www.ebi.ac.uk/ena/browser/view/U15658																																																									AAA50765.1	https://www.ebi.ac.uk/ena/browser/view/AAA50765.1																																																																																														
Q15FB1	DQ443465	https://www.ebi.ac.uk/ena/browser/view/DQ443465																																																									ABF20226.1	https://www.ebi.ac.uk/ena/browser/view/ABF20226.1																																																																																														
Q45221	U12678	https://www.ebi.ac.uk/ena/browser/view/U12678	BA000040	https://www.ebi.ac.uk/ena/browser/view/BA000040																																																							AAC28895.1	https://www.ebi.ac.uk/ena/browser/view/AAC28895.1	BAC47414.1	https://www.ebi.ac.uk/ena/browser/view/BAC47414.1	WP_026312707.1	https://www.ncbi.nlm.nih.gov/protein/WP_026312707.1																																															WP_026312707.1	NC_004463.1	https://www.ncbi.nlm.nih.gov/protein/WP_026312707.1	https://www.ncbi.nlm.nih.gov/nucleotide/NC_004463.1																																								
Q4WLC9	AAHF01000006	https://www.ebi.ac.uk/ena/browser/view/AAHF01000006																																																									EAL89235.1	https://www.ebi.ac.uk/ena/browser/view/EAL89235.1	XP_751273.1	https://www.ncbi.nlm.nih.gov/protein/XP_751273.1																																																	XP_751273.1	XM_746180.1	https://www.ncbi.nlm.nih.gov/protein/XP_751273.1	https://www.ncbi.nlm.nih.gov/nucleotide/XM_746180.1																																								
Q5AR28	AACD01000172	https://www.ebi.ac.uk/ena/browser/view/AACD01000172	BN001308	https://www.ebi.ac.uk/ena/browser/view/BN001308																																																							EAA66319.1	https://www.ebi.ac.uk/ena/browser/view/EAA66319.1	CBF87251.1	https://www.ebi.ac.uk/ena/browser/view/CBF87251.1																																																																																												
Q5UQ90	AY653733	https://www.ebi.ac.uk/ena/browser/view/AY653733																																																									AAV50796.1	https://www.ebi.ac.uk/ena/browser/view/AAV50796.1																																																																																														
Q6A1B7	AJ784992	https://www.ebi.ac.uk/ena/browser/view/AJ784992																																																									CAH05021.1	https://www.ebi.ac.uk/ena/browser/view/CAH05021.1																																																																																														
Q6BE23																													AB116239	https://www.ebi.ac.uk/ena/browser/view/AB116239																													BAD34646.1	https://www.ebi.ac.uk/ena/browser/view/BAD34646.1																																																																																														
Q6Z2X6	AP005294	https://www.ebi.ac.uk/ena/browser/view/AP005294	AP008208	https://www.ebi.ac.uk/ena/browser/view/AP008208	AP014958	https://www.ebi.ac.uk/ena/browser/view/AP014958																							AK121211	https://www.ebi.ac.uk/ena/browser/view/AK121211	AF169966	https://www.ebi.ac.uk/ena/browser/view/AF169966																											BAD10254.1	https://www.ebi.ac.uk/ena/browser/view/BAD10254.1	BAF07762.1	https://www.ebi.ac.uk/ena/browser/view/BAF07762.1	BAS76910.1	https://www.ebi.ac.uk/ena/browser/view/BAS76910.1	BAH00370.1	https://www.ebi.ac.uk/ena/browser/view/BAH00370.1	AAF03375.1	https://www.ebi.ac.uk/ena/browser/view/AAF03375.1																																																																																						
Q7LJF8	AY102600	https://www.ebi.ac.uk/ena/browser/view/AY102600	AY102601	https://www.ebi.ac.uk/ena/browser/view/AY102601																																																							AAM49014.1	https://www.ebi.ac.uk/ena/browser/view/AAM49014.1	AAM49022.1	https://www.ebi.ac.uk/ena/browser/view/AAM49022.1																																																																																												
Q7LJR6	AY102576	https://www.ebi.ac.uk/ena/browser/view/AY102576	AY102577	https://www.ebi.ac.uk/ena/browser/view/AY102577	AY102578	https://www.ebi.ac.uk/ena/browser/view/AY102578																																																					AAM48822.1	https://www.ebi.ac.uk/ena/browser/view/AAM48822.1	AAM48830.1	https://www.ebi.ac.uk/ena/browser/view/AAM48830.1	AAM48838.1	https://www.ebi.ac.uk/ena/browser/view/AAM48838.1																																																																																										
Q8L5K3																													AF514287	https://www.ebi.ac.uk/ena/browser/view/AF514287																													AAM53944.1	https://www.ebi.ac.uk/ena/browser/view/AAM53944.1																																																																																														
Q8NIC1	AY102569	https://www.ebi.ac.uk/ena/browser/view/AY102569	AY102572	https://www.ebi.ac.uk/ena/browser/view/AY102572	AY102574	https://www.ebi.ac.uk/ena/browser/view/AY102574																																																					AAM48766.1	https://www.ebi.ac.uk/ena/browser/view/AAM48766.1	AAM48790.1	https://www.ebi.ac.uk/ena/browser/view/AAM48790.1	AAM48806.1	https://www.ebi.ac.uk/ena/browser/view/AAM48806.1																																																																																										
Q8NIC8	AY102586	https://www.ebi.ac.uk/ena/browser/view/AY102586	AY102592	https://www.ebi.ac.uk/ena/browser/view/AY102592	AY102593	https://www.ebi.ac.uk/ena/browser/view/AY102593																																																					AAM48902.1	https://www.ebi.ac.uk/ena/browser/view/AAM48902.1	AAM48950.1	https://www.ebi.ac.uk/ena/browser/view/AAM48950.1	AAM48958.1	https://www.ebi.ac.uk/ena/browser/view/AAM48958.1																																																																																										
Q8NID7	AY102580	https://www.ebi.ac.uk/ena/browser/view/AY102580	AY102582	https://www.ebi.ac.uk/ena/browser/view/AY102582	AY102583	https://www.ebi.ac.uk/ena/browser/view/AY102583	AY102585	https://www.ebi.ac.uk/ena/browser/view/AY102585																																																			AAM48854.1	https://www.ebi.ac.uk/ena/browser/view/AAM48854.1	AAM48870.1	https://www.ebi.ac.uk/ena/browser/view/AAM48870.1	AAM48878.1	https://www.ebi.ac.uk/ena/browser/view/AAM48878.1	AAM48894.1	https://www.ebi.ac.uk/ena/browser/view/AAM48894.1																																																																																								
Q8NIG9	AY102571	https://www.ebi.ac.uk/ena/browser/view/AY102571	AY102602	https://www.ebi.ac.uk/ena/browser/view/AY102602	AY130291	https://www.ebi.ac.uk/ena/browser/view/AY130291																																																					AAM48782.1	https://www.ebi.ac.uk/ena/browser/view/AAM48782.1	AAM49030.1	https://www.ebi.ac.uk/ena/browser/view/AAM49030.1	AAN05033.1	https://www.ebi.ac.uk/ena/browser/view/AAN05033.1																																																																																										
Q8NIH0	AY102589	https://www.ebi.ac.uk/ena/browser/view/AY102589	AY102596	https://www.ebi.ac.uk/ena/browser/view/AY102596																																																							AAM48926.1	https://www.ebi.ac.uk/ena/browser/view/AAM48926.1	AAM48982.1	https://www.ebi.ac.uk/ena/browser/view/AAM48982.1																																																																																												
Q8NIH3	AY102579	https://www.ebi.ac.uk/ena/browser/view/AY102579	AY102594	https://www.ebi.ac.uk/ena/browser/view/AY102594	AY102595	https://www.ebi.ac.uk/ena/browser/view/AY102595	AY102597	https://www.ebi.ac.uk/ena/browser/view/AY102597																																																			AAM48846.1	https://www.ebi.ac.uk/ena/browser/view/AAM48846.1	AAM48966.1	https://www.ebi.ac.uk/ena/browser/view/AAM48966.1	AAM48974.1	https://www.ebi.ac.uk/ena/browser/view/AAM48974.1	AAM48990.1	https://www.ebi.ac.uk/ena/browser/view/AAM48990.1																																																																																								
Q8NIH6	AY102575	https://www.ebi.ac.uk/ena/browser/view/AY102575	AY102590	https://www.ebi.ac.uk/ena/browser/view/AY102590	AY102604	https://www.ebi.ac.uk/ena/browser/view/AY102604																																																					AAM48814.1	https://www.ebi.ac.uk/ena/browser/view/AAM48814.1	AAM48934.1	https://www.ebi.ac.uk/ena/browser/view/AAM48934.1	AAM49046.1	https://www.ebi.ac.uk/ena/browser/view/AAM49046.1																																																																																										
Q8NJA1	AY102598	https://www.ebi.ac.uk/ena/browser/view/AY102598																																																									AAM48998.1	https://www.ebi.ac.uk/ena/browser/view/AAM48998.1																																																																																														
Q9C748	AC073555	https://www.ebi.ac.uk/ena/browser/view/AC073555	CP002684	https://www.ebi.ac.uk/ena/browser/view/CP002684																									DQ446343	https://www.ebi.ac.uk/ena/browser/view/DQ446343																													AAG60132.1	https://www.ebi.ac.uk/ena/browser/view/AAG60132.1	AEE32351.1	https://www.ebi.ac.uk/ena/browser/view/AEE32351.1	ABE65702.1	https://www.ebi.ac.uk/ena/browser/view/ABE65702.1	NP_175312.1	https://www.ncbi.nlm.nih.gov/protein/NP_175312.1																																													NP_175312.1	NM_103775.2	https://www.ncbi.nlm.nih.gov/protein/NP_175312.1	https://www.ncbi.nlm.nih.gov/nucleotide/NM_103775.2																																								
Q9F1V8	AB040071	https://www.ebi.ac.uk/ena/browser/view/AB040071																																																									BAB20507.1	https://www.ebi.ac.uk/ena/browser/view/BAB20507.1	WP_030703894.1	https://www.ncbi.nlm.nih.gov/protein/WP_030703894.1																																																	WP_030703894.1	NZ_JBEZCT010000085.1	https://www.ncbi.nlm.nih.gov/protein/WP_030703894.1	https://www.ncbi.nlm.nih.gov/nucleotide/NZ_JBEZCT010000085.1																																								
Q9LRH8																													AB034802	https://www.ebi.ac.uk/ena/browser/view/AB034802																													BAA97558.1	https://www.ebi.ac.uk/ena/browser/view/BAA97558.1																																																																																														
Q9LS68	AB026657	https://www.ebi.ac.uk/ena/browser/view/AB026657	CP002686	https://www.ebi.ac.uk/ena/browser/view/CP002686																																																							BAB01823.1	https://www.ebi.ac.uk/ena/browser/view/BAB01823.1	AEE77558.1	https://www.ebi.ac.uk/ena/browser/view/AEE77558.1	NP_001154653.1	https://www.ncbi.nlm.nih.gov/protein/NP_001154653.1																																															NP_001154653.1	NM_001161181.1	https://www.ncbi.nlm.nih.gov/protein/NP_001154653.1	https://www.ncbi.nlm.nih.gov/nucleotide/NM_001161181.1																																								
Q9VFJ0	AE014297	https://www.ebi.ac.uk/ena/browser/view/AE014297																																																									AAF55065.2	https://www.ebi.ac.uk/ena/browser/view/AAF55065.2	NP_650368.1	https://www.ncbi.nlm.nih.gov/protein/NP_650368.1																																																	NP_650368.1	NM_142111.2	https://www.ncbi.nlm.nih.gov/protein/NP_650368.1	https://www.ncbi.nlm.nih.gov/nucleotide/NM_142111.2																																								
S0ENM8	HF679033	https://www.ebi.ac.uk/ena/browser/view/HF679033																																																									CCT75704.1	https://www.ebi.ac.uk/ena/browser/view/CCT75704.1																																																																																														
W8X9R5	HG916765	https://www.ebi.ac.uk/ena/browser/view/HG916765																																																									CDM25285.1	https://www.ebi.ac.uk/ena/browser/view/CDM25285.1	WP_043683936.1	https://www.ncbi.nlm.nih.gov/protein/WP_043683936.1																																																	WP_043683936.1	NZ_HG916765.1	https://www.ncbi.nlm.nih.gov/protein/WP_043683936.1	https://www.ncbi.nlm.nih.gov/nucleotide/NZ_HG916765.1																																								
A0A5Q0QRK8	MN146034	https://www.ebi.ac.uk/ena/browser/view/MN146034																																																									QGA30887.1	https://www.ebi.ac.uk/ena/browser/view/QGA30887.1																																																																																														
B6HUQ5	AM920437	https://www.ebi.ac.uk/ena/browser/view/AM920437																																																									CAP99571.1	https://www.ebi.ac.uk/ena/browser/view/CAP99571.1																																																																																														
P0CV97																																																											CAD57091.1	https://www.ebi.ac.uk/ena/browser/view/CAD57091.1																																																																																														
P55537	U00090	https://www.ebi.ac.uk/ena/browser/view/U00090																																																									AAB91750.1	https://www.ebi.ac.uk/ena/browser/view/AAB91750.1	WP_010875302.1	https://www.ncbi.nlm.nih.gov/protein/WP_010875302.1																																																	WP_010875302.1	NC_000914.2	https://www.ncbi.nlm.nih.gov/protein/WP_010875302.1	https://www.ncbi.nlm.nih.gov/nucleotide/NC_000914.2																																								
P55538	U00090	https://www.ebi.ac.uk/ena/browser/view/U00090																																																									AAB91751.1	https://www.ebi.ac.uk/ena/browser/view/AAB91751.1	WP_010875301.1	https://www.ncbi.nlm.nih.gov/protein/WP_010875301.1																																																	WP_010875301.1	NC_000914.2	https://www.ncbi.nlm.nih.gov/protein/WP_010875301.1	https://www.ncbi.nlm.nih.gov/nucleotide/NC_000914.2																																								
Q45222	U12678	https://www.ebi.ac.uk/ena/browser/view/U12678	BA000040	https://www.ebi.ac.uk/ena/browser/view/BA000040																																																							AAC28896.1	https://www.ebi.ac.uk/ena/browser/view/AAC28896.1	BAC47415.1	https://www.ebi.ac.uk/ena/browser/view/BAC47415.1	WP_011084944.1	https://www.ncbi.nlm.nih.gov/protein/WP_011084944.1																																															WP_011084944.1	NC_004463.1	https://www.ncbi.nlm.nih.gov/protein/WP_011084944.1	https://www.ncbi.nlm.nih.gov/nucleotide/NC_004463.1																																								
